SET FOREIGN_KEY_CHECKS=0;

DROP TABLE IF EXISTS Team CASCADE;

DROP TABLE IF EXISTS GamePlay CASCADE;

DROP TABLE IF EXISTS PlayerHas CASCADE;

DROP TABLE IF EXISTS Career CASCADE;

DROP TABLE IF EXISTS Coach CASCADE;

DROP TABLE IF EXISTS Attends CASCADE;

DROP TABLE IF EXISTS User_likeTeam CASCADE;

DROP TABLE IF EXISTS User_likePlayer CASCADE;

DROP TABLE IF EXISTS Users CASCADE;

SET FOREIGN_KEY_CHECKS=1;

CREATE TABLE Team (
  name  VARCHAR(255)  PRIMARY KEY,
  city    VARCHAR(255),
  num_win INTEGER,
  num_loss INTEGER
);

CREATE TABLE GamePlay(
  team1 VARCHAR(255) NOT NULL,
  team2 VARCHAR(255) NOT NULL,
  game_time DATETIME,
  game_location VARCHAR(255),
  team1_score INTEGER,
  team2_score INTEGER,
  PRIMARY KEY(game_time, game_location),
  FOREIGN KEY(team1) REFERENCES Team (name)
    ON DELETE CASCADE
    ON UPDATE CASCADE,
  FOREIGN KEY(team2) REFERENCES Team (name)
    ON DELETE CASCADE
    ON UPDATE CASCADE
);

CREATE TABLE PlayerHas (
  name   VARCHAR(255) PRIMARY KEY,
  nationality VARCHAR(255),
  age INTEGER,
  jersey_Num INTEGER,
  teamName VARCHAR(255) NOT NULL,
  FOREIGN KEY (teamName) REFERENCES Team (name)
);

CREATE TABLE Career (
  player_name VARCHAR(255),
  MVP_Num INTEGER,
  AllStar_Num INTEGER,
  draft VARCHAR(255) PRIMARY KEY,
  UNIQUE (player_name),
  FOREIGN KEY (player_name) REFERENCES PlayerHas (name)
  ON DELETE CASCADE
  ON UPDATE CASCADE
);


CREATE TABLE Coach (
  coachName VARCHAR(255),
  college    VARCHAR(255),
  isAssistant  CHAR(1),
  teamName    VARCHAR(255),
  winNumber   INTEGER,
  loseNumber  INTEGER,
  PRIMARY KEY (coachName),
  FOREIGN KEY (teamName) REFERENCES Team (name)
  ON DELETE CASCADE
  ON UPDATE CASCADE
);

CREATE TABLE Attends (
  player_name VARCHAR(255),
  game_time DATETIME,
  game_location VARCHAR(255),
  points INTEGER,
  rebounds INTEGER,
  assists INTEGER,
  blocks INTEGER,
  steals INTEGER,
  PRIMARY KEY (player_name, game_time, game_location),
  FOREIGN KEY (player_name) REFERENCES PlayerHas (name)
  ON DELETE CASCADE
  ON UPDATE CASCADE,
  FOREIGN KEY (game_time, game_location) REFERENCES GamePlay (game_time, game_location)
  ON DELETE CASCADE
  ON UPDATE CASCADE
);

CREATE TABLE Users (
  userID VARCHAR(255) PRIMARY KEY,
  isAdmin CHAR(1),
  password VARCHAR(255)
# CHECK (CHAR_LENGTH(password) >= 8))
);

CREATE TABLE User_likeTeam(
  UserID  VARCHAR(255),
  team_name VARCHAR(255),
  PRIMARY KEY (UserID, team_name),
  FOREIGN KEY (UserID) REFERENCES Users (userID)
  ON DELETE CASCADE
  ON UPDATE CASCADE,
  FOREIGN KEY (team_name) REFERENCES Team (name)
  ON DELETE CASCADE
  ON UPDATE CASCADE
);

CREATE TABLE User_likePlayer(
  UserID  VARCHAR(255),
  player_name VARCHAR(255),
  PRIMARY KEY (UserID, player_name),
  FOREIGN KEY (UserID) REFERENCES Users (userID)
  ON DELETE CASCADE
  ON UPDATE CASCADE,
  FOREIGN KEY (player_name) REFERENCES PlayerHas (name)
  ON DELETE CASCADE
  ON UPDATE CASCADE
);

INSERT INTO Users VALUES ('admin_user', 'Y', 'password');
INSERT INTO Users VALUES ('normal_user', 'N', 'password');
INSERT INTO TEAM VALUES ('Oklahoma City Thunder', 'Oklahoma City', 2, 8);
INSERT INTO TEAM VALUES ('Toronto Raptors', 'Toronto', 5, 6);
INSERT INTO TEAM VALUES ('Utah Jazz', 'Utah', 6, 4);
INSERT INTO TEAM VALUES ('Memphis Grizzlies', 'Memphis', 9, 3);
INSERT INTO TEAM VALUES ('Miami Heat', 'Miami', 6, 6);
INSERT INTO TEAM VALUES ('Milwaukee Bucks', 'Milwaukee', 7, 4);
INSERT INTO TEAM VALUES ('Dallas Mavericks', 'Dallas', 6, 8);
INSERT INTO TEAM VALUES ('Denver Nuggets', 'Denver', 8, 4);
INSERT INTO TEAM VALUES ('New Orleans Pelicans', 'New Orleans', 7, 4);
INSERT INTO TEAM VALUES ('Chicago Bulls', 'Chicago', 6, 5);
INSERT INTO TEAM VALUES ('LA Clippers', 'LA', 2, 9);
INSERT INTO TEAM VALUES ('Los Angeles Lakers', 'Los Angeles', 7, 6);
INSERT INTO TEAM VALUES ('Golden State Warriors', 'Golden State', 8, 4);
INSERT INTO TEAM VALUES ('Houston Rockets', 'Houston', 5, 7);
INSERT INTO TEAM VALUES ('Cleveland Cavaliers', 'Cleveland', 7, 5);
INSERT INTO TEAM VALUES ('Boston Celtics', 'Boston', 6, 5);
INSERT INTO TEAM VALUES ('Atlanta Hawks', 'Atlanta', 5, 7);
INSERT INTO TEAM VALUES ('San Antonio Spurs', 'San Antonio', 6, 6);
INSERT INTO TEAM VALUES ('Sacramento Kings', 'Sacramento', 6, 7);
INSERT INTO TEAM VALUES ('Brooklyn Nets', 'Brooklyn', 5, 7);
INSERT INTO TEAM VALUES ('Minnesota Timberwolves', 'Minnesota', 4, 6);
INSERT INTO TEAM VALUES ('Orlando Magic', 'Orlando', 3, 10);
INSERT INTO TEAM VALUES ('New York Knicks', 'New York', 5, 6);
INSERT INTO TEAM VALUES ('Philadelphia 76ers', 'Philadelphia', 8, 4);
INSERT INTO TEAM VALUES ('Indiana Pacers', 'Indiana', 7, 3);
INSERT INTO TEAM VALUES ('Portland Trail Blazers', 'Portland', 5, 7);
INSERT INTO TEAM VALUES ('Phoenix Suns', 'Phoenix', 6, 5);
INSERT INTO TEAM VALUES ('Washington Wizards', 'Washington', 6, 4);
INSERT INTO TEAM VALUES ('Detroit Pistons', 'Detroit', 6, 7);
INSERT INTO TEAM VALUES ('Charlotte Hornets', 'Charlotte', 5, 7);
INSERT INTO GAMEPLAY VALUES ('Golden State Warriors', 'Denver Nuggets', '2017-10-01 00:30:00', 'Golden State', 102, 108);
INSERT INTO GAMEPLAY VALUES ('Los Angeles Lakers', 'Minnesota Timberwolves', '2017-10-01 02:00:00', 'Los Angeles', 99, 108);
INSERT INTO GAMEPLAY VALUES ('Miami Heat', 'Atlanta Hawks', '2017-10-01 22:00:00', 'Miami', 96, 90);
INSERT INTO GAMEPLAY VALUES ('Toronto Raptors', 'LA Clippers', '2017-10-02 02:00:00', 'Toronto', 121, 113);
INSERT INTO GAMEPLAY VALUES ('Boston Celtics', 'Charlotte Hornets', '2017-10-02 23:30:00', 'Boston', 94, 82);
INSERT INTO GAMEPLAY VALUES ('Memphis Grizzlies', 'Orlando Magic', '2017-10-03 00:00:00', 'Memphis', 92, 84);
INSERT INTO GAMEPLAY VALUES ('Dallas Mavericks', 'Milwaukee Bucks', '2017-10-03 00:30:00', 'Dallas', 106, 104);
INSERT INTO GAMEPLAY VALUES ('Sacramento Kings', 'San Antonio Spurs', '2017-10-03 02:00:00', 'Sacramento', 106, 100);
INSERT INTO GAMEPLAY VALUES ('Los Angeles Lakers', 'Denver Nuggets', '2017-10-03 02:30:00', 'Los Angeles', 107, 113);
INSERT INTO GAMEPLAY VALUES ('New York Knicks', 'Brooklyn Nets', '2017-10-03 23:30:00', 'New York', 107, 115);
INSERT INTO GAMEPLAY VALUES ('New Orleans Pelicans', 'Chicago Bulls', '2017-10-04 00:00:00', 'New Orleans', 109, 113);
INSERT INTO GAMEPLAY VALUES ('Oklahoma City Thunder', 'Houston Rockets', '2017-10-04 00:00:00', 'Oklahoma City', 97, 104);
INSERT INTO GAMEPLAY VALUES ('Portland Trail Blazers', 'Phoenix Suns', '2017-10-04 02:00:00', 'Portland', 112, 114);
INSERT INTO GAMEPLAY VALUES ('LA Clippers', 'Toronto Raptors', '2017-10-04 05:00:00', 'LA', 98, 84);
INSERT INTO GAMEPLAY VALUES ('Philadelphia 76ers', 'Memphis Grizzlies', '2017-10-04 23:00:00', 'Philadelphia', 89, 110);
INSERT INTO GAMEPLAY VALUES ('Cleveland Cavaliers', 'Atlanta Hawks', '2017-10-04 23:00:00', 'Cleveland', 93, 109);
INSERT INTO GAMEPLAY VALUES ('Detroit Pistons', 'Charlotte Hornets', '2017-10-04 23:00:00', 'Detroit', 106, 108);
INSERT INTO GAMEPLAY VALUES ('Milwaukee Bucks', 'Indiana Pacers', '2017-10-05 00:00:00', 'Milwaukee', 86, 104);
INSERT INTO GAMEPLAY VALUES ('Dallas Mavericks', 'Chicago Bulls', '2017-10-05 00:30:00', 'Dallas', 118, 71);
INSERT INTO GAMEPLAY VALUES ('Los Angeles Lakers', 'Denver Nuggets', '2017-10-05 02:00:00', 'Los Angeles', 104, 122);
INSERT INTO GAMEPLAY VALUES ('Golden State Warriors', 'Minnesota Timberwolves', '2017-10-05 06:00:00', 'Golden State', 95, 111);
INSERT INTO GAMEPLAY VALUES ('Orlando Magic', 'Dallas Mavericks', '2017-10-05 23:00:00', 'Orlando', 112, 89);
INSERT INTO GAMEPLAY VALUES ('Brooklyn Nets', 'Miami Heat', '2017-10-05 23:30:00', 'Brooklyn', 107, 88);
INSERT INTO GAMEPLAY VALUES ('Portland Trail Blazers', 'Toronto Raptors', '2017-10-06 02:00:00', 'Portland', 106, 101);
INSERT INTO GAMEPLAY VALUES ('Philadelphia 76ers', 'Boston Celtics', '2017-10-06 23:00:00', 'Philadelphia', 102, 110);
INSERT INTO GAMEPLAY VALUES ('Washington Wizards', 'New York Knicks', '2017-10-06 23:00:00', 'Washington', 104, 100);
INSERT INTO GAMEPLAY VALUES ('Detroit Pistons', 'Atlanta Hawks', '2017-10-06 23:00:00', 'Detroit', 109, 87);
INSERT INTO GAMEPLAY VALUES ('Cleveland Cavaliers', 'Indiana Pacers', '2017-10-06 23:30:00', 'Cleveland', 102, 106);
INSERT INTO GAMEPLAY VALUES ('Chicago Bulls', 'Milwaukee Bucks', '2017-10-07 00:00:00', 'Chicago', 114, 101);
INSERT INTO GAMEPLAY VALUES ('Oklahoma City Thunder', 'New Orleans Pelicans', '2017-10-07 00:00:00', 'Oklahoma City', 102, 91);
INSERT INTO GAMEPLAY VALUES ('San Antonio Spurs', 'Sacramento Kings', '2017-10-07 00:30:00', 'San Antonio', 113, 93);
INSERT INTO GAMEPLAY VALUES ('Utah Jazz', 'Phoenix Suns', '2017-10-07 01:00:00', 'Utah', 112, 101);
INSERT INTO GAMEPLAY VALUES ('Orlando Magic', 'Miami Heat', '2017-10-07 23:00:00', 'Orlando', 93, 90);
INSERT INTO GAMEPLAY VALUES ('Minnesota Timberwolves', 'Golden State Warriors', '2017-10-08 11:00:00', 'Minnesota', 110, 142);
INSERT INTO GAMEPLAY VALUES ('Washington Wizards', 'Cleveland Cavaliers', '2017-10-08 19:00:00', 'Washington', 102, 94);
INSERT INTO GAMEPLAY VALUES ('LA Clippers', 'Portland Trail Blazers', '2017-10-08 19:30:00', 'LA', 106, 134);
INSERT INTO GAMEPLAY VALUES ('San Antonio Spurs', 'Denver Nuggets', '2017-10-08 20:00:00', 'San Antonio', 122, 100);
INSERT INTO GAMEPLAY VALUES ('Chicago Bulls', 'New Orleans Pelicans', '2017-10-08 23:00:00', 'Chicago', 95, 108);
INSERT INTO GAMEPLAY VALUES ('Brooklyn Nets', 'New York Knicks', '2017-10-08 23:30:00', 'Brooklyn', 117, 83);
INSERT INTO GAMEPLAY VALUES ('Los Angeles Lakers', 'Sacramento Kings', '2017-10-09 01:00:00', 'Los Angeles', 75, 69);
INSERT INTO GAMEPLAY VALUES ('Detroit Pistons', 'Indiana Pacers', '2017-10-09 23:00:00', 'Detroit', 107, 97);
INSERT INTO GAMEPLAY VALUES ('Boston Celtics', 'Philadelphia 76ers', '2017-10-09 23:30:00', 'Boston', 113, 96);
INSERT INTO GAMEPLAY VALUES ('New York Knicks', 'Houston Rockets', '2017-10-09 23:30:00', 'New York', 95, 117);
INSERT INTO GAMEPLAY VALUES ('Atlanta Hawks', 'Memphis Grizzlies', '2017-10-09 23:30:00', 'Atlanta', 100, 88);
INSERT INTO GAMEPLAY VALUES ('Miami Heat', 'Charlotte Hornets', '2017-10-09 23:30:00', 'Miami', 109, 106);
INSERT INTO GAMEPLAY VALUES ('Dallas Mavericks', 'Orlando Magic', '2017-10-10 00:30:00', 'Dallas', 99, 96);
INSERT INTO GAMEPLAY VALUES ('Phoenix Suns', 'Utah Jazz', '2017-10-10 02:00:00', 'Phoenix', 102, 120);
INSERT INTO GAMEPLAY VALUES ('Sacramento Kings', 'Portland Trail Blazers', '2017-10-10 02:00:00', 'Sacramento', 83, 97);
INSERT INTO GAMEPLAY VALUES ('Toronto Raptors', 'Detroit Pistons', '2017-10-10 23:00:00', 'Toronto', 116, 94);
INSERT INTO GAMEPLAY VALUES ('Cleveland Cavaliers', 'Chicago Bulls', '2017-10-11 00:00:00', 'Cleveland', 94, 108);
INSERT INTO GAMEPLAY VALUES ('San Antonio Spurs', 'Orlando Magic', '2017-10-11 00:30:00', 'San Antonio', 98, 103);
INSERT INTO GAMEPLAY VALUES ('Denver Nuggets', 'Oklahoma City Thunder', '2017-10-11 01:00:00', 'Denver', 86, 96);
INSERT INTO GAMEPLAY VALUES ('Los Angeles Lakers', 'Utah Jazz', '2017-10-11 02:30:00', 'Los Angeles', 99, 105);
INSERT INTO GAMEPLAY VALUES ('Charlotte Hornets', 'Boston Celtics', '2017-10-11 23:00:00', 'Charlotte', 100, 108);
INSERT INTO GAMEPLAY VALUES ('Brooklyn Nets', 'Philadelphia 76ers', '2017-10-11 23:30:00', 'Brooklyn', 114, 133);
INSERT INTO GAMEPLAY VALUES ('Miami Heat', 'Washington Wizards', '2017-10-11 23:30:00', 'Miami', 117, 115);
INSERT INTO GAMEPLAY VALUES ('Memphis Grizzlies', 'Houston Rockets', '2017-10-12 01:30:00', 'Memphis', 89, 101);
INSERT INTO GAMEPLAY VALUES ('Phoenix Suns', 'Portland Trail Blazers', '2017-10-12 02:00:00', 'Phoenix', 104, 113);
INSERT INTO GAMEPLAY VALUES ('Atlanta Hawks', 'Dallas Mavericks', '2017-10-12 23:30:00', 'Atlanta', 94, 108);
INSERT INTO GAMEPLAY VALUES ('LA Clippers', 'Sacramento Kings', '2017-10-13 02:30:00', 'LA', 104, 87);
INSERT INTO GAMEPLAY VALUES ('Charlotte Hornets', 'Dallas Mavericks', '2017-10-13 22:00:00', 'Charlotte', 111, 96);
INSERT INTO GAMEPLAY VALUES ('Orlando Magic', 'Cleveland Cavaliers', '2017-10-13 23:00:00', 'Orlando', 106, 113);
INSERT INTO GAMEPLAY VALUES ('New York Knicks', 'Washington Wizards', '2017-10-13 23:30:00', 'New York', 103, 110);
INSERT INTO GAMEPLAY VALUES ('Chicago Bulls', 'Toronto Raptors', '2017-10-14 00:00:00', 'Chicago', 104, 125);
INSERT INTO GAMEPLAY VALUES ('Memphis Grizzlies', 'New Orleans Pelicans', '2017-10-14 00:00:00', 'Memphis', 142, 101);
INSERT INTO GAMEPLAY VALUES ('Houston Rockets', 'San Antonio Spurs', '2017-10-14 00:00:00', 'Houston', 97, 106);
INSERT INTO GAMEPLAY VALUES ('Philadelphia 76ers', 'Miami Heat', '2017-10-14 00:30:00', 'Philadelphia', 119, 95);
INSERT INTO GAMEPLAY VALUES ('Milwaukee Bucks', 'Detroit Pistons', '2017-10-14 00:30:00', 'Milwaukee', 107, 103);
INSERT INTO GAMEPLAY VALUES ('Golden State Warriors', 'Sacramento Kings', '2017-10-14 02:30:00', 'Golden State', 117, 106);
INSERT INTO GAMEPLAY VALUES ('LA Clippers', 'Los Angeles Lakers', '2017-10-14 02:30:00', 'LA', 104, 111);
INSERT INTO GAMEPLAY VALUES ('Cleveland Cavaliers', 'Boston Celtics', '2017-10-18 00:00:00', 'Cleveland', 102, 99);
INSERT INTO GAMEPLAY VALUES ('Golden State Warriors', 'Houston Rockets', '2017-10-18 02:30:00', 'Golden State', 121, 122);
INSERT INTO GAMEPLAY VALUES ('Detroit Pistons', 'Charlotte Hornets', '2017-10-18 23:00:00', 'Detroit', 102, 90);
INSERT INTO GAMEPLAY VALUES ('Indiana Pacers', 'Brooklyn Nets', '2017-10-18 23:00:00', 'Indiana', 140, 131);
INSERT INTO GAMEPLAY VALUES ('Orlando Magic', 'Miami Heat', '2017-10-18 23:00:00', 'Orlando', 116, 109);
INSERT INTO GAMEPLAY VALUES ('Washington Wizards', 'Philadelphia 76ers', '2017-10-18 23:00:00', 'Washington', 120, 115);
INSERT INTO GAMEPLAY VALUES ('Boston Celtics', 'Milwaukee Bucks', '2017-10-18 23:30:00', 'Boston', 100, 108);
INSERT INTO GAMEPLAY VALUES ('Memphis Grizzlies', 'New Orleans Pelicans', '2017-10-19 00:00:00', 'Memphis', 103, 91);
INSERT INTO GAMEPLAY VALUES ('Dallas Mavericks', 'Atlanta Hawks', '2017-10-19 00:30:00', 'Dallas', 111, 117);
INSERT INTO GAMEPLAY VALUES ('Utah Jazz', 'Denver Nuggets', '2017-10-19 01:00:00', 'Utah', 106, 96);
INSERT INTO GAMEPLAY VALUES ('San Antonio Spurs', 'Minnesota Timberwolves', '2017-10-19 01:30:00', 'San Antonio', 107, 99);
INSERT INTO GAMEPLAY VALUES ('Phoenix Suns', 'Portland Trail Blazers', '2017-10-19 02:00:00', 'Phoenix', 76, 124);
INSERT INTO GAMEPLAY VALUES ('Sacramento Kings', 'Houston Rockets', '2017-10-19 02:00:00', 'Sacramento', 100, 105);
INSERT INTO GAMEPLAY VALUES ('Toronto Raptors', 'Chicago Bulls', '2017-10-19 23:30:00', 'Toronto', 117, 100);
INSERT INTO GAMEPLAY VALUES ('Oklahoma City Thunder', 'New York Knicks', '2017-10-20 00:00:00', 'Oklahoma City', 105, 84);
INSERT INTO GAMEPLAY VALUES ('Los Angeles Lakers', 'LA Clippers', '2017-10-20 02:30:00', 'Los Angeles', 92, 108);
INSERT INTO GAMEPLAY VALUES ('Charlotte Hornets', 'Atlanta Hawks', '2017-10-20 23:00:00', 'Charlotte', 109, 91);
INSERT INTO GAMEPLAY VALUES ('Indiana Pacers', 'Portland Trail Blazers', '2017-10-20 23:00:00', 'Indiana', 96, 114);
INSERT INTO GAMEPLAY VALUES ('Philadelphia 76ers', 'Boston Celtics', '2017-10-20 23:00:00', 'Philadelphia', 92, 102);
INSERT INTO GAMEPLAY VALUES ('Washington Wizards', 'Detroit Pistons', '2017-10-20 23:00:00', 'Washington', 115, 111);
INSERT INTO GAMEPLAY VALUES ('Milwaukee Bucks', 'Cleveland Cavaliers', '2017-10-20 23:00:00', 'Milwaukee', 97, 116);
INSERT INTO GAMEPLAY VALUES ('Brooklyn Nets', 'Orlando Magic', '2017-10-20 23:30:00', 'Brooklyn', 126, 121);
INSERT INTO GAMEPLAY VALUES ('Minnesota Timberwolves', 'Utah Jazz', '2017-10-21 00:00:00', 'Minnesota', 100, 97);
INSERT INTO GAMEPLAY VALUES ('Dallas Mavericks', 'Sacramento Kings', '2017-10-21 00:30:00', 'Dallas', 88, 93);
INSERT INTO GAMEPLAY VALUES ('New Orleans Pelicans', 'Golden State Warriors', '2017-10-21 01:30:00', 'New Orleans', 120, 128);
INSERT INTO GAMEPLAY VALUES ('Phoenix Suns', 'Los Angeles Lakers', '2017-10-21 02:00:00', 'Phoenix', 130, 132);
INSERT INTO GAMEPLAY VALUES ('Toronto Raptors', 'Philadelphia 76ers', '2017-10-21 23:30:00', 'Toronto', 128, 94);
INSERT INTO GAMEPLAY VALUES ('Cleveland Cavaliers', 'Orlando Magic', '2017-10-22 00:00:00', 'Cleveland', 93, 114);
INSERT INTO GAMEPLAY VALUES ('Miami Heat', 'Indiana Pacers', '2017-10-22 00:00:00', 'Miami', 112, 108);
INSERT INTO GAMEPLAY VALUES ('New York Knicks', 'Detroit Pistons', '2017-10-22 00:00:00', 'New York', 107, 111);
INSERT INTO GAMEPLAY VALUES ('Chicago Bulls', 'San Antonio Spurs', '2017-10-22 00:00:00', 'Chicago', 77, 87);
INSERT INTO GAMEPLAY VALUES ('Houston Rockets', 'Dallas Mavericks', '2017-10-22 00:00:00', 'Houston', 107, 91);
INSERT INTO GAMEPLAY VALUES ('Memphis Grizzlies', 'Golden State Warriors', '2017-10-22 00:00:00', 'Memphis', 111, 101);
INSERT INTO GAMEPLAY VALUES ('Milwaukee Bucks', 'Portland Trail Blazers', '2017-10-22 00:30:00', 'Milwaukee', 113, 110);
INSERT INTO GAMEPLAY VALUES ('Denver Nuggets', 'Sacramento Kings', '2017-10-22 01:00:00', 'Denver', 96, 79);
INSERT INTO GAMEPLAY VALUES ('Utah Jazz', 'Oklahoma City Thunder', '2017-10-22 01:00:00', 'Utah', 96, 87);
INSERT INTO GAMEPLAY VALUES ('LA Clippers', 'Phoenix Suns', '2017-10-22 02:30:00', 'LA', 130, 88);
INSERT INTO GAMEPLAY VALUES ('Brooklyn Nets', 'Atlanta Hawks', '2017-10-22 19:30:00', 'Brooklyn', 116, 104);
INSERT INTO GAMEPLAY VALUES ('Oklahoma City Thunder', 'Minnesota Timberwolves', '2017-10-22 23:00:00', 'Oklahoma City', 113, 115);
INSERT INTO GAMEPLAY VALUES ('Los Angeles Lakers', 'New Orleans Pelicans', '2017-10-23 01:30:00', 'Los Angeles', 112, 119);
INSERT INTO GAMEPLAY VALUES ('Detroit Pistons', 'Philadelphia 76ers', '2017-10-23 23:00:00', 'Detroit', 86, 97);
INSERT INTO GAMEPLAY VALUES ('Miami Heat', 'Atlanta Hawks', '2017-10-23 23:30:00', 'Miami', 104, 93);
INSERT INTO GAMEPLAY VALUES ('Houston Rockets', 'Memphis Grizzlies', '2017-10-24 00:00:00', 'Houston', 90, 98);
INSERT INTO GAMEPLAY VALUES ('Milwaukee Bucks', 'Charlotte Hornets', '2017-10-24 00:00:00', 'Milwaukee', 103, 94);
INSERT INTO GAMEPLAY VALUES ('Dallas Mavericks', 'Golden State Warriors', '2017-10-24 00:30:00', 'Dallas', 103, 133);
INSERT INTO GAMEPLAY VALUES ('San Antonio Spurs', 'Toronto Raptors', '2017-10-24 00:30:00', 'San Antonio', 101, 97);
INSERT INTO GAMEPLAY VALUES ('Denver Nuggets', 'Washington Wizards', '2017-10-24 01:00:00', 'Denver', 104, 109);
INSERT INTO GAMEPLAY VALUES ('Phoenix Suns', 'Sacramento Kings', '2017-10-24 02:00:00', 'Phoenix', 117, 115);
INSERT INTO GAMEPLAY VALUES ('Cleveland Cavaliers', 'Chicago Bulls', '2017-10-24 23:00:00', 'Cleveland', 119, 112);
INSERT INTO GAMEPLAY VALUES ('Orlando Magic', 'Brooklyn Nets', '2017-10-24 23:00:00', 'Orlando', 125, 121);
INSERT INTO GAMEPLAY VALUES ('Boston Celtics', 'New York Knicks', '2017-10-24 23:30:00', 'Boston', 110, 89);
INSERT INTO GAMEPLAY VALUES ('Minnesota Timberwolves', 'Indiana Pacers', '2017-10-25 00:00:00', 'Minnesota', 107, 130);
INSERT INTO GAMEPLAY VALUES ('Portland Trail Blazers', 'New Orleans Pelicans', '2017-10-25 02:00:00', 'Portland', 103, 93);
INSERT INTO GAMEPLAY VALUES ('LA Clippers', 'Utah Jazz', '2017-10-25 02:30:00', 'LA', 102, 84);
INSERT INTO GAMEPLAY VALUES ('Charlotte Hornets', 'Denver Nuggets', '2017-10-25 23:00:00', 'Charlotte', 110, 93);
INSERT INTO GAMEPLAY VALUES ('Detroit Pistons', 'Minnesota Timberwolves', '2017-10-25 23:00:00', 'Detroit', 122, 101);
INSERT INTO GAMEPLAY VALUES ('Philadelphia 76ers', 'Houston Rockets', '2017-10-25 23:00:00', 'Philadelphia', 104, 105);
INSERT INTO GAMEPLAY VALUES ('Brooklyn Nets', 'Cleveland Cavaliers', '2017-10-25 23:30:00', 'Brooklyn', 112, 107);
INSERT INTO GAMEPLAY VALUES ('Miami Heat', 'San Antonio Spurs', '2017-10-26 00:00:00', 'Miami', 100, 117);
INSERT INTO GAMEPLAY VALUES ('Oklahoma City Thunder', 'Indiana Pacers', '2017-10-26 00:00:00', 'Oklahoma City', 114, 96);
INSERT INTO GAMEPLAY VALUES ('Dallas Mavericks', 'Memphis Grizzlies', '2017-10-26 00:30:00', 'Dallas', 103, 94);
INSERT INTO GAMEPLAY VALUES ('Phoenix Suns', 'Utah Jazz', '2017-10-26 02:00:00', 'Phoenix', 97, 88);
INSERT INTO GAMEPLAY VALUES ('Golden State Warriors', 'Toronto Raptors', '2017-10-26 02:30:00', 'Golden State', 117, 112);
INSERT INTO GAMEPLAY VALUES ('Los Angeles Lakers', 'Washington Wizards', '2017-10-26 02:30:00', 'Los Angeles', 102, 99);
INSERT INTO GAMEPLAY VALUES ('Chicago Bulls', 'Atlanta Hawks', '2017-10-27 00:00:00', 'Chicago', 91, 86);
INSERT INTO GAMEPLAY VALUES ('Memphis Grizzlies', 'Dallas Mavericks', '2017-10-27 00:00:00', 'Memphis', 96, 91);
INSERT INTO GAMEPLAY VALUES ('Milwaukee Bucks', 'Boston Celtics', '2017-10-27 00:00:00', 'Milwaukee', 89, 96);
INSERT INTO GAMEPLAY VALUES ('Portland Trail Blazers', 'LA Clippers', '2017-10-27 02:00:00', 'Portland', 103, 104);
INSERT INTO GAMEPLAY VALUES ('Sacramento Kings', 'New Orleans Pelicans', '2017-10-27 02:30:00', 'Sacramento', 106, 114);
INSERT INTO GAMEPLAY VALUES ('Charlotte Hornets', 'Houston Rockets', '2017-10-27 23:00:00', 'Charlotte', 93, 109);
INSERT INTO GAMEPLAY VALUES ('Orlando Magic', 'San Antonio Spurs', '2017-10-27 23:00:00', 'Orlando', 114, 87);
INSERT INTO GAMEPLAY VALUES ('Atlanta Hawks', 'Denver Nuggets', '2017-10-27 23:30:00', 'Atlanta', 100, 105);
INSERT INTO GAMEPLAY VALUES ('New York Knicks', 'Brooklyn Nets', '2017-10-27 23:30:00', 'New York', 107, 86);
INSERT INTO GAMEPLAY VALUES ('Minnesota Timberwolves', 'Oklahoma City Thunder', '2017-10-28 00:00:00', 'Minnesota', 119, 116);
INSERT INTO GAMEPLAY VALUES ('Golden State Warriors', 'Washington Wizards', '2017-10-28 02:30:00', 'Golden State', 120, 117);
INSERT INTO GAMEPLAY VALUES ('Los Angeles Lakers', 'Toronto Raptors', '2017-10-28 02:30:00', 'Los Angeles', 92, 101);
INSERT INTO GAMEPLAY VALUES ('New Orleans Pelicans', 'Cleveland Cavaliers', '2017-10-28 23:00:00', 'New Orleans', 123, 101);
INSERT INTO GAMEPLAY VALUES ('Miami Heat', 'Boston Celtics', '2017-10-29 00:00:00', 'Miami', 90, 96);
INSERT INTO GAMEPLAY VALUES ('Chicago Bulls', 'Oklahoma City Thunder', '2017-10-29 00:00:00', 'Chicago', 69, 101);
INSERT INTO GAMEPLAY VALUES ('Memphis Grizzlies', 'Houston Rockets', '2017-10-29 00:00:00', 'Memphis', 103, 89);
INSERT INTO GAMEPLAY VALUES ('Dallas Mavericks', 'Philadelphia 76ers', '2017-10-29 00:30:00', 'Dallas', 110, 112);
INSERT INTO GAMEPLAY VALUES ('Utah Jazz', 'Los Angeles Lakers', '2017-10-29 01:00:00', 'Utah', 96, 81);
INSERT INTO GAMEPLAY VALUES ('Portland Trail Blazers', 'Phoenix Suns', '2017-10-29 02:00:00', 'Portland', 114, 107);
INSERT INTO GAMEPLAY VALUES ('LA Clippers', 'Detroit Pistons', '2017-10-29 02:30:00', 'LA', 87, 95);
INSERT INTO GAMEPLAY VALUES ('Atlanta Hawks', 'Milwaukee Bucks', '2017-10-29 19:30:00', 'Atlanta', 106, 117);
INSERT INTO GAMEPLAY VALUES ('Indiana Pacers', 'San Antonio Spurs', '2017-10-29 20:30:00', 'Indiana', 97, 94);
INSERT INTO GAMEPLAY VALUES ('Brooklyn Nets', 'Denver Nuggets', '2017-10-29 22:00:00', 'Brooklyn', 111, 124);
INSERT INTO GAMEPLAY VALUES ('Charlotte Hornets', 'Orlando Magic', '2017-10-29 22:00:00', 'Charlotte', 120, 113);
INSERT INTO GAMEPLAY VALUES ('Sacramento Kings', 'Washington Wizards', '2017-10-29 22:00:00', 'Sacramento', 83, 110);
INSERT INTO GAMEPLAY VALUES ('Cleveland Cavaliers', 'New York Knicks', '2017-10-29 23:00:00', 'Cleveland', 95, 114);
INSERT INTO GAMEPLAY VALUES ('Golden State Warriors', 'Detroit Pistons', '2017-10-30 00:30:00', 'Golden State', 107, 115);
INSERT INTO GAMEPLAY VALUES ('Boston Celtics', 'San Antonio Spurs', '2017-10-30 23:30:00', 'Boston', 108, 94);
INSERT INTO GAMEPLAY VALUES ('Miami Heat', 'Minnesota Timberwolves', '2017-10-30 23:30:00', 'Miami', 122, 125);
INSERT INTO GAMEPLAY VALUES ('New York Knicks', 'Denver Nuggets', '2017-10-30 23:30:00', 'New York', 116, 110);
INSERT INTO GAMEPLAY VALUES ('Houston Rockets', 'Philadelphia 76ers', '2017-10-31 00:00:00', 'Houston', 107, 115);
INSERT INTO GAMEPLAY VALUES ('Memphis Grizzlies', 'Charlotte Hornets', '2017-10-31 00:00:00', 'Memphis', 99, 104);
INSERT INTO GAMEPLAY VALUES ('New Orleans Pelicans', 'Orlando Magic', '2017-10-31 00:00:00', 'New Orleans', 99, 115);
INSERT INTO GAMEPLAY VALUES ('Utah Jazz', 'Dallas Mavericks', '2017-10-31 01:00:00', 'Utah', 104, 89);
INSERT INTO GAMEPLAY VALUES ('Portland Trail Blazers', 'Toronto Raptors', '2017-10-31 02:00:00', 'Portland', 85, 99);
INSERT INTO GAMEPLAY VALUES ('LA Clippers', 'Golden State Warriors', '2017-10-31 02:30:00', 'LA', 113, 141);
INSERT INTO GAMEPLAY VALUES ('Indiana Pacers', 'Sacramento Kings', '2017-10-31 23:00:00', 'Indiana', 101, 83);
INSERT INTO GAMEPLAY VALUES ('Brooklyn Nets', 'Phoenix Suns', '2017-10-31 23:30:00', 'Brooklyn', 114, 122);
INSERT INTO GAMEPLAY VALUES ('Milwaukee Bucks', 'Oklahoma City Thunder', '2017-11-01 00:00:00', 'Milwaukee', 91, 110);
INSERT INTO GAMEPLAY VALUES ('Los Angeles Lakers', 'Detroit Pistons', '2017-11-01 02:30:00', 'Los Angeles', 113, 93);
INSERT INTO COACH VALUES ('Terry Stotts', 'Oklahoma', 'Y', 'Portland Trail Blazers', 5, 7);
INSERT INTO COACH VALUES ('David Vanterpool', 'St. Bonaventure', 'N', 'Portland Trail Blazers', 5, 7);
INSERT INTO COACH VALUES ('Nate Tibbetts', 'South Dakota', 'N', 'Portland Trail Blazers', 5, 7);
INSERT INTO COACH VALUES ('Dale Osbourne', 'South Alabama', 'N', 'Portland Trail Blazers', 5, 7);
INSERT INTO COACH VALUES ('Jim Moran', 'William & Mary', 'N', 'Portland Trail Blazers', 5, 7);
INSERT INTO COACH VALUES ('John McCullough', 'Oklahoma', 'N', 'Portland Trail Blazers', 5, 7);
INSERT INTO COACH VALUES ('Geoff Clarke', 'Oregon State', 'N', 'Portland Trail Blazers', 5, 7);
INSERT INTO COACH VALUES ('Joe Prunty', 'Cal Poly San Luis Obispo', 'Y', 'Milwaukee Bucks', 7, 4);
INSERT INTO COACH VALUES ('Sean Sweeney', 'St. Thomas', 'N', 'Milwaukee Bucks', 7, 4);
INSERT INTO COACH VALUES ('Scott Faust', 'Alabama-Huntsville', 'N', 'Milwaukee Bucks', 7, 4);
INSERT INTO COACH VALUES ('Fred Hoiberg', 'Iowa State', 'Y', 'Chicago Bulls', 6, 5);
INSERT INTO COACH VALUES ('Jim Boylen', 'Maine', 'N', 'Chicago Bulls', 6, 5);
INSERT INTO COACH VALUES ('Pete Myers', 'Arkansas-Little Rock', 'N', 'Chicago Bulls', 6, 5);
INSERT INTO COACH VALUES ('Randy Brown', 'New Mexico State', 'N', 'Chicago Bulls', 6, 5);
INSERT INTO COACH VALUES ('Mike Wilhelm', 'Southampton', 'N', 'Chicago Bulls', 6, 5);
INSERT INTO COACH VALUES ('Nate Loenser', 'Iowa State', 'N', 'Chicago Bulls', 6, 5);
INSERT INTO COACH VALUES ('Jeff Tanaka', 'Cal Poly San Luis Obispo', 'N', 'Chicago Bulls', 6, 5);
INSERT INTO COACH VALUES ('Tyronn Lue', 'Nebraska', 'Y', 'Cleveland Cavaliers', 7, 5);
INSERT INTO COACH VALUES ('Jim Boylan', 'Marquette', 'N', 'Cleveland Cavaliers', 7, 5);
INSERT INTO COACH VALUES ('Larry Drew', 'Missouri', 'N', 'Cleveland Cavaliers', 7, 5);
INSERT INTO COACH VALUES ('James Posey', 'Xavier (Ohio)', 'N', 'Cleveland Cavaliers', 7, 5);
INSERT INTO COACH VALUES ('Phil Handy', 'Hawaii', 'N', 'Cleveland Cavaliers', 7, 5);
INSERT INTO COACH VALUES ('Mike Longabardi', 'Frostburg State', 'N', 'Cleveland Cavaliers', 7, 5);
INSERT INTO COACH VALUES ('Brad Stevens', 'DePauw', 'Y', 'Boston Celtics', 6, 5);
INSERT INTO COACH VALUES ('Jamie Young', 'Blackburn College', 'N', 'Boston Celtics', 6, 5);
INSERT INTO COACH VALUES ('Jay Larranaga', 'Bowling Green State', 'N', 'Boston Celtics', 6, 5);
INSERT INTO COACH VALUES ('Walter McCarty', 'Kentucky', 'N', 'Boston Celtics', 6, 5);
INSERT INTO COACH VALUES ('Micah Shrewsberry', 'Hanover', 'N', 'Boston Celtics', 6, 5);
INSERT INTO COACH VALUES ('Jerome Allen', 'Pennsylvania', 'N', 'Boston Celtics', 6, 5);
INSERT INTO COACH VALUES ('Scott Morrison', 'University of Prince Edward Island', 'N', 'Boston Celtics', 6, 5);
INSERT INTO COACH VALUES ('Doc Rivers', 'Marquette', 'Y', 'LA Clippers', 2, 9);
INSERT INTO COACH VALUES ('Mike Woodson', 'Indiana', 'N', 'LA Clippers', 2, 9);
INSERT INTO COACH VALUES ('Sam Cassell', 'Florida State', 'N', 'LA Clippers', 2, 9);
INSERT INTO COACH VALUES ('Brendan O''Connor', 'St. Anselm', 'N', 'LA Clippers', 2, 9);
INSERT INTO COACH VALUES ('Armond Hill', 'Princeton', 'N', 'LA Clippers', 2, 9);
INSERT INTO COACH VALUES ('John Welch', 'UNLV', 'N', 'LA Clippers', 2, 9);
INSERT INTO COACH VALUES ('J.P. Clark', 'Flagler', 'N', 'LA Clippers', 2, 9);
INSERT INTO COACH VALUES ('Dee Brown', 'Jacksonville', 'N', 'LA Clippers', 2, 9);
INSERT INTO COACH VALUES ('Jasen Powell', 'Cal Poly Pomona', 'N', 'LA Clippers', 2, 9);
INSERT INTO COACH VALUES ('John-Blair Bickerstaff', 'Minnesota', 'Y', 'Memphis Grizzlies', 9, 3);
INSERT INTO COACH VALUES ('Bob Bender', 'Duke', 'N', 'Memphis Grizzlies', 9, 3);
INSERT INTO COACH VALUES ('Nick Van Exel', 'Cincinnati', 'N', 'Memphis Grizzlies', 9, 3);
INSERT INTO COACH VALUES ('Adam Mazarei', 'Redlands', 'N', 'Memphis Grizzlies', 9, 3);
INSERT INTO COACH VALUES ('Mike Budenholzer', 'Pomona College', 'Y', 'Atlanta Hawks', 5, 7);
INSERT INTO COACH VALUES ('Melvin Hunt', 'Baylor', 'N', 'Atlanta Hawks', 5, 7);
INSERT INTO COACH VALUES ('Chris Jent', 'Ohio State', 'N', 'Atlanta Hawks', 5, 7);
INSERT INTO COACH VALUES ('Greg Foster', 'Texas-El Paso', 'N', 'Atlanta Hawks', 5, 7);
INSERT INTO COACH VALUES ('Marlon Garnett', 'Santa Clara', 'N', 'Atlanta Hawks', 5, 7);
INSERT INTO COACH VALUES ('Matt Hill', 'Texas', 'N', 'Atlanta Hawks', 5, 7);
INSERT INTO COACH VALUES ('Erik Spoelstra', 'Portland', 'Y', 'Miami Heat', 6, 6);
INSERT INTO COACH VALUES ('Dan Craig', 'Plymouth State', 'N', 'Miami Heat', 6, 6);
INSERT INTO COACH VALUES ('Juwan Howard', 'Michigan', 'N', 'Miami Heat', 6, 6);
INSERT INTO COACH VALUES ('Chris Quinn', 'Notre Dame', 'N', 'Miami Heat', 6, 6);
INSERT INTO COACH VALUES ('Octavio De La Grana', 'Liberty', 'N', 'Miami Heat', 6, 6);
INSERT INTO COACH VALUES ('Jay Sabol', 'Florida International', 'N', 'Miami Heat', 6, 6);
INSERT INTO COACH VALUES ('Steve Clifford', 'Maine-Farmington', 'Y', 'Charlotte Hornets', 5, 7);
INSERT INTO COACH VALUES ('Stephen Silas', 'Brown', 'N', 'Charlotte Hornets', 5, 7);
INSERT INTO COACH VALUES ('Pat Delany', 'St. Anselm', 'N', 'Charlotte Hornets', 5, 7);
INSERT INTO COACH VALUES ('Bruce Kreutzer', '', 'N', 'Charlotte Hornets', 5, 7);
INSERT INTO COACH VALUES ('Steve Hetzel', 'Michigan State', 'N', 'Charlotte Hornets', 5, 7);
INSERT INTO COACH VALUES ('Quin Snyder', 'Duke', 'Y', 'Utah Jazz', 6, 4);
INSERT INTO COACH VALUES ('Johnnie Bryant', 'Utah', 'N', 'Utah Jazz', 6, 4);
INSERT INTO COACH VALUES ('Alex Jensen', 'Utah', 'N', 'Utah Jazz', 6, 4);
INSERT INTO COACH VALUES ('Antonio Lang', 'Duke', 'N', 'Utah Jazz', 6, 4);
INSERT INTO COACH VALUES ('Mike Wells', 'Mt. Vernon Nazarene', 'N', 'Utah Jazz', 6, 4);
INSERT INTO COACH VALUES ('Jeff Watkinson', 'North Carolina State', 'N', 'Utah Jazz', 6, 4);
INSERT INTO COACH VALUES ('Mark McKown', 'South Carolina Upstate', 'N', 'Utah Jazz', 6, 4);
INSERT INTO COACH VALUES ('Erik Waters', 'Iowa', 'N', 'Utah Jazz', 6, 4);
INSERT INTO COACH VALUES ('David Joerger', 'Moorhead State', 'Y', 'Sacramento Kings', 6, 7);
INSERT INTO COACH VALUES ('Elston Turner', 'Mississippi', 'N', 'Sacramento Kings', 6, 7);
INSERT INTO COACH VALUES ('Bob Thornton', 'California-Irvine', 'N', 'Sacramento Kings', 6, 7);
INSERT INTO COACH VALUES ('Bryan Gates', 'Boise State', 'N', 'Sacramento Kings', 6, 7);
INSERT INTO COACH VALUES ('Duane Ticknor', 'South Dakota', 'N', 'Sacramento Kings', 6, 7);
INSERT INTO COACH VALUES ('Jason March', 'Florida State', 'N', 'Sacramento Kings', 6, 7);
INSERT INTO COACH VALUES ('Larry Lewis', 'Morehouse', 'N', 'Sacramento Kings', 6, 7);
INSERT INTO COACH VALUES ('Phil Ricci', 'Oregon State', 'N', 'Sacramento Kings', 6, 7);
INSERT INTO COACH VALUES ('Pete Youngman', 'Ithaca', 'N', 'Sacramento Kings', 6, 7);
INSERT INTO COACH VALUES ('Jeff Hornacek', 'Iowa State', 'Y', 'New York Knicks', 5, 6);
INSERT INTO COACH VALUES ('Keith Smart', 'Indiana', 'N', 'New York Knicks', 5, 6);
INSERT INTO COACH VALUES ('Jud Buechler', 'Arizona', 'N', 'New York Knicks', 5, 6);
INSERT INTO COACH VALUES ('Pat Sullivan', 'North Carolina', 'N', 'New York Knicks', 5, 6);
INSERT INTO COACH VALUES ('Royal Ivey', 'Texas', 'N', 'New York Knicks', 5, 6);
INSERT INTO COACH VALUES ('Roger Hinds', 'Brooklyn College', 'N', 'New York Knicks', 5, 6);
INSERT INTO COACH VALUES ('Anthony Goenaga', 'Long Island University', 'N', 'New York Knicks', 5, 6);
INSERT INTO COACH VALUES ('Luke Walton', 'Arizona', 'Y', 'Los Angeles Lakers', 7, 6);
INSERT INTO COACH VALUES ('Brian Shaw', 'UC-Santa Barbara', 'N', 'Los Angeles Lakers', 7, 6);
INSERT INTO COACH VALUES ('Jesse Mermuys', 'Arizona', 'N', 'Los Angeles Lakers', 7, 6);
INSERT INTO COACH VALUES ('Mark Madsen', 'Stanford', 'N', 'Los Angeles Lakers', 7, 6);
INSERT INTO COACH VALUES ('Brian Keefe', 'UNLV', 'N', 'Los Angeles Lakers', 7, 6);
INSERT INTO COACH VALUES ('Miles Simon', 'Arizona', 'N', 'Los Angeles Lakers', 7, 6);
INSERT INTO COACH VALUES ('Marco Nunez', 'Cal Poly-Pomona', 'N', 'Los Angeles Lakers', 7, 6);
INSERT INTO COACH VALUES ('Frank Vogel', 'Kentucky', 'Y', 'Orlando Magic', 3, 10);
INSERT INTO COACH VALUES ('Chad Forcier', 'Seattle Pacific', 'N', 'Orlando Magic', 3, 10);
INSERT INTO COACH VALUES ('Corliss Williamson', 'Arkansas', 'N', 'Orlando Magic', 3, 10);
INSERT INTO COACH VALUES ('Jay Hernandez', 'Hofstra', 'N', 'Orlando Magic', 3, 10);
INSERT INTO COACH VALUES ('Keon Weise', 'Maryland', 'N', 'Orlando Magic', 3, 10);
INSERT INTO COACH VALUES ('Rick Carlisle', 'Virginia', 'Y', 'Dallas Mavericks', 6, 8);
INSERT INTO COACH VALUES ('Kaleb Canales', 'Texas-Arlington', 'N', 'Dallas Mavericks', 6, 8);
INSERT INTO COACH VALUES ('Jamahl Mosley', 'Colorado', 'N', 'Dallas Mavericks', 6, 8);
INSERT INTO COACH VALUES ('Darrel Armstrong', 'Fayetteville State', 'N', 'Dallas Mavericks', 6, 8);
INSERT INTO COACH VALUES ('Brad Davis', 'Maryland', 'N', 'Dallas Mavericks', 6, 8);
INSERT INTO COACH VALUES ('Mike Shedd', 'Purdue', 'N', 'Dallas Mavericks', 6, 8);
INSERT INTO COACH VALUES ('Casey Smith', 'Arizona State', 'N', 'Dallas Mavericks', 6, 8);
INSERT INTO COACH VALUES ('Dionne Calhoun', 'San Diego State', 'N', 'Dallas Mavericks', 6, 8);
INSERT INTO COACH VALUES ('Kenny Atkinson', 'Richmond', 'Y', 'Brooklyn Nets', 5, 7);
INSERT INTO COACH VALUES ('Jacque Vaughn', 'Kansas', 'N', 'Brooklyn Nets', 5, 7);
INSERT INTO COACH VALUES ('Chris Fleming', 'Richmond', 'N', 'Brooklyn Nets', 5, 7);
INSERT INTO COACH VALUES ('Bret Brielmaier', 'Arizona', 'N', 'Brooklyn Nets', 5, 7);
INSERT INTO COACH VALUES ('Adam Harrington', 'Auburn', 'N', 'Brooklyn Nets', 5, 7);
INSERT INTO COACH VALUES ('Jordan Ott', 'Penn State', 'N', 'Brooklyn Nets', 5, 7);
INSERT INTO COACH VALUES ('Travon Bryant', 'Missouri', 'N', 'Brooklyn Nets', 5, 7);
INSERT INTO COACH VALUES ('Michael Malone', 'Loyola (MD)', 'Y', 'Denver Nuggets', 8, 4);
INSERT INTO COACH VALUES ('Wes Unseld', 'Johns Hopkins', 'N', 'Denver Nuggets', 8, 4);
INSERT INTO COACH VALUES ('Micah Nori', 'Indiana', 'N', 'Denver Nuggets', 8, 4);
INSERT INTO COACH VALUES ('Jordi Fernandez', '', 'N', 'Denver Nuggets', 8, 4);
INSERT INTO COACH VALUES ('Bob Weiss', 'Penn State', 'N', 'Denver Nuggets', 8, 4);
INSERT INTO COACH VALUES ('David Adelman', 'Portland State', 'N', 'Denver Nuggets', 8, 4);
INSERT INTO COACH VALUES ('Nate McMillan', 'North Carolina State', 'Y', 'Indiana Pacers', 7, 3);
INSERT INTO COACH VALUES ('Dan Burke', 'Portland State', 'N', 'Indiana Pacers', 7, 3);
INSERT INTO COACH VALUES ('Popeye Jones', 'Murray State', 'N', 'Indiana Pacers', 7, 3);
INSERT INTO COACH VALUES ('Bill Bayno', 'Sacred Heart', 'N', 'Indiana Pacers', 7, 3);
INSERT INTO COACH VALUES ('David McClure', 'Duke', 'N', 'Indiana Pacers', 7, 3);
INSERT INTO COACH VALUES ('Josh Corbeil', 'Boston University', 'N', 'Indiana Pacers', 7, 3);
INSERT INTO COACH VALUES ('Carl Eaton', 'Lock Haven', 'N', 'Indiana Pacers', 7, 3);
INSERT INTO COACH VALUES ('Shawn Windle', 'Maine - Presque Isle', 'N', 'Indiana Pacers', 7, 3);
INSERT INTO COACH VALUES ('Alvin Gentry', 'Appalachian State', 'Y', 'New Orleans Pelicans', 7, 4);
INSERT INTO COACH VALUES ('Darren Erman', 'Emory (GA)', 'N', 'New Orleans Pelicans', 7, 4);
INSERT INTO COACH VALUES ('Chris Finch', 'Franklin & Marshall', 'N', 'New Orleans Pelicans', 7, 4);
INSERT INTO COACH VALUES ('Kevin Hanson', 'San Diego', 'N', 'New Orleans Pelicans', 7, 4);
INSERT INTO COACH VALUES ('Fred Vinson', 'Georgia Tech', 'N', 'New Orleans Pelicans', 7, 4);
INSERT INTO COACH VALUES ('Jamelle McMillan', 'Arizona State', 'N', 'New Orleans Pelicans', 7, 4);
INSERT INTO COACH VALUES ('Stan Van Gundy', 'SUNY-Brockport', 'Y', 'Detroit Pistons', 6, 7);
INSERT INTO COACH VALUES ('Bob Beyer', 'Alfred', 'N', 'Detroit Pistons', 6, 7);
INSERT INTO COACH VALUES ('Malik Allen', 'Villanova', 'N', 'Detroit Pistons', 6, 7);
INSERT INTO COACH VALUES ('Tim Hardaway', 'Texas-El Paso', 'N', 'Detroit Pistons', 6, 7);
INSERT INTO COACH VALUES ('Charles Klask', 'Michigan State', 'N', 'Detroit Pistons', 6, 7);
INSERT INTO COACH VALUES ('Aaron Gray', 'Pittsburgh', 'N', 'Detroit Pistons', 6, 7);
INSERT INTO COACH VALUES ('Otis Smith', 'Jacksonville', 'N', 'Detroit Pistons', 6, 7);
INSERT INTO COACH VALUES ('Jon Ishop', 'Texas', 'N', 'Detroit Pistons', 6, 7);
INSERT INTO COACH VALUES ('Dwane Casey', 'Kentucky', 'Y', 'Toronto Raptors', 5, 6);
INSERT INTO COACH VALUES ('Rex Kalamian', 'Cal Poly Pomona', 'N', 'Toronto Raptors', 5, 6);
INSERT INTO COACH VALUES ('Nick Nurse', 'Northern Iowa', 'N', 'Toronto Raptors', 5, 6);
INSERT INTO COACH VALUES ('Jerry Stackhouse', 'North Carolina', 'N', 'Toronto Raptors', 5, 6);
INSERT INTO COACH VALUES ('Jama Mahlalela', 'British Columbia (Canada)', 'N', 'Toronto Raptors', 5, 6);
INSERT INTO COACH VALUES ('Jamaal Magloire', 'Kentucky', 'N', 'Toronto Raptors', 5, 6);
INSERT INTO COACH VALUES ('Alex McKechnie', '', 'N', 'Toronto Raptors', 5, 6);
INSERT INTO COACH VALUES ('Scott McCullough', 'Toronto', 'N', 'Toronto Raptors', 5, 6);
INSERT INTO COACH VALUES ('Mike D''Antoni', 'Marshall', 'Y', 'Houston Rockets', 5, 7);
INSERT INTO COACH VALUES ('Jeff Bzdelik', 'Illinois-Chicago', 'N', 'Houston Rockets', 5, 7);
INSERT INTO COACH VALUES ('Roy Rogers', 'Alabama', 'N', 'Houston Rockets', 5, 7);
INSERT INTO COACH VALUES ('Brett Gunning', 'Nevada-Las Vegas', 'N', 'Houston Rockets', 5, 7);
INSERT INTO COACH VALUES ('John Lucas', 'Maryland', 'N', 'Houston Rockets', 5, 7);
INSERT INTO COACH VALUES ('Irving Roland', 'Southwestern Oklahoma State', 'N', 'Houston Rockets', 5, 7);
INSERT INTO COACH VALUES ('Keith Jones', 'Arkansas', 'N', 'Houston Rockets', 5, 7);
INSERT INTO COACH VALUES ('Brett Brown', 'Boston University', 'Y', 'Philadelphia 76ers', 8, 4);
INSERT INTO COACH VALUES ('Billy Lange', 'Rowan', 'N', 'Philadelphia 76ers', 8, 4);
INSERT INTO COACH VALUES ('Jim O''Brien', 'Saint Joseph''s', 'N', 'Philadelphia 76ers', 8, 4);
INSERT INTO COACH VALUES ('Kevin Johnson', 'Indiana State', 'N', 'Philadelphia 76ers', 8, 4);
INSERT INTO COACH VALUES ('Gregg Popovich', 'Air Force Academy', 'Y', 'San Antonio Spurs', 6, 6);
INSERT INTO COACH VALUES ('Ettore Messina', '', 'N', 'San Antonio Spurs', 6, 6);
INSERT INTO COACH VALUES ('Ime Udoka', 'Portland State', 'N', 'San Antonio Spurs', 6, 6);
INSERT INTO COACH VALUES ('James Borrego', 'San Diego', 'N', 'San Antonio Spurs', 6, 6);
INSERT INTO COACH VALUES ('Chip Engelland', 'Duke', 'N', 'San Antonio Spurs', 6, 6);
INSERT INTO COACH VALUES ('Becky Hammon', 'Colorado State', 'N', 'San Antonio Spurs', 6, 6);
INSERT INTO COACH VALUES ('Will Hardy', 'Williams', 'N', 'San Antonio Spurs', 6, 6);
INSERT INTO COACH VALUES ('Will Sevening', 'Wisconsin-LaCrosse', 'N', 'San Antonio Spurs', 6, 6);
INSERT INTO COACH VALUES ('Jay Triano', 'Simon Fraser', 'Y', 'Phoenix Suns', 6, 5);
INSERT INTO COACH VALUES ('Ty Corbin', 'DePaul', 'N', 'Phoenix Suns', 6, 5);
INSERT INTO COACH VALUES ('Ty Ellis', 'Southern Nazarene', 'N', 'Phoenix Suns', 6, 5);
INSERT INTO COACH VALUES ('Bret Burchard', 'Taylor', 'N', 'Phoenix Suns', 6, 5);
INSERT INTO COACH VALUES ('Aaron Nelson', 'Iowa State', 'N', 'Phoenix Suns', 6, 5);
INSERT INTO COACH VALUES ('Billy Donovan', 'Providence', 'Y', 'Oklahoma City Thunder', 2, 8);
INSERT INTO COACH VALUES ('Adrian Griffin', 'Seton Hall', 'N', 'Oklahoma City Thunder', 2, 8);
INSERT INTO COACH VALUES ('Maurice Cheeks', 'West Texas State', 'N', 'Oklahoma City Thunder', 2, 8);
INSERT INTO COACH VALUES ('Mark Bryant', 'Seton Hall', 'N', 'Oklahoma City Thunder', 2, 8);
INSERT INTO COACH VALUES ('Darko Rajakovic', '', 'N', 'Oklahoma City Thunder', 2, 8);
INSERT INTO COACH VALUES ('Vin Bhavnani', 'USC', 'N', 'Oklahoma City Thunder', 2, 8);
INSERT INTO COACH VALUES ('Tom Thibodeau', 'Salem State', 'Y', 'Minnesota Timberwolves', 4, 6);
INSERT INTO COACH VALUES ('Ryan Saunders', 'Minnesota', 'N', 'Minnesota Timberwolves', 4, 6);
INSERT INTO COACH VALUES ('Andy Greer', 'SUNY Brockport', 'N', 'Minnesota Timberwolves', 4, 6);
INSERT INTO COACH VALUES ('Ed Pinckney', 'Villanova', 'N', 'Minnesota Timberwolves', 4, 6);
INSERT INTO COACH VALUES ('Rick Brunson', 'Temple', 'N', 'Minnesota Timberwolves', 4, 6);
INSERT INTO COACH VALUES ('Gregg Farnam', 'St. Cloud State', 'N', 'Minnesota Timberwolves', 4, 6);
INSERT INTO COACH VALUES ('Steve Kerr', 'Arizona', 'Y', 'Golden State Warriors', 8, 4);
INSERT INTO COACH VALUES ('Ron Adams', 'Fresno Pacific', 'N', 'Golden State Warriors', 8, 4);
INSERT INTO COACH VALUES ('Mike Brown', 'San Diego', 'N', 'Golden State Warriors', 8, 4);
INSERT INTO COACH VALUES ('Jarron Collins', 'Stanford', 'N', 'Golden State Warriors', 8, 4);
INSERT INTO COACH VALUES ('Chris DeMarco', 'Dominican U CA', 'N', 'Golden State Warriors', 8, 4);
INSERT INTO COACH VALUES ('Bruce Fraser', 'Arizona', 'N', 'Golden State Warriors', 8, 4);
INSERT INTO COACH VALUES ('Willie Green', 'Detroit Mercy', 'N', 'Golden State Warriors', 8, 4);
INSERT INTO COACH VALUES ('Scott Brooks', 'UC-Irvine', 'Y', 'Washington Wizards', 6, 4);
INSERT INTO COACH VALUES ('Tony Brown', 'Arkansas', 'N', 'Washington Wizards', 6, 4);
INSERT INTO COACH VALUES ('Sid Lowe', 'North Carolina State', 'N', 'Washington Wizards', 6, 4);
INSERT INTO COACH VALUES ('Mike Terpstra', 'Northwest Nazarene', 'N', 'Washington Wizards', 6, 4);
INSERT INTO COACH VALUES ('Chad Iske', 'Kansas', 'N', 'Washington Wizards', 6, 4);
INSERT INTO COACH VALUES ('Maz Trakh', 'Southern Utah', 'N', 'Washington Wizards', 6, 4);
INSERT INTO COACH VALUES ('David Adkins', 'Radford', 'N', 'Washington Wizards', 6, 4);
INSERT INTO PLAYERHAS VALUES ('Steven Adams', 'New Zealand', 24, 12, 'Oklahoma City Thunder');
INSERT INTO CAREER VALUES ('Steven Adams', 0, 0, '2013/1/12');
INSERT INTO ATTENDS VALUES ('Steven Adams', '2017-10-04 00:00:00', 'Oklahoma City', 4, 4, 1, 1, 0);
INSERT INTO ATTENDS VALUES ('Steven Adams', '2017-10-07 00:00:00', 'Oklahoma City', 8, 6, 2, 1, 0);
INSERT INTO ATTENDS VALUES ('Steven Adams', '2017-10-11 01:00:00', 'Denver', 8, 7, 1, 5, 1);
INSERT INTO ATTENDS VALUES ('Steven Adams', '2017-10-20 00:00:00', 'Oklahoma City', 12, 5, 1, 3, 5);
INSERT INTO ATTENDS VALUES ('Steven Adams', '2017-10-22 01:00:00', 'Utah', 9, 5, 0, 0, 0);
INSERT INTO ATTENDS VALUES ('Steven Adams', '2017-10-22 23:00:00', 'Oklahoma City', 17, 13, 3, 2, 1);
INSERT INTO ATTENDS VALUES ('Steven Adams', '2017-10-26 00:00:00', 'Oklahoma City', 17, 11, 1, 2, 2);
INSERT INTO ATTENDS VALUES ('Steven Adams', '2017-10-28 00:00:00', 'Minnesota', 20, 8, 1, 1, 0);
INSERT INTO ATTENDS VALUES ('Steven Adams', '2017-10-29 00:00:00', 'Chicago', 12, 8, 2, 1, 1);
INSERT INTO ATTENDS VALUES ('Steven Adams', '2017-11-01 00:00:00', 'Milwaukee', 14, 11, 2, 0, 1);
INSERT INTO PLAYERHAS VALUES ('Tim Hardaway Jr.', 'USA', 26, 3, 'New York Knicks');
INSERT INTO CAREER VALUES ('Tim Hardaway Jr.', 0, 0, '2013/1/24');
INSERT INTO ATTENDS VALUES ('Tim Hardaway Jr.', '2017-10-03 23:30:00', 'New York', 17, 7, 2, 0, 2);
INSERT INTO ATTENDS VALUES ('Tim Hardaway Jr.', '2017-10-06 23:00:00', 'Washington', 15, 2, 1, 0, 2);
INSERT INTO ATTENDS VALUES ('Tim Hardaway Jr.', '2017-10-08 23:30:00', 'Brooklyn', 13, 1, 1, 0, 1);
INSERT INTO ATTENDS VALUES ('Tim Hardaway Jr.', '2017-10-09 23:30:00', 'New York', 21, 3, 1, 0, 3);
INSERT INTO ATTENDS VALUES ('Tim Hardaway Jr.', '2017-10-13 23:30:00', 'New York', 23, 3, 2, 1, 1);
INSERT INTO ATTENDS VALUES ('Tim Hardaway Jr.', '2017-10-20 00:00:00', 'Oklahoma City', 8, 0, 1, 0, 0);
INSERT INTO ATTENDS VALUES ('Tim Hardaway Jr.', '2017-10-22 00:00:00', 'New York', 14, 1, 2, 0, 0);
INSERT INTO ATTENDS VALUES ('Tim Hardaway Jr.', '2017-10-24 23:30:00', 'Boston', 6, 3, 1, 0, 0);
INSERT INTO ATTENDS VALUES ('Tim Hardaway Jr.', '2017-10-27 23:30:00', 'New York', 11, 3, 2, 0, 0);
INSERT INTO ATTENDS VALUES ('Tim Hardaway Jr.', '2017-10-29 23:00:00', 'Cleveland', 34, 4, 8, 0, 2);
INSERT INTO ATTENDS VALUES ('Tim Hardaway Jr.', '2017-10-30 23:30:00', 'New York', 13, 4, 3, 0, 3);
INSERT INTO PLAYERHAS VALUES ('Tony Snell', 'USA', 26, 21, 'Milwaukee Bucks');
INSERT INTO CAREER VALUES ('Tony Snell', 0, 0, '2013/1/20');
INSERT INTO ATTENDS VALUES ('Tony Snell', '2017-10-03 00:30:00', 'Dallas', 7, 1, 0, 0, 0);
INSERT INTO ATTENDS VALUES ('Tony Snell', '2017-10-05 00:00:00', 'Milwaukee', 6, 3, 1, 1, 0);
INSERT INTO ATTENDS VALUES ('Tony Snell', '2017-10-07 00:00:00', 'Chicago', 6, 3, 1, 0, 0);
INSERT INTO ATTENDS VALUES ('Tony Snell', '2017-10-14 00:30:00', 'Milwaukee', 16, 2, 1, 0, 0);
INSERT INTO ATTENDS VALUES ('Tony Snell', '2017-10-18 23:30:00', 'Boston', 5, 4, 1, 0, 0);
INSERT INTO ATTENDS VALUES ('Tony Snell', '2017-10-20 23:00:00', 'Milwaukee', 9, 2, 3, 0, 1);
INSERT INTO ATTENDS VALUES ('Tony Snell', '2017-10-22 00:30:00', 'Milwaukee', 17, 2, 1, 0, 1);
INSERT INTO ATTENDS VALUES ('Tony Snell', '2017-10-24 00:00:00', 'Milwaukee', 13, 2, 2, 0, 2);
INSERT INTO ATTENDS VALUES ('Tony Snell', '2017-10-27 00:00:00', 'Milwaukee', 11, 1, 1, 0, 0);
INSERT INTO ATTENDS VALUES ('Tony Snell', '2017-10-29 19:30:00', 'Atlanta', 3, 1, 2, 0, 0);
INSERT INTO ATTENDS VALUES ('Tony Snell', '2017-11-01 00:00:00', 'Milwaukee', 5, 4, 5, 0, 1);
INSERT INTO PLAYERHAS VALUES ('Trey Burke', 'USA', 25, 23, 'New York Knicks');
INSERT INTO CAREER VALUES ('Trey Burke', 0, 0, '2013/1/9');
INSERT INTO ATTENDS VALUES ('Trey Burke', '2017-10-13 23:30:00', 'New York', 0, 0, 0, 0, 0);
INSERT INTO PLAYERHAS VALUES ('Victor Oladipo', 'USA', 26, 4, 'Indiana Pacers');
INSERT INTO CAREER VALUES ('Victor Oladipo', 0, 1, '2013/1/2');
INSERT INTO ATTENDS VALUES ('Victor Oladipo', '2017-10-05 00:00:00', 'Milwaukee', 15, 2, 4, 0, 0);
INSERT INTO ATTENDS VALUES ('Victor Oladipo', '2017-10-06 23:30:00', 'Cleveland', 14, 2, 5, 1, 2);
INSERT INTO ATTENDS VALUES ('Victor Oladipo', '2017-10-09 23:00:00', 'Detroit', 0, 0, 0, 0, 0);
INSERT INTO ATTENDS VALUES ('Victor Oladipo', '2017-10-18 23:00:00', 'Indiana', 22, 5, 4, 0, 4);
INSERT INTO ATTENDS VALUES ('Victor Oladipo', '2017-10-20 23:00:00', 'Indiana', 17, 6, 2, 1, 0);
INSERT INTO ATTENDS VALUES ('Victor Oladipo', '2017-10-22 00:00:00', 'Miami', 28, 4, 5, 1, 4);
INSERT INTO ATTENDS VALUES ('Victor Oladipo', '2017-10-25 00:00:00', 'Minnesota', 28, 3, 3, 0, 2);
INSERT INTO ATTENDS VALUES ('Victor Oladipo', '2017-10-26 00:00:00', 'Oklahoma City', 35, 5, 0, 2, 1);
INSERT INTO ATTENDS VALUES ('Victor Oladipo', '2017-10-29 20:30:00', 'Indiana', 23, 4, 5, 0, 0);
INSERT INTO ATTENDS VALUES ('Victor Oladipo', '2017-10-31 23:00:00', 'Indiana', 14, 4, 2, 1, 1);
INSERT INTO PLAYERHAS VALUES ('Giannis Antetokounmpo', 'Greece', 23, 34, 'Milwaukee Bucks');
INSERT INTO CAREER VALUES ('Giannis Antetokounmpo', 0, 2, '2013/1/15');
INSERT INTO ATTENDS VALUES ('Giannis Antetokounmpo', '2017-10-03 00:30:00', 'Dallas', 0, 0, 0, 0, 0);
INSERT INTO ATTENDS VALUES ('Giannis Antetokounmpo', '2017-10-05 00:00:00', 'Milwaukee', 0, 0, 0, 0, 0);
INSERT INTO ATTENDS VALUES ('Giannis Antetokounmpo', '2017-10-07 00:00:00', 'Chicago', 24, 4, 2, 1, 1);
INSERT INTO ATTENDS VALUES ('Giannis Antetokounmpo', '2017-10-14 00:30:00', 'Milwaukee', 17, 6, 6, 5, 1);
INSERT INTO ATTENDS VALUES ('Giannis Antetokounmpo', '2017-10-18 23:30:00', 'Boston', 37, 13, 3, 0, 3);
INSERT INTO ATTENDS VALUES ('Giannis Antetokounmpo', '2017-10-20 23:00:00', 'Milwaukee', 34, 8, 8, 1, 3);
INSERT INTO ATTENDS VALUES ('Giannis Antetokounmpo', '2017-10-22 00:30:00', 'Milwaukee', 44, 8, 4, 2, 2);
INSERT INTO ATTENDS VALUES ('Giannis Antetokounmpo', '2017-10-24 00:00:00', 'Milwaukee', 32, 14, 6, 2, 1);
INSERT INTO ATTENDS VALUES ('Giannis Antetokounmpo', '2017-10-27 00:00:00', 'Milwaukee', 28, 10, 7, 1, 3);
INSERT INTO ATTENDS VALUES ('Giannis Antetokounmpo', '2017-10-29 19:30:00', 'Atlanta', 33, 11, 6, 0, 0);
INSERT INTO ATTENDS VALUES ('Giannis Antetokounmpo', '2017-11-01 00:00:00', 'Milwaukee', 28, 8, 3, 1, 0);
INSERT INTO PLAYERHAS VALUES ('Bogdan Bogdanovic', 'Serbia', 25, 8, 'Sacramento Kings');
INSERT INTO CAREER VALUES ('Bogdan Bogdanovic', 0, 0, '2014/1/27');
INSERT INTO ATTENDS VALUES ('Bogdan Bogdanovic', '2017-10-03 02:00:00', 'Sacramento', 2, 4, 0, 0, 0);
INSERT INTO ATTENDS VALUES ('Bogdan Bogdanovic', '2017-10-07 00:30:00', 'San Antonio', 4, 1, 3, 0, 0);
INSERT INTO ATTENDS VALUES ('Bogdan Bogdanovic', '2017-10-09 01:00:00', 'Los Angeles', 7, 0, 3, 1, 0);
INSERT INTO ATTENDS VALUES ('Bogdan Bogdanovic', '2017-10-10 02:00:00', 'Sacramento', 0, 0, 0, 0, 0);
INSERT INTO ATTENDS VALUES ('Bogdan Bogdanovic', '2017-10-13 02:30:00', 'LA', 13, 1, 0, 0, 0);
INSERT INTO ATTENDS VALUES ('Bogdan Bogdanovic', '2017-10-14 02:30:00', 'Golden State', 0, 0, 0, 0, 0);
INSERT INTO ATTENDS VALUES ('Bogdan Bogdanovic', '2017-10-24 02:00:00', 'Phoenix', 12, 3, 2, 0, 2);
INSERT INTO ATTENDS VALUES ('Bogdan Bogdanovic', '2017-10-27 02:30:00', 'Sacramento', 10, 2, 4, 0, 0);
INSERT INTO ATTENDS VALUES ('Bogdan Bogdanovic', '2017-10-29 22:00:00', 'Sacramento', 15, 3, 1, 0, 4);
INSERT INTO ATTENDS VALUES ('Bogdan Bogdanovic', '2017-10-31 23:00:00', 'Indiana', 7, 2, 2, 1, 0);
INSERT INTO PLAYERHAS VALUES ('Clint Capela', 'Switzerland', 24, 15, 'Houston Rockets');
INSERT INTO CAREER VALUES ('Clint Capela', 0, 0, '2014/1/25');
INSERT INTO ATTENDS VALUES ('Clint Capela', '2017-10-04 00:00:00', 'Oklahoma City', 7, 4, 1, 1, 0);
INSERT INTO ATTENDS VALUES ('Clint Capela', '2017-10-09 23:30:00', 'New York', 19, 9, 0, 0, 1);
INSERT INTO ATTENDS VALUES ('Clint Capela', '2017-10-12 01:30:00', 'Memphis', 15, 9, 2, 5, 1);
INSERT INTO ATTENDS VALUES ('Clint Capela', '2017-10-14 00:00:00', 'Houston', 9, 12, 1, 0, 0);
INSERT INTO ATTENDS VALUES ('Clint Capela', '2017-10-18 02:30:00', 'Golden State', 12, 4, 0, 1, 1);
INSERT INTO ATTENDS VALUES ('Clint Capela', '2017-10-19 02:00:00', 'Sacramento', 22, 17, 1, 1, 3);
INSERT INTO ATTENDS VALUES ('Clint Capela', '2017-10-22 00:00:00', 'Houston', 13, 10, 2, 0, 0);
INSERT INTO ATTENDS VALUES ('Clint Capela', '2017-10-24 00:00:00', 'Houston', 14, 6, 0, 2, 1);
INSERT INTO ATTENDS VALUES ('Clint Capela', '2017-10-25 23:00:00', 'Philadelphia', 16, 20, 2, 4, 1);
INSERT INTO ATTENDS VALUES ('Clint Capela', '2017-10-27 23:00:00', 'Charlotte', 7, 6, 0, 1, 0);
INSERT INTO ATTENDS VALUES ('Clint Capela', '2017-10-29 00:00:00', 'Memphis', 12, 12, 1, 1, 1);
INSERT INTO ATTENDS VALUES ('Clint Capela', '2017-10-31 00:00:00', 'Houston', 12, 15, 2, 1, 1);
INSERT INTO PLAYERHAS VALUES ('Jarrett Allen', 'USA', 20, 31, 'Brooklyn Nets');
INSERT INTO CAREER VALUES ('Jarrett Allen', 0, 0, '2017/1/22');
INSERT INTO ATTENDS VALUES ('Jarrett Allen', '2017-10-03 23:30:00', 'New York', 0, 5, 0, 1, 0);
INSERT INTO ATTENDS VALUES ('Jarrett Allen', '2017-10-05 23:30:00', 'Brooklyn', 6, 4, 0, 0, 0);
INSERT INTO ATTENDS VALUES ('Jarrett Allen', '2017-10-08 23:30:00', 'Brooklyn', 5, 4, 0, 2, 1);
INSERT INTO ATTENDS VALUES ('Jarrett Allen', '2017-10-11 23:30:00', 'Brooklyn', 7, 7, 0, 1, 0);
INSERT INTO ATTENDS VALUES ('Jarrett Allen', '2017-10-18 23:00:00', 'Indiana', 0, 0, 0, 0, 0);
INSERT INTO ATTENDS VALUES ('Jarrett Allen', '2017-10-20 23:30:00', 'Brooklyn', 9, 2, 0, 1, 1);
INSERT INTO ATTENDS VALUES ('Jarrett Allen', '2017-10-22 19:30:00', 'Brooklyn', 4, 4, 0, 4, 0);
INSERT INTO ATTENDS VALUES ('Jarrett Allen', '2017-10-24 23:00:00', 'Orlando', 5, 3, 0, 1, 1);
INSERT INTO ATTENDS VALUES ('Jarrett Allen', '2017-10-25 23:30:00', 'Brooklyn', 2, 2, 1, 0, 2);
INSERT INTO ATTENDS VALUES ('Jarrett Allen', '2017-10-27 23:30:00', 'New York', 2, 3, 0, 0, 2);
INSERT INTO ATTENDS VALUES ('Jarrett Allen', '2017-10-29 22:00:00', 'Brooklyn', 2, 2, 1, 0, 0);
INSERT INTO ATTENDS VALUES ('Jarrett Allen', '2017-10-31 23:30:00', 'Brooklyn', 0, 0, 0, 0, 0);
INSERT INTO PLAYERHAS VALUES ('Amir Johnson', 'USA', 31, 5, 'Philadelphia 76ers');
INSERT INTO CAREER VALUES ('Amir Johnson', 0, 0, '2005/2/56');
INSERT INTO ATTENDS VALUES ('Amir Johnson', '2017-10-04 23:00:00', 'Philadelphia', 0, 0, 0, 0, 0);
INSERT INTO ATTENDS VALUES ('Amir Johnson', '2017-10-06 23:00:00', 'Philadelphia', 12, 6, 1, 2, 0);
INSERT INTO ATTENDS VALUES ('Amir Johnson', '2017-10-09 23:30:00', 'Boston', 4, 7, 2, 0, 1);
INSERT INTO ATTENDS VALUES ('Amir Johnson', '2017-10-11 23:30:00', 'Brooklyn', 4, 7, 1, 0, 0);
INSERT INTO ATTENDS VALUES ('Amir Johnson', '2017-10-14 00:30:00', 'Philadelphia', 0, 0, 0, 0, 0);
INSERT INTO ATTENDS VALUES ('Amir Johnson', '2017-10-18 23:00:00', 'Washington', 5, 5, 1, 0, 0);
INSERT INTO ATTENDS VALUES ('Amir Johnson', '2017-10-20 23:00:00', 'Philadelphia', 0, 2, 1, 0, 0);
INSERT INTO ATTENDS VALUES ('Amir Johnson', '2017-10-21 23:30:00', 'Toronto', 6, 2, 1, 0, 1);
INSERT INTO ATTENDS VALUES ('Amir Johnson', '2017-10-23 23:00:00', 'Detroit', 3, 9, 0, 0, 0);
INSERT INTO ATTENDS VALUES ('Amir Johnson', '2017-10-25 23:00:00', 'Philadelphia', 4, 7, 0, 3, 0);
INSERT INTO ATTENDS VALUES ('Amir Johnson', '2017-10-29 00:30:00', 'Dallas', 6, 6, 0, 0, 1);
INSERT INTO ATTENDS VALUES ('Amir Johnson', '2017-10-31 00:00:00', 'Houston', 12, 10, 0, 0, 2);
INSERT INTO PLAYERHAS VALUES ('Nikola Vucevic', 'Montenegro', 27, 9, 'Orlando Magic');
INSERT INTO CAREER VALUES ('Nikola Vucevic', 0, 0, '2011/1/16');
INSERT INTO ATTENDS VALUES ('Nikola Vucevic', '2017-10-03 00:00:00', 'Memphis', 6, 5, 1, 0, 1);
INSERT INTO ATTENDS VALUES ('Nikola Vucevic', '2017-10-05 23:00:00', 'Orlando', 14, 1, 1, 1, 0);
INSERT INTO ATTENDS VALUES ('Nikola Vucevic', '2017-10-07 23:00:00', 'Orlando', 4, 8, 2, 1, 0);
INSERT INTO ATTENDS VALUES ('Nikola Vucevic', '2017-10-10 00:30:00', 'Dallas', 9, 14, 4, 2, 0);
INSERT INTO ATTENDS VALUES ('Nikola Vucevic', '2017-10-11 00:30:00', 'San Antonio', 0, 0, 0, 0, 0);
INSERT INTO ATTENDS VALUES ('Nikola Vucevic', '2017-10-13 23:00:00', 'Orlando', 11, 5, 2, 1, 0);
INSERT INTO ATTENDS VALUES ('Nikola Vucevic', '2017-10-18 23:00:00', 'Orlando', 19, 12, 1, 2, 2);
INSERT INTO ATTENDS VALUES ('Nikola Vucevic', '2017-10-20 23:30:00', 'Brooklyn', 41, 12, 3, 0, 0);
INSERT INTO ATTENDS VALUES ('Nikola Vucevic', '2017-10-22 00:00:00', 'Cleveland', 23, 7, 5, 3, 1);
INSERT INTO ATTENDS VALUES ('Nikola Vucevic', '2017-10-24 23:00:00', 'Orlando', 12, 9, 1, 3, 0);
INSERT INTO ATTENDS VALUES ('Nikola Vucevic', '2017-10-27 23:00:00', 'Orlando', 15, 2, 3, 2, 0);
INSERT INTO ATTENDS VALUES ('Nikola Vucevic', '2017-10-29 22:00:00', 'Charlotte', 15, 10, 3, 0, 1);
INSERT INTO ATTENDS VALUES ('Nikola Vucevic', '2017-10-31 00:00:00', 'New Orleans', 20, 8, 3, 0, 0);
INSERT INTO PLAYERHAS VALUES ('Kawhi Leonard', 'USA', 26, 2, 'San Antonio Spurs');
INSERT INTO CAREER VALUES ('Kawhi Leonard', 0, 2, '2011/1/15');
INSERT INTO ATTENDS VALUES ('Kawhi Leonard', '2017-10-03 02:00:00', 'Sacramento', 0, 0, 0, 0, 0);
INSERT INTO ATTENDS VALUES ('Kawhi Leonard', '2017-10-07 00:30:00', 'San Antonio', 0, 0, 0, 0, 0);
INSERT INTO ATTENDS VALUES ('Kawhi Leonard', '2017-10-08 20:00:00', 'San Antonio', 0, 0, 0, 0, 0);
INSERT INTO ATTENDS VALUES ('Kawhi Leonard', '2017-10-11 00:30:00', 'San Antonio', 0, 0, 0, 0, 0);
INSERT INTO ATTENDS VALUES ('Kawhi Leonard', '2017-10-14 00:00:00', 'Houston', 0, 0, 0, 0, 0);
INSERT INTO PLAYERHAS VALUES ('Marcin Gortat', 'Poland', 34, 13, 'Washington Wizards');
INSERT INTO CAREER VALUES ('Marcin Gortat', 0, 0, '2005/2/57');
INSERT INTO ATTENDS VALUES ('Marcin Gortat', '2017-10-06 23:00:00', 'Washington', 6, 5, 3, 1, 0);
INSERT INTO ATTENDS VALUES ('Marcin Gortat', '2017-10-08 19:00:00', 'Washington', 5, 3, 1, 1, 1);
INSERT INTO ATTENDS VALUES ('Marcin Gortat', '2017-10-11 23:30:00', 'Miami', 8, 3, 1, 0, 0);
INSERT INTO ATTENDS VALUES ('Marcin Gortat', '2017-10-13 23:30:00', 'New York', 0, 3, 2, 1, 0);
INSERT INTO ATTENDS VALUES ('Marcin Gortat', '2017-10-18 23:00:00', 'Washington', 16, 17, 1, 3, 0);
INSERT INTO ATTENDS VALUES ('Marcin Gortat', '2017-10-20 23:00:00', 'Washington', 10, 9, 1, 0, 1);
INSERT INTO ATTENDS VALUES ('Marcin Gortat', '2017-10-24 01:00:00', 'Denver', 13, 5, 2, 0, 1);
INSERT INTO ATTENDS VALUES ('Marcin Gortat', '2017-10-26 02:30:00', 'Los Angeles', 11, 14, 1, 1, 0);
INSERT INTO ATTENDS VALUES ('Marcin Gortat', '2017-10-28 02:30:00', 'Golden State', 18, 4, 4, 2, 0);
INSERT INTO ATTENDS VALUES ('Marcin Gortat', '2017-10-29 22:00:00', 'Sacramento', 6, 9, 2, 0, 1);
INSERT INTO PLAYERHAS VALUES ('Markieff Morris', 'USA', 28, 5, 'Washington Wizards');
INSERT INTO CAREER VALUES ('Markieff Morris', 0, 0, '2011/1/13');
INSERT INTO ATTENDS VALUES ('Markieff Morris', '2017-10-11 23:30:00', 'Miami', 0, 0, 0, 0, 0);
INSERT INTO ATTENDS VALUES ('Markieff Morris', '2017-10-13 23:30:00', 'New York', 0, 0, 0, 0, 0);
INSERT INTO PLAYERHAS VALUES ('Alec Burks', 'USA', 26, 10, 'Utah Jazz');
INSERT INTO CAREER VALUES ('Alec Burks', 0, 0, '2011/1/12');
INSERT INTO ATTENDS VALUES ('Alec Burks', '2017-10-07 01:00:00', 'Utah', 19, 6, 1, 0, 2);
INSERT INTO ATTENDS VALUES ('Alec Burks', '2017-10-10 02:00:00', 'Phoenix', 10, 1, 5, 0, 0);
INSERT INTO ATTENDS VALUES ('Alec Burks', '2017-10-11 02:30:00', 'Los Angeles', 3, 2, 1, 0, 0);
INSERT INTO ATTENDS VALUES ('Alec Burks', '2017-10-19 01:00:00', 'Utah', 16, 1, 0, 0, 1);
INSERT INTO ATTENDS VALUES ('Alec Burks', '2017-10-21 00:00:00', 'Minnesota', 0, 2, 0, 0, 1);
INSERT INTO ATTENDS VALUES ('Alec Burks', '2017-10-22 01:00:00', 'Utah', 8, 3, 1, 1, 1);
INSERT INTO ATTENDS VALUES ('Alec Burks', '2017-10-25 02:30:00', 'LA', 7, 4, 3, 0, 0);
INSERT INTO ATTENDS VALUES ('Alec Burks', '2017-10-26 02:00:00', 'Phoenix', 0, 0, 0, 0, 0);
INSERT INTO ATTENDS VALUES ('Alec Burks', '2017-10-29 01:00:00', 'Utah', 2, 1, 0, 0, 0);
INSERT INTO ATTENDS VALUES ('Alec Burks', '2017-10-31 01:00:00', 'Utah', 6, 0, 0, 1, 1);
INSERT INTO PLAYERHAS VALUES ('Klay Thompson', 'USA', 28, 11, 'Golden State Warriors');
INSERT INTO CAREER VALUES ('Klay Thompson', 0, 4, '2011/1/11');
INSERT INTO ATTENDS VALUES ('Klay Thompson', '2017-10-01 00:30:00', 'Golden State', 10, 1, 2, 0, 2);
INSERT INTO ATTENDS VALUES ('Klay Thompson', '2017-10-05 06:00:00', 'Golden State', 12, 1, 2, 0, 0);
INSERT INTO ATTENDS VALUES ('Klay Thompson', '2017-10-08 11:00:00', 'Minnesota', 28, 3, 5, 0, 2);
INSERT INTO ATTENDS VALUES ('Klay Thompson', '2017-10-14 02:30:00', 'Golden State', 9, 1, 6, 0, 1);
INSERT INTO ATTENDS VALUES ('Klay Thompson', '2017-10-18 02:30:00', 'Golden State', 16, 6, 3, 2, 2);
INSERT INTO ATTENDS VALUES ('Klay Thompson', '2017-10-21 01:30:00', 'New Orleans', 33, 4, 2, 1, 0);
INSERT INTO ATTENDS VALUES ('Klay Thompson', '2017-10-22 00:00:00', 'Memphis', 14, 2, 1, 1, 0);
INSERT INTO ATTENDS VALUES ('Klay Thompson', '2017-10-24 00:30:00', 'Dallas', 21, 4, 3, 1, 0);
INSERT INTO ATTENDS VALUES ('Klay Thompson', '2017-10-26 02:30:00', 'Golden State', 22, 8, 5, 1, 1);
INSERT INTO ATTENDS VALUES ('Klay Thompson', '2017-10-28 02:30:00', 'Golden State', 18, 2, 3, 2, 0);
INSERT INTO ATTENDS VALUES ('Klay Thompson', '2017-10-30 00:30:00', 'Golden State', 29, 2, 0, 0, 2);
INSERT INTO ATTENDS VALUES ('Klay Thompson', '2017-10-31 02:30:00', 'LA', 15, 5, 6, 0, 0);
INSERT INTO PLAYERHAS VALUES ('Tobias Harris', 'USA', 25, 34, 'LA Clippers');
INSERT INTO CAREER VALUES ('Tobias Harris', 0, 0, '2011/1/19');
INSERT INTO ATTENDS VALUES ('Tobias Harris', '2017-10-04 23:00:00', 'Detroit', 15, 10, 2, 0, 0);
INSERT INTO ATTENDS VALUES ('Tobias Harris', '2017-10-06 23:00:00', 'Detroit', 17, 7, 0, 0, 0);
INSERT INTO ATTENDS VALUES ('Tobias Harris', '2017-10-09 23:00:00', 'Detroit', 0, 0, 0, 0, 0);
INSERT INTO ATTENDS VALUES ('Tobias Harris', '2017-10-10 23:00:00', 'Toronto', 9, 3, 1, 1, 1);
INSERT INTO ATTENDS VALUES ('Tobias Harris', '2017-10-14 00:30:00', 'Milwaukee', 13, 6, 1, 0, 0);
INSERT INTO ATTENDS VALUES ('Tobias Harris', '2017-10-18 23:00:00', 'Detroit', 27, 10, 3, 0, 0);
INSERT INTO ATTENDS VALUES ('Tobias Harris', '2017-10-20 23:00:00', 'Washington', 15, 3, 1, 0, 1);
INSERT INTO ATTENDS VALUES ('Tobias Harris', '2017-10-22 00:00:00', 'New York', 31, 6, 1, 0, 0);
INSERT INTO ATTENDS VALUES ('Tobias Harris', '2017-10-23 23:00:00', 'Detroit', 11, 4, 0, 0, 0);
INSERT INTO ATTENDS VALUES ('Tobias Harris', '2017-10-25 23:00:00', 'Detroit', 34, 4, 1, 1, 2);
INSERT INTO ATTENDS VALUES ('Tobias Harris', '2017-10-29 02:30:00', 'LA', 12, 1, 1, 0, 0);
INSERT INTO ATTENDS VALUES ('Tobias Harris', '2017-10-30 00:30:00', 'Golden State', 16, 4, 2, 0, 0);
INSERT INTO ATTENDS VALUES ('Tobias Harris', '2017-11-01 02:30:00', 'Los Angeles', 18, 4, 2, 1, 1);
INSERT INTO PLAYERHAS VALUES ('Ekpe Udoh', 'USA', 31, 33, 'Utah Jazz');
INSERT INTO CAREER VALUES ('Ekpe Udoh', 0, 0, '2010/1/6');
INSERT INTO ATTENDS VALUES ('Ekpe Udoh', '2017-10-07 01:00:00', 'Utah', 4, 2, 3, 2, 0);
INSERT INTO ATTENDS VALUES ('Ekpe Udoh', '2017-10-10 02:00:00', 'Phoenix', 8, 2, 2, 2, 2);
INSERT INTO ATTENDS VALUES ('Ekpe Udoh', '2017-10-11 02:30:00', 'Los Angeles', 0, 4, 1, 0, 0);
INSERT INTO ATTENDS VALUES ('Ekpe Udoh', '2017-10-19 01:00:00', 'Utah', 2, 2, 0, 3, 0);
INSERT INTO ATTENDS VALUES ('Ekpe Udoh', '2017-10-21 00:00:00', 'Minnesota', 3, 4, 0, 3, 0);
INSERT INTO ATTENDS VALUES ('Ekpe Udoh', '2017-10-22 01:00:00', 'Utah', 2, 4, 1, 1, 0);
INSERT INTO ATTENDS VALUES ('Ekpe Udoh', '2017-10-25 02:30:00', 'LA', 1, 2, 3, 4, 0);
INSERT INTO ATTENDS VALUES ('Ekpe Udoh', '2017-10-26 02:00:00', 'Phoenix', 0, 1, 1, 1, 0);
INSERT INTO ATTENDS VALUES ('Ekpe Udoh', '2017-10-29 01:00:00', 'Utah', 0, 4, 1, 0, 0);
INSERT INTO ATTENDS VALUES ('Ekpe Udoh', '2017-10-31 01:00:00', 'Utah', 0, 1, 3, 1, 2);
INSERT INTO PLAYERHAS VALUES ('DeMarcus Cousins', 'USA', 27, 0, 'New Orleans Pelicans');
INSERT INTO CAREER VALUES ('DeMarcus Cousins', 0, 4, '2010/1/5');
INSERT INTO ATTENDS VALUES ('DeMarcus Cousins', '2017-10-04 00:00:00', 'New Orleans', 20, 11, 5, 1, 3);
INSERT INTO ATTENDS VALUES ('DeMarcus Cousins', '2017-10-07 00:00:00', 'Oklahoma City', 13, 4, 2, 1, 0);
INSERT INTO ATTENDS VALUES ('DeMarcus Cousins', '2017-10-08 23:00:00', 'Chicago', 22, 9, 9, 2, 0);
INSERT INTO ATTENDS VALUES ('DeMarcus Cousins', '2017-10-14 00:00:00', 'Memphis', 9, 3, 2, 3, 0);
INSERT INTO ATTENDS VALUES ('DeMarcus Cousins', '2017-10-19 00:00:00', 'Memphis', 28, 10, 2, 7, 0);
INSERT INTO ATTENDS VALUES ('DeMarcus Cousins', '2017-10-21 01:30:00', 'New Orleans', 35, 14, 5, 1, 3);
INSERT INTO ATTENDS VALUES ('DeMarcus Cousins', '2017-10-23 01:30:00', 'Los Angeles', 22, 11, 8, 2, 0);
INSERT INTO ATTENDS VALUES ('DeMarcus Cousins', '2017-10-25 02:00:00', 'Portland', 39, 13, 3, 3, 1);
INSERT INTO ATTENDS VALUES ('DeMarcus Cousins', '2017-10-27 02:30:00', 'Sacramento', 41, 23, 6, 1, 1);
INSERT INTO ATTENDS VALUES ('DeMarcus Cousins', '2017-10-28 23:00:00', 'New Orleans', 29, 12, 10, 0, 3);
INSERT INTO ATTENDS VALUES ('DeMarcus Cousins', '2017-10-31 00:00:00', 'New Orleans', 12, 12, 7, 1, 3);
INSERT INTO PLAYERHAS VALUES ('Wesley Johnson', 'USA', 30, 33, 'LA Clippers');
INSERT INTO CAREER VALUES ('Wesley Johnson', 0, 0, '2010/1/4');
INSERT INTO ATTENDS VALUES ('Wesley Johnson', '2017-10-02 02:00:00', 'Toronto', 10, 4, 0, 0, 1);
INSERT INTO ATTENDS VALUES ('Wesley Johnson', '2017-10-04 05:00:00', 'LA', 8, 0, 0, 0, 1);
INSERT INTO ATTENDS VALUES ('Wesley Johnson', '2017-10-08 19:30:00', 'LA', 8, 2, 0, 0, 0);
INSERT INTO ATTENDS VALUES ('Wesley Johnson', '2017-10-13 02:30:00', 'LA', 16, 5, 1, 0, 2);
INSERT INTO ATTENDS VALUES ('Wesley Johnson', '2017-10-14 02:30:00', 'LA', 11, 4, 0, 0, 1);
INSERT INTO ATTENDS VALUES ('Wesley Johnson', '2017-10-20 02:30:00', 'Los Angeles', 9, 5, 1, 0, 1);
INSERT INTO ATTENDS VALUES ('Wesley Johnson', '2017-10-22 02:30:00', 'LA', 3, 3, 2, 0, 2);
INSERT INTO ATTENDS VALUES ('Wesley Johnson', '2017-10-25 02:30:00', 'LA', 5, 1, 0, 2, 2);
INSERT INTO ATTENDS VALUES ('Wesley Johnson', '2017-10-27 02:00:00', 'Portland', 3, 4, 1, 2, 0);
INSERT INTO ATTENDS VALUES ('Wesley Johnson', '2017-10-29 02:30:00', 'LA', 2, 7, 1, 0, 0);
INSERT INTO ATTENDS VALUES ('Wesley Johnson', '2017-10-31 02:30:00', 'LA', 8, 1, 0, 1, 0);
INSERT INTO PLAYERHAS VALUES ('Derrick Favors', 'USA', 26, 15, 'Utah Jazz');
INSERT INTO CAREER VALUES ('Derrick Favors', 0, 0, '2010/1/3');
INSERT INTO ATTENDS VALUES ('Derrick Favors', '2017-10-07 01:00:00', 'Utah', 12, 5, 2, 0, 0);
INSERT INTO ATTENDS VALUES ('Derrick Favors', '2017-10-10 02:00:00', 'Phoenix', 9, 6, 2, 2, 3);
INSERT INTO ATTENDS VALUES ('Derrick Favors', '2017-10-11 02:30:00', 'Los Angeles', 10, 5, 3, 1, 3);
INSERT INTO ATTENDS VALUES ('Derrick Favors', '2017-10-19 01:00:00', 'Utah', 14, 4, 4, 0, 1);
INSERT INTO ATTENDS VALUES ('Derrick Favors', '2017-10-21 00:00:00', 'Minnesota', 16, 4, 3, 1, 0);
INSERT INTO ATTENDS VALUES ('Derrick Favors', '2017-10-22 01:00:00', 'Utah', 13, 3, 1, 0, 1);
INSERT INTO ATTENDS VALUES ('Derrick Favors', '2017-10-25 02:30:00', 'LA', 6, 3, 2, 0, 0);
INSERT INTO ATTENDS VALUES ('Derrick Favors', '2017-10-26 02:00:00', 'Phoenix', 15, 7, 1, 0, 0);
INSERT INTO ATTENDS VALUES ('Derrick Favors', '2017-10-29 01:00:00', 'Utah', 14, 10, 1, 1, 1);
INSERT INTO ATTENDS VALUES ('Derrick Favors', '2017-10-31 01:00:00', 'Utah', 10, 5, 2, 0, 1);
INSERT INTO PLAYERHAS VALUES ('Evan Turner', 'USA', 29, 1, 'Portland Trail Blazers');
INSERT INTO CAREER VALUES ('Evan Turner', 0, 0, '2010/1/2');
INSERT INTO ATTENDS VALUES ('Evan Turner', '2017-10-04 02:00:00', 'Portland', 7, 4, 2, 0, 1);
INSERT INTO ATTENDS VALUES ('Evan Turner', '2017-10-06 02:00:00', 'Portland', 9, 1, 0, 0, 2);
INSERT INTO ATTENDS VALUES ('Evan Turner', '2017-10-08 19:30:00', 'LA', 6, 2, 8, 0, 0);
INSERT INTO ATTENDS VALUES ('Evan Turner', '2017-10-10 02:00:00', 'Sacramento', 10, 5, 1, 0, 0);
INSERT INTO ATTENDS VALUES ('Evan Turner', '2017-10-12 02:00:00', 'Phoenix', 12, 4, 6, 2, 0);
INSERT INTO ATTENDS VALUES ('Evan Turner', '2017-10-19 02:00:00', 'Phoenix', 12, 4, 3, 1, 1);
INSERT INTO ATTENDS VALUES ('Evan Turner', '2017-10-20 23:00:00', 'Indiana', 17, 2, 3, 1, 0);
INSERT INTO ATTENDS VALUES ('Evan Turner', '2017-10-22 00:30:00', 'Milwaukee', 11, 2, 7, 0, 1);
INSERT INTO ATTENDS VALUES ('Evan Turner', '2017-10-25 02:00:00', 'Portland', 13, 7, 4, 1, 1);
INSERT INTO ATTENDS VALUES ('Evan Turner', '2017-10-27 02:00:00', 'Portland', 4, 4, 1, 1, 1);
INSERT INTO ATTENDS VALUES ('Evan Turner', '2017-10-29 02:00:00', 'Portland', 10, 5, 2, 0, 1);
INSERT INTO ATTENDS VALUES ('Evan Turner', '2017-10-31 02:00:00', 'Portland', 4, 5, 3, 3, 0);
INSERT INTO PLAYERHAS VALUES ('John Wall', 'USA', 27, 2, 'Washington Wizards');
INSERT INTO CAREER VALUES ('John Wall', 0, 5, '2010/1/1');
INSERT INTO ATTENDS VALUES ('John Wall', '2017-10-06 23:00:00', 'Washington', 19, 0, 6, 0, 0);
INSERT INTO ATTENDS VALUES ('John Wall', '2017-10-08 19:00:00', 'Washington', 6, 1, 2, 0, 1);
INSERT INTO ATTENDS VALUES ('John Wall', '2017-10-11 23:30:00', 'Miami', 16, 4, 8, 0, 0);
INSERT INTO ATTENDS VALUES ('John Wall', '2017-10-13 23:30:00', 'New York', 0, 0, 0, 0, 0);
INSERT INTO ATTENDS VALUES ('John Wall', '2017-10-18 23:00:00', 'Washington', 28, 5, 8, 2, 0);
INSERT INTO ATTENDS VALUES ('John Wall', '2017-10-20 23:00:00', 'Washington', 26, 3, 10, 2, 1);
INSERT INTO ATTENDS VALUES ('John Wall', '2017-10-24 01:00:00', 'Denver', 19, 1, 12, 1, 2);
INSERT INTO ATTENDS VALUES ('John Wall', '2017-10-26 02:30:00', 'Los Angeles', 18, 3, 9, 0, 1);
INSERT INTO ATTENDS VALUES ('John Wall', '2017-10-28 02:30:00', 'Golden State', 20, 2, 14, 1, 1);
INSERT INTO ATTENDS VALUES ('John Wall', '2017-10-29 22:00:00', 'Sacramento', 19, 2, 9, 1, 1);
INSERT INTO PLAYERHAS VALUES ('Al-Farouq Aminu', 'USA', 27, 8, 'Portland Trail Blazers');
INSERT INTO CAREER VALUES ('Al-Farouq Aminu', 0, 0, '2010/1/8');
INSERT INTO ATTENDS VALUES ('Al-Farouq Aminu', '2017-10-04 02:00:00', 'Portland', 2, 3, 0, 1, 1);
INSERT INTO ATTENDS VALUES ('Al-Farouq Aminu', '2017-10-06 02:00:00', 'Portland', 5, 8, 0, 1, 0);
INSERT INTO ATTENDS VALUES ('Al-Farouq Aminu', '2017-10-08 19:30:00', 'LA', 6, 4, 2, 0, 3);
INSERT INTO ATTENDS VALUES ('Al-Farouq Aminu', '2017-10-10 02:00:00', 'Sacramento', 5, 8, 1, 0, 0);
INSERT INTO ATTENDS VALUES ('Al-Farouq Aminu', '2017-10-12 02:00:00', 'Phoenix', 8, 3, 0, 0, 0);
INSERT INTO ATTENDS VALUES ('Al-Farouq Aminu', '2017-10-19 02:00:00', 'Phoenix', 5, 12, 2, 1, 0);
INSERT INTO ATTENDS VALUES ('Al-Farouq Aminu', '2017-10-20 23:00:00', 'Indiana', 16, 16, 2, 1, 1);
INSERT INTO ATTENDS VALUES ('Al-Farouq Aminu', '2017-10-22 00:30:00', 'Milwaukee', 5, 6, 2, 1, 0);
INSERT INTO ATTENDS VALUES ('Al-Farouq Aminu', '2017-10-25 02:00:00', 'Portland', 8, 7, 1, 2, 1);
INSERT INTO ATTENDS VALUES ('Al-Farouq Aminu', '2017-10-27 02:00:00', 'Portland', 19, 6, 2, 1, 3);
INSERT INTO ATTENDS VALUES ('Al-Farouq Aminu', '2017-10-29 02:00:00', 'Portland', 10, 5, 2, 2, 2);
INSERT INTO ATTENDS VALUES ('Al-Farouq Aminu', '2017-10-31 02:00:00', 'Portland', 4, 7, 3, 1, 0);
INSERT INTO PLAYERHAS VALUES ('Greg Monroe', 'USA', 28, 55, 'Phoenix Suns');
INSERT INTO CAREER VALUES ('Greg Monroe', 0, 0, '2010/1/7');
INSERT INTO ATTENDS VALUES ('Greg Monroe', '2017-10-03 00:30:00', 'Dallas', 12, 7, 2, 1, 1);
INSERT INTO ATTENDS VALUES ('Greg Monroe', '2017-10-05 00:00:00', 'Milwaukee', 2, 6, 3, 3, 2);
INSERT INTO ATTENDS VALUES ('Greg Monroe', '2017-10-07 00:00:00', 'Chicago', 12, 5, 0, 0, 0);
INSERT INTO ATTENDS VALUES ('Greg Monroe', '2017-10-18 23:30:00', 'Boston', 10, 6, 1, 0, 0);
INSERT INTO ATTENDS VALUES ('Greg Monroe', '2017-10-20 23:00:00', 'Milwaukee', 8, 6, 0, 0, 0);
INSERT INTO ATTENDS VALUES ('Greg Monroe', '2017-10-22 00:30:00', 'Milwaukee', 0, 0, 0, 0, 0);
INSERT INTO ATTENDS VALUES ('Greg Monroe', '2017-10-24 00:00:00', 'Milwaukee', 8, 7, 3, 0, 0);
INSERT INTO ATTENDS VALUES ('Greg Monroe', '2017-10-27 00:00:00', 'Milwaukee', 8, 6, 1, 0, 0);
INSERT INTO PLAYERHAS VALUES ('Rodney Hood', 'USA', 25, 1, 'Cleveland Cavaliers');
INSERT INTO CAREER VALUES ('Rodney Hood', 0, 0, '2014/1/23');
INSERT INTO ATTENDS VALUES ('Rodney Hood', '2017-10-07 01:00:00', 'Utah', 19, 3, 1, 0, 2);
INSERT INTO ATTENDS VALUES ('Rodney Hood', '2017-10-10 02:00:00', 'Phoenix', 8, 1, 0, 0, 0);
INSERT INTO ATTENDS VALUES ('Rodney Hood', '2017-10-11 02:30:00', 'Los Angeles', 0, 1, 0, 0, 0);
INSERT INTO ATTENDS VALUES ('Rodney Hood', '2017-10-19 01:00:00', 'Utah', 6, 2, 0, 0, 0);
INSERT INTO ATTENDS VALUES ('Rodney Hood', '2017-10-21 00:00:00', 'Minnesota', 20, 1, 4, 0, 1);
INSERT INTO ATTENDS VALUES ('Rodney Hood', '2017-10-26 02:00:00', 'Phoenix', 22, 1, 2, 0, 0);
INSERT INTO ATTENDS VALUES ('Rodney Hood', '2017-10-29 01:00:00', 'Utah', 13, 3, 2, 0, 0);
INSERT INTO ATTENDS VALUES ('Rodney Hood', '2017-10-31 01:00:00', 'Utah', 25, 3, 1, 0, 0);
INSERT INTO PLAYERHAS VALUES ('Carmelo Anthony', 'USA', 34, 7, 'Oklahoma City Thunder');
INSERT INTO CAREER VALUES ('Carmelo Anthony', 0, 10, '2003/1/3');
INSERT INTO ATTENDS VALUES ('Carmelo Anthony', '2017-10-04 00:00:00', 'Oklahoma City', 19, 4, 0, 0, 1);
INSERT INTO ATTENDS VALUES ('Carmelo Anthony', '2017-10-07 00:00:00', 'Oklahoma City', 9, 6, 1, 0, 0);
INSERT INTO ATTENDS VALUES ('Carmelo Anthony', '2017-10-11 01:00:00', 'Denver', 16, 9, 1, 0, 0);
INSERT INTO ATTENDS VALUES ('Carmelo Anthony', '2017-10-20 00:00:00', 'Oklahoma City', 22, 1, 1, 2, 2);
INSERT INTO ATTENDS VALUES ('Carmelo Anthony', '2017-10-22 01:00:00', 'Utah', 26, 3, 2, 1, 1);
INSERT INTO ATTENDS VALUES ('Carmelo Anthony', '2017-10-22 23:00:00', 'Oklahoma City', 23, 2, 2, 0, 3);
INSERT INTO ATTENDS VALUES ('Carmelo Anthony', '2017-10-26 00:00:00', 'Oklahoma City', 28, 10, 1, 3, 0);
INSERT INTO ATTENDS VALUES ('Carmelo Anthony', '2017-10-28 00:00:00', 'Minnesota', 23, 2, 2, 1, 1);
INSERT INTO ATTENDS VALUES ('Carmelo Anthony', '2017-10-29 00:00:00', 'Chicago', 21, 5, 2, 0, 0);
INSERT INTO ATTENDS VALUES ('Carmelo Anthony', '2017-11-01 00:00:00', 'Milwaukee', 17, 8, 1, 1, 1);
INSERT INTO PLAYERHAS VALUES ('LeBron James', 'USA', 33, 23, 'Cleveland Cavaliers');
INSERT INTO CAREER VALUES ('LeBron James', 4, 14, '2003/1/1');
INSERT INTO ATTENDS VALUES ('LeBron James', '2017-10-04 23:00:00', 'Cleveland', 0, 0, 0, 0, 0);
INSERT INTO ATTENDS VALUES ('LeBron James', '2017-10-06 23:30:00', 'Cleveland', 0, 0, 0, 0, 0);
INSERT INTO ATTENDS VALUES ('LeBron James', '2017-10-11 00:00:00', 'Cleveland', 17, 5, 3, 1, 1);
INSERT INTO ATTENDS VALUES ('LeBron James', '2017-10-13 23:00:00', 'Orlando', 0, 0, 0, 0, 0);
INSERT INTO ATTENDS VALUES ('LeBron James', '2017-10-18 00:00:00', 'Cleveland', 29, 16, 9, 2, 0);
INSERT INTO ATTENDS VALUES ('LeBron James', '2017-10-20 23:00:00', 'Milwaukee', 24, 5, 8, 1, 1);
INSERT INTO ATTENDS VALUES ('LeBron James', '2017-10-22 00:00:00', 'Cleveland', 22, 4, 2, 1, 1);
INSERT INTO ATTENDS VALUES ('LeBron James', '2017-10-24 23:00:00', 'Cleveland', 34, 2, 13, 0, 3);
INSERT INTO ATTENDS VALUES ('LeBron James', '2017-10-25 23:30:00', 'Brooklyn', 29, 10, 13, 4, 0);
INSERT INTO ATTENDS VALUES ('LeBron James', '2017-10-28 23:00:00', 'New Orleans', 18, 3, 8, 0, 0);
INSERT INTO ATTENDS VALUES ('LeBron James', '2017-10-29 23:00:00', 'Cleveland', 16, 10, 7, 0, 2);
INSERT INTO PLAYERHAS VALUES ('CJ Wilcox', 'USA', 27, 23, 'Portland Trail Blazers');
INSERT INTO CAREER VALUES ('CJ Wilcox', 0, 0, '2014/1/28');
INSERT INTO ATTENDS VALUES ('CJ Wilcox', '2017-10-04 02:00:00', 'Portland', 0, 0, 0, 0, 0);
INSERT INTO ATTENDS VALUES ('CJ Wilcox', '2017-10-06 02:00:00', 'Portland', 0, 0, 0, 0, 0);
INSERT INTO ATTENDS VALUES ('CJ Wilcox', '2017-10-08 19:30:00', 'LA', 0, 0, 0, 0, 0);
INSERT INTO ATTENDS VALUES ('CJ Wilcox', '2017-10-10 02:00:00', 'Sacramento', 0, 0, 0, 0, 0);
INSERT INTO ATTENDS VALUES ('CJ Wilcox', '2017-10-12 02:00:00', 'Phoenix', 0, 0, 0, 0, 0);
INSERT INTO PLAYERHAS VALUES ('Dwyane Wade', 'USA', 36, 3, 'Miami Heat');
INSERT INTO CAREER VALUES ('Dwyane Wade', 0, 12, '2003/1/5');
INSERT INTO ATTENDS VALUES ('Dwyane Wade', '2017-10-04 23:00:00', 'Cleveland', 7, 2, 4, 0, 1);
INSERT INTO ATTENDS VALUES ('Dwyane Wade', '2017-10-06 23:30:00', 'Cleveland', 20, 5, 0, 0, 1);
INSERT INTO ATTENDS VALUES ('Dwyane Wade', '2017-10-11 00:00:00', 'Cleveland', 4, 4, 0, 0, 2);
INSERT INTO ATTENDS VALUES ('Dwyane Wade', '2017-10-13 23:00:00', 'Orlando', 15, 2, 0, 2, 0);
INSERT INTO ATTENDS VALUES ('Dwyane Wade', '2017-10-18 00:00:00', 'Cleveland', 8, 2, 3, 2, 0);
INSERT INTO ATTENDS VALUES ('Dwyane Wade', '2017-10-20 23:00:00', 'Milwaukee', 4, 2, 3, 0, 1);
INSERT INTO ATTENDS VALUES ('Dwyane Wade', '2017-10-22 00:00:00', 'Cleveland', 5, 2, 4, 0, 0);
INSERT INTO ATTENDS VALUES ('Dwyane Wade', '2017-10-24 23:00:00', 'Cleveland', 11, 3, 4, 1, 1);
INSERT INTO ATTENDS VALUES ('Dwyane Wade', '2017-10-25 23:30:00', 'Brooklyn', 0, 0, 0, 0, 0);
INSERT INTO ATTENDS VALUES ('Dwyane Wade', '2017-10-28 23:00:00', 'New Orleans', 15, 0, 4, 0, 1);
INSERT INTO ATTENDS VALUES ('Dwyane Wade', '2017-10-29 23:00:00', 'Cleveland', 6, 3, 5, 2, 1);
INSERT INTO PLAYERHAS VALUES ('Nik Stauskas', 'Canada', 24, 2, 'Brooklyn Nets');
INSERT INTO CAREER VALUES ('Nik Stauskas', 0, 0, '2014/1/8');
INSERT INTO ATTENDS VALUES ('Nik Stauskas', '2017-10-04 23:00:00', 'Philadelphia', 9, 2, 0, 0, 0);
INSERT INTO ATTENDS VALUES ('Nik Stauskas', '2017-10-06 23:00:00', 'Philadelphia', 4, 4, 2, 1, 0);
INSERT INTO ATTENDS VALUES ('Nik Stauskas', '2017-10-09 23:30:00', 'Boston', 5, 3, 3, 0, 0);
INSERT INTO ATTENDS VALUES ('Nik Stauskas', '2017-10-11 23:30:00', 'Brooklyn', 4, 0, 1, 0, 0);
INSERT INTO ATTENDS VALUES ('Nik Stauskas', '2017-10-14 00:30:00', 'Philadelphia', 11, 2, 2, 0, 0);
INSERT INTO ATTENDS VALUES ('Nik Stauskas', '2017-10-18 23:00:00', 'Washington', 0, 0, 0, 0, 0);
INSERT INTO ATTENDS VALUES ('Nik Stauskas', '2017-10-20 23:00:00', 'Philadelphia', 0, 0, 0, 0, 0);
INSERT INTO ATTENDS VALUES ('Nik Stauskas', '2017-10-21 23:30:00', 'Toronto', 0, 0, 0, 0, 1);
INSERT INTO ATTENDS VALUES ('Nik Stauskas', '2017-10-23 23:00:00', 'Detroit', 0, 0, 0, 0, 0);
INSERT INTO ATTENDS VALUES ('Nik Stauskas', '2017-10-25 23:00:00', 'Philadelphia', 0, 0, 0, 0, 0);
INSERT INTO ATTENDS VALUES ('Nik Stauskas', '2017-10-29 00:30:00', 'Dallas', 4, 0, 0, 0, 1);
INSERT INTO ATTENDS VALUES ('Nik Stauskas', '2017-10-31 00:00:00', 'Houston', 0, 0, 0, 0, 0);
INSERT INTO PLAYERHAS VALUES ('Spencer Dinwiddie', 'USA', 25, 8, 'Brooklyn Nets');
INSERT INTO CAREER VALUES ('Spencer Dinwiddie', 0, 0, '2014/2/38');
INSERT INTO ATTENDS VALUES ('Spencer Dinwiddie', '2017-10-03 23:30:00', 'New York', 12, 2, 2, 0, 2);
INSERT INTO ATTENDS VALUES ('Spencer Dinwiddie', '2017-10-05 23:30:00', 'Brooklyn', 7, 2, 6, 0, 1);
INSERT INTO ATTENDS VALUES ('Spencer Dinwiddie', '2017-10-08 23:30:00', 'Brooklyn', 7, 3, 2, 1, 1);
INSERT INTO ATTENDS VALUES ('Spencer Dinwiddie', '2017-10-11 23:30:00', 'Brooklyn', 7, 1, 4, 0, 2);
INSERT INTO ATTENDS VALUES ('Spencer Dinwiddie', '2017-10-18 23:00:00', 'Indiana', 2, 3, 4, 0, 0);
INSERT INTO ATTENDS VALUES ('Spencer Dinwiddie', '2017-10-20 23:30:00', 'Brooklyn', 16, 5, 5, 0, 2);
INSERT INTO ATTENDS VALUES ('Spencer Dinwiddie', '2017-10-22 19:30:00', 'Brooklyn', 5, 3, 5, 0, 1);
INSERT INTO ATTENDS VALUES ('Spencer Dinwiddie', '2017-10-24 23:00:00', 'Orlando', 6, 2, 4, 0, 0);
INSERT INTO ATTENDS VALUES ('Spencer Dinwiddie', '2017-10-25 23:30:00', 'Brooklyn', 22, 5, 6, 0, 1);
INSERT INTO ATTENDS VALUES ('Spencer Dinwiddie', '2017-10-27 23:30:00', 'New York', 4, 0, 11, 0, 1);
INSERT INTO ATTENDS VALUES ('Spencer Dinwiddie', '2017-10-29 22:00:00', 'Brooklyn', 22, 4, 4, 0, 3);
INSERT INTO ATTENDS VALUES ('Spencer Dinwiddie', '2017-10-31 23:30:00', 'Brooklyn', 15, 0, 4, 0, 2);
INSERT INTO PLAYERHAS VALUES ('Gary Harris', 'USA', 23, 14, 'Denver Nuggets');
INSERT INTO CAREER VALUES ('Gary Harris', 0, 0, '2014/1/19');
INSERT INTO ATTENDS VALUES ('Gary Harris', '2017-10-01 00:30:00', 'Golden State', 8, 2, 3, 0, 1);
INSERT INTO ATTENDS VALUES ('Gary Harris', '2017-10-03 02:30:00', 'Los Angeles', 25, 2, 1, 0, 1);
INSERT INTO ATTENDS VALUES ('Gary Harris', '2017-10-05 02:00:00', 'Los Angeles', 0, 0, 0, 0, 0);
INSERT INTO ATTENDS VALUES ('Gary Harris', '2017-10-08 20:00:00', 'San Antonio', 15, 3, 1, 0, 1);
INSERT INTO ATTENDS VALUES ('Gary Harris', '2017-10-11 01:00:00', 'Denver', 11, 0, 0, 0, 2);
INSERT INTO ATTENDS VALUES ('Gary Harris', '2017-10-19 01:00:00', 'Utah', 14, 5, 3, 0, 1);
INSERT INTO ATTENDS VALUES ('Gary Harris', '2017-10-22 01:00:00', 'Denver', 17, 0, 1, 0, 1);
INSERT INTO ATTENDS VALUES ('Gary Harris', '2017-10-24 01:00:00', 'Denver', 2, 5, 6, 0, 1);
INSERT INTO ATTENDS VALUES ('Gary Harris', '2017-10-25 23:00:00', 'Charlotte', 18, 2, 1, 0, 1);
INSERT INTO ATTENDS VALUES ('Gary Harris', '2017-10-27 23:30:00', 'Atlanta', 18, 3, 3, 0, 2);
INSERT INTO ATTENDS VALUES ('Gary Harris', '2017-10-29 22:00:00', 'Brooklyn', 14, 1, 3, 0, 3);
INSERT INTO ATTENDS VALUES ('Gary Harris', '2017-10-30 23:30:00', 'New York', 18, 2, 3, 1, 3);
INSERT INTO PLAYERHAS VALUES ('Richaun Holmes', 'USA', 24, 22, 'Philadelphia 76ers');
INSERT INTO CAREER VALUES ('Richaun Holmes', 0, 0, '2015/2/37');
INSERT INTO ATTENDS VALUES ('Richaun Holmes', '2017-10-04 23:00:00', 'Philadelphia', 9, 3, 0, 2, 0);
INSERT INTO ATTENDS VALUES ('Richaun Holmes', '2017-10-06 23:00:00', 'Philadelphia', 5, 2, 0, 0, 0);
INSERT INTO ATTENDS VALUES ('Richaun Holmes', '2017-10-09 23:30:00', 'Boston', 0, 0, 0, 0, 0);
INSERT INTO ATTENDS VALUES ('Richaun Holmes', '2017-10-11 23:30:00', 'Brooklyn', 0, 0, 0, 0, 0);
INSERT INTO ATTENDS VALUES ('Richaun Holmes', '2017-10-14 00:30:00', 'Philadelphia', 0, 0, 0, 0, 0);
INSERT INTO PLAYERHAS VALUES ('Justise Winslow', 'USA', 22, 20, 'Miami Heat');
INSERT INTO CAREER VALUES ('Justise Winslow', 0, 0, '2015/1/10');
INSERT INTO ATTENDS VALUES ('Justise Winslow', '2017-10-01 22:00:00', 'Miami', 6, 8, 2, 3, 1);
INSERT INTO ATTENDS VALUES ('Justise Winslow', '2017-10-05 23:30:00', 'Brooklyn', 8, 1, 4, 1, 2);
INSERT INTO ATTENDS VALUES ('Justise Winslow', '2017-10-07 23:00:00', 'Orlando', 1, 2, 1, 0, 1);
INSERT INTO ATTENDS VALUES ('Justise Winslow', '2017-10-09 23:30:00', 'Miami', 4, 5, 0, 0, 0);
INSERT INTO ATTENDS VALUES ('Justise Winslow', '2017-10-11 23:30:00', 'Miami', 7, 7, 9, 0, 1);
INSERT INTO ATTENDS VALUES ('Justise Winslow', '2017-10-14 00:30:00', 'Philadelphia', 10, 7, 3, 0, 1);
INSERT INTO ATTENDS VALUES ('Justise Winslow', '2017-10-18 23:00:00', 'Orlando', 10, 4, 2, 0, 1);
INSERT INTO ATTENDS VALUES ('Justise Winslow', '2017-10-22 00:00:00', 'Miami', 6, 6, 0, 1, 1);
INSERT INTO ATTENDS VALUES ('Justise Winslow', '2017-10-23 23:30:00', 'Miami', 8, 5, 1, 0, 1);
INSERT INTO ATTENDS VALUES ('Justise Winslow', '2017-10-26 00:00:00', 'Miami', 4, 1, 1, 0, 0);
INSERT INTO ATTENDS VALUES ('Justise Winslow', '2017-10-29 00:00:00', 'Miami', 6, 12, 3, 2, 1);
INSERT INTO ATTENDS VALUES ('Justise Winslow', '2017-10-30 23:30:00', 'Miami', 10, 8, 2, 0, 0);
INSERT INTO PLAYERHAS VALUES ('D''Angelo Russell', 'USA', 22, 1, 'Brooklyn Nets');
INSERT INTO CAREER VALUES ('D''Angelo Russell', 0, 0, '2015/1/2');
INSERT INTO ATTENDS VALUES ('D''Angelo Russell', '2017-10-03 23:30:00', 'New York', 19, 2, 4, 1, 2);
INSERT INTO ATTENDS VALUES ('D''Angelo Russell', '2017-10-05 23:30:00', 'Brooklyn', 9, 3, 1, 0, 2);
INSERT INTO ATTENDS VALUES ('D''Angelo Russell', '2017-10-08 23:30:00', 'Brooklyn', 16, 3, 7, 1, 3);
INSERT INTO ATTENDS VALUES ('D''Angelo Russell', '2017-10-11 23:30:00', 'Brooklyn', 24, 1, 3, 0, 2);
INSERT INTO ATTENDS VALUES ('D''Angelo Russell', '2017-10-18 23:00:00', 'Indiana', 30, 3, 5, 0, 1);
INSERT INTO ATTENDS VALUES ('D''Angelo Russell', '2017-10-20 23:30:00', 'Brooklyn', 17, 3, 6, 0, 3);
INSERT INTO ATTENDS VALUES ('D''Angelo Russell', '2017-10-22 19:30:00', 'Brooklyn', 16, 7, 10, 0, 1);
INSERT INTO ATTENDS VALUES ('D''Angelo Russell', '2017-10-24 23:00:00', 'Orlando', 29, 5, 1, 0, 2);
INSERT INTO ATTENDS VALUES ('D''Angelo Russell', '2017-10-27 23:30:00', 'New York', 15, 2, 1, 0, 0);
INSERT INTO ATTENDS VALUES ('D''Angelo Russell', '2017-10-29 22:00:00', 'Brooklyn', 12, 3, 8, 0, 0);
INSERT INTO ATTENDS VALUES ('D''Angelo Russell', '2017-10-31 23:30:00', 'Brooklyn', 33, 6, 4, 0, 0);
INSERT INTO PLAYERHAS VALUES ('Karl-Anthony Towns', 'USA', 22, 32, 'Minnesota Timberwolves');
INSERT INTO CAREER VALUES ('Karl-Anthony Towns', 0, 1, '2015/1/1');
INSERT INTO ATTENDS VALUES ('Karl-Anthony Towns', '2017-10-01 02:00:00', 'Los Angeles', 15, 6, 3, 2, 0);
INSERT INTO ATTENDS VALUES ('Karl-Anthony Towns', '2017-10-05 06:00:00', 'Golden State', 16, 8, 3, 0, 0);
INSERT INTO ATTENDS VALUES ('Karl-Anthony Towns', '2017-10-08 11:00:00', 'Minnesota', 16, 4, 0, 0, 1);
INSERT INTO ATTENDS VALUES ('Karl-Anthony Towns', '2017-10-19 01:30:00', 'San Antonio', 18, 13, 1, 1, 2);
INSERT INTO ATTENDS VALUES ('Karl-Anthony Towns', '2017-10-21 00:00:00', 'Minnesota', 20, 10, 1, 2, 1);
INSERT INTO ATTENDS VALUES ('Karl-Anthony Towns', '2017-10-22 23:00:00', 'Oklahoma City', 27, 12, 1, 1, 0);
INSERT INTO ATTENDS VALUES ('Karl-Anthony Towns', '2017-10-25 00:00:00', 'Minnesota', 28, 7, 2, 2, 0);
INSERT INTO ATTENDS VALUES ('Karl-Anthony Towns', '2017-10-25 23:00:00', 'Detroit', 23, 10, 1, 1, 0);
INSERT INTO ATTENDS VALUES ('Karl-Anthony Towns', '2017-10-28 00:00:00', 'Minnesota', 33, 19, 0, 4, 0);
INSERT INTO ATTENDS VALUES ('Karl-Anthony Towns', '2017-10-30 23:30:00', 'Miami', 20, 12, 1, 3, 1);
INSERT INTO PLAYERHAS VALUES ('RJ Hunter', 'USA', 24, 2, 'Houston Rockets');
INSERT INTO CAREER VALUES ('RJ Hunter', 0, 0, '2015/1/28');
INSERT INTO PLAYERHAS VALUES ('Sam Dekker', 'USA', 24, 7, 'LA Clippers');
INSERT INTO CAREER VALUES ('Sam Dekker', 0, 0, '2015/1/18');
INSERT INTO ATTENDS VALUES ('Sam Dekker', '2017-10-02 02:00:00', 'Toronto', 4, 3, 0, 0, 0);
INSERT INTO ATTENDS VALUES ('Sam Dekker', '2017-10-04 05:00:00', 'LA', 5, 3, 2, 0, 0);
INSERT INTO ATTENDS VALUES ('Sam Dekker', '2017-10-08 19:30:00', 'LA', 0, 0, 0, 0, 0);
INSERT INTO ATTENDS VALUES ('Sam Dekker', '2017-10-13 02:30:00', 'LA', 0, 0, 0, 0, 0);
INSERT INTO ATTENDS VALUES ('Sam Dekker', '2017-10-14 02:30:00', 'LA', 0, 0, 0, 0, 0);
INSERT INTO ATTENDS VALUES ('Sam Dekker', '2017-10-20 02:30:00', 'Los Angeles', 0, 1, 0, 0, 0);
INSERT INTO ATTENDS VALUES ('Sam Dekker', '2017-10-22 02:30:00', 'LA', 7, 2, 2, 0, 0);
INSERT INTO ATTENDS VALUES ('Sam Dekker', '2017-10-25 02:30:00', 'LA', 0, 0, 0, 0, 0);
INSERT INTO ATTENDS VALUES ('Sam Dekker', '2017-10-27 02:00:00', 'Portland', 0, 1, 0, 0, 0);
INSERT INTO ATTENDS VALUES ('Sam Dekker', '2017-10-29 02:30:00', 'LA', 0, 0, 0, 0, 0);
INSERT INTO ATTENDS VALUES ('Sam Dekker', '2017-10-31 02:30:00', 'LA', 5, 2, 0, 0, 0);
INSERT INTO PLAYERHAS VALUES ('Delon Wright', 'USA', 26, 55, 'Toronto Raptors');
INSERT INTO CAREER VALUES ('Delon Wright', 0, 0, '2015/1/20');
INSERT INTO ATTENDS VALUES ('Delon Wright', '2017-10-02 02:00:00', 'Toronto', 11, 4, 3, 0, 1);
INSERT INTO ATTENDS VALUES ('Delon Wright', '2017-10-04 05:00:00', 'LA', 6, 2, 3, 0, 0);
INSERT INTO ATTENDS VALUES ('Delon Wright', '2017-10-06 02:00:00', 'Portland', 11, 3, 3, 0, 0);
INSERT INTO ATTENDS VALUES ('Delon Wright', '2017-10-10 23:00:00', 'Toronto', 10, 5, 6, 0, 1);
INSERT INTO ATTENDS VALUES ('Delon Wright', '2017-10-14 00:00:00', 'Chicago', 7, 4, 4, 0, 2);
INSERT INTO ATTENDS VALUES ('Delon Wright', '2017-10-19 23:30:00', 'Toronto', 13, 2, 5, 0, 1);
INSERT INTO ATTENDS VALUES ('Delon Wright', '2017-10-21 23:30:00', 'Toronto', 14, 5, 1, 2, 0);
INSERT INTO ATTENDS VALUES ('Delon Wright', '2017-10-24 00:30:00', 'San Antonio', 4, 3, 4, 1, 1);
INSERT INTO ATTENDS VALUES ('Delon Wright', '2017-10-26 02:30:00', 'Golden State', 7, 6, 2, 1, 0);
INSERT INTO ATTENDS VALUES ('Delon Wright', '2017-10-28 02:30:00', 'Los Angeles', 2, 1, 1, 0, 0);
INSERT INTO ATTENDS VALUES ('Delon Wright', '2017-10-31 02:00:00', 'Portland', 7, 5, 2, 0, 2);
INSERT INTO PLAYERHAS VALUES ('Andrew Harrison', 'USA', 23, 5, 'Memphis Grizzlies');
INSERT INTO CAREER VALUES ('Andrew Harrison', 0, 0, '2015/2/44');
INSERT INTO ATTENDS VALUES ('Andrew Harrison', '2017-10-03 00:00:00', 'Memphis', 4, 1, 1, 0, 0);
INSERT INTO ATTENDS VALUES ('Andrew Harrison', '2017-10-04 23:00:00', 'Philadelphia', 14, 2, 5, 0, 2);
INSERT INTO ATTENDS VALUES ('Andrew Harrison', '2017-10-09 23:30:00', 'Atlanta', 8, 3, 2, 0, 0);
INSERT INTO ATTENDS VALUES ('Andrew Harrison', '2017-10-12 01:30:00', 'Memphis', 17, 6, 2, 0, 5);
INSERT INTO ATTENDS VALUES ('Andrew Harrison', '2017-10-14 00:00:00', 'Memphis', 0, 0, 1, 0, 2);
INSERT INTO ATTENDS VALUES ('Andrew Harrison', '2017-10-19 00:00:00', 'Memphis', 2, 2, 1, 1, 0);
INSERT INTO ATTENDS VALUES ('Andrew Harrison', '2017-10-22 00:00:00', 'Memphis', 5, 0, 0, 0, 0);
INSERT INTO ATTENDS VALUES ('Andrew Harrison', '2017-10-24 00:00:00', 'Houston', 4, 2, 2, 0, 0);
INSERT INTO ATTENDS VALUES ('Andrew Harrison', '2017-10-26 00:30:00', 'Dallas', 7, 2, 2, 0, 1);
INSERT INTO ATTENDS VALUES ('Andrew Harrison', '2017-10-27 00:00:00', 'Memphis', 4, 0, 1, 0, 1);
INSERT INTO ATTENDS VALUES ('Andrew Harrison', '2017-10-29 00:00:00', 'Memphis', 5, 1, 1, 0, 1);
INSERT INTO ATTENDS VALUES ('Andrew Harrison', '2017-10-31 00:00:00', 'Memphis', 7, 3, 0, 1, 1);
INSERT INTO PLAYERHAS VALUES ('Paul Millsap', 'USA', 33, 4, 'Denver Nuggets');
INSERT INTO CAREER VALUES ('Paul Millsap', 0, 4, '2006/2/47');
INSERT INTO ATTENDS VALUES ('Paul Millsap', '2017-10-01 00:30:00', 'Golden State', 22, 11, 2, 0, 1);
INSERT INTO ATTENDS VALUES ('Paul Millsap', '2017-10-03 02:30:00', 'Los Angeles', 11, 3, 2, 2, 2);
INSERT INTO ATTENDS VALUES ('Paul Millsap', '2017-10-05 02:00:00', 'Los Angeles', 0, 0, 0, 0, 0);
INSERT INTO ATTENDS VALUES ('Paul Millsap', '2017-10-08 20:00:00', 'San Antonio', 13, 7, 3, 1, 2);
INSERT INTO ATTENDS VALUES ('Paul Millsap', '2017-10-11 01:00:00', 'Denver', 6, 5, 0, 0, 0);
INSERT INTO ATTENDS VALUES ('Paul Millsap', '2017-10-19 01:00:00', 'Utah', 19, 6, 1, 0, 0);
INSERT INTO ATTENDS VALUES ('Paul Millsap', '2017-10-22 01:00:00', 'Denver', 18, 9, 2, 1, 0);
INSERT INTO ATTENDS VALUES ('Paul Millsap', '2017-10-24 01:00:00', 'Denver', 17, 8, 0, 0, 0);
INSERT INTO ATTENDS VALUES ('Paul Millsap', '2017-10-25 23:00:00', 'Charlotte', 8, 5, 0, 0, 0);
INSERT INTO ATTENDS VALUES ('Paul Millsap', '2017-10-27 23:30:00', 'Atlanta', 16, 6, 3, 1, 2);
INSERT INTO ATTENDS VALUES ('Paul Millsap', '2017-10-29 22:00:00', 'Brooklyn', 13, 11, 5, 3, 0);
INSERT INTO ATTENDS VALUES ('Paul Millsap', '2017-10-30 23:30:00', 'New York', 8, 10, 4, 1, 2);
INSERT INTO PLAYERHAS VALUES ('James Johnson', 'USA', 31, 16, 'Miami Heat');
INSERT INTO CAREER VALUES ('James Johnson', 0, 0, '2009/1/16');
INSERT INTO ATTENDS VALUES ('James Johnson', '2017-10-01 22:00:00', 'Miami', 2, 1, 1, 1, 0);
INSERT INTO ATTENDS VALUES ('James Johnson', '2017-10-05 23:30:00', 'Brooklyn', 2, 4, 2, 2, 1);
INSERT INTO ATTENDS VALUES ('James Johnson', '2017-10-07 23:00:00', 'Orlando', 8, 4, 4, 0, 0);
INSERT INTO ATTENDS VALUES ('James Johnson', '2017-10-09 23:30:00', 'Miami', 13, 4, 4, 0, 0);
INSERT INTO ATTENDS VALUES ('James Johnson', '2017-10-11 23:30:00', 'Miami', 12, 6, 4, 1, 1);
INSERT INTO ATTENDS VALUES ('James Johnson', '2017-10-14 00:30:00', 'Philadelphia', 13, 2, 2, 1, 1);
INSERT INTO ATTENDS VALUES ('James Johnson', '2017-10-18 23:00:00', 'Orlando', 11, 4, 8, 1, 1);
INSERT INTO ATTENDS VALUES ('James Johnson', '2017-10-22 00:00:00', 'Miami', 14, 4, 8, 5, 0);
INSERT INTO ATTENDS VALUES ('James Johnson', '2017-10-23 23:30:00', 'Miami', 8, 7, 5, 0, 3);
INSERT INTO ATTENDS VALUES ('James Johnson', '2017-10-26 00:00:00', 'Miami', 21, 9, 4, 0, 1);
INSERT INTO ATTENDS VALUES ('James Johnson', '2017-10-29 00:00:00', 'Miami', 16, 5, 2, 0, 1);
INSERT INTO ATTENDS VALUES ('James Johnson', '2017-10-30 23:30:00', 'Miami', 2, 7, 1, 1, 1);
INSERT INTO PLAYERHAS VALUES ('DeMar DeRozan', 'USA', 28, 10, 'Toronto Raptors');
INSERT INTO CAREER VALUES ('DeMar DeRozan', 0, 4, '2009/1/9');
INSERT INTO ATTENDS VALUES ('DeMar DeRozan', '2017-10-02 02:00:00', 'Toronto', 11, 4, 4, 0, 3);
INSERT INTO ATTENDS VALUES ('DeMar DeRozan', '2017-10-04 05:00:00', 'LA', 15, 3, 4, 0, 1);
INSERT INTO ATTENDS VALUES ('DeMar DeRozan', '2017-10-06 02:00:00', 'Portland', 0, 0, 0, 0, 0);
INSERT INTO ATTENDS VALUES ('DeMar DeRozan', '2017-10-10 23:00:00', 'Toronto', 13, 2, 7, 1, 0);
INSERT INTO ATTENDS VALUES ('DeMar DeRozan', '2017-10-14 00:00:00', 'Chicago', 7, 1, 4, 1, 1);
INSERT INTO ATTENDS VALUES ('DeMar DeRozan', '2017-10-19 23:30:00', 'Toronto', 11, 6, 5, 1, 2);
INSERT INTO ATTENDS VALUES ('DeMar DeRozan', '2017-10-21 23:30:00', 'Toronto', 30, 3, 3, 0, 0);
INSERT INTO ATTENDS VALUES ('DeMar DeRozan', '2017-10-24 00:30:00', 'San Antonio', 28, 2, 4, 0, 3);
INSERT INTO ATTENDS VALUES ('DeMar DeRozan', '2017-10-26 02:30:00', 'Golden State', 24, 3, 6, 0, 6);
INSERT INTO ATTENDS VALUES ('DeMar DeRozan', '2017-10-28 02:30:00', 'Los Angeles', 24, 5, 5, 0, 3);
INSERT INTO ATTENDS VALUES ('DeMar DeRozan', '2017-10-31 02:00:00', 'Portland', 25, 3, 4, 0, 0);
INSERT INTO PLAYERHAS VALUES ('Brandon Jennings', 'USA', 28, 11, 'Milwaukee Bucks');
INSERT INTO CAREER VALUES ('Brandon Jennings', 0, 0, '2009/1/10');
INSERT INTO PLAYERHAS VALUES ('Kyle Kuzma', 'USA', 22, 0, 'Los Angeles Lakers');
INSERT INTO CAREER VALUES ('Kyle Kuzma', 0, 0, '2017/1/27');
INSERT INTO ATTENDS VALUES ('Kyle Kuzma', '2017-10-01 02:00:00', 'Los Angeles', 19, 5, 0, 0, 1);
INSERT INTO ATTENDS VALUES ('Kyle Kuzma', '2017-10-03 02:30:00', 'Los Angeles', 23, 2, 2, 0, 0);
INSERT INTO ATTENDS VALUES ('Kyle Kuzma', '2017-10-05 02:00:00', 'Los Angeles', 21, 2, 0, 0, 0);
INSERT INTO ATTENDS VALUES ('Kyle Kuzma', '2017-10-09 01:00:00', 'Los Angeles', 15, 8, 3, 0, 0);
INSERT INTO ATTENDS VALUES ('Kyle Kuzma', '2017-10-11 02:30:00', 'Los Angeles', 18, 4, 1, 0, 1);
INSERT INTO ATTENDS VALUES ('Kyle Kuzma', '2017-10-14 02:30:00', 'LA', 8, 4, 5, 0, 0);
INSERT INTO ATTENDS VALUES ('Kyle Kuzma', '2017-10-20 02:30:00', 'Los Angeles', 8, 4, 1, 0, 2);
INSERT INTO ATTENDS VALUES ('Kyle Kuzma', '2017-10-21 02:00:00', 'Phoenix', 15, 3, 2, 0, 0);
INSERT INTO ATTENDS VALUES ('Kyle Kuzma', '2017-10-23 01:30:00', 'Los Angeles', 20, 6, 2, 0, 1);
INSERT INTO ATTENDS VALUES ('Kyle Kuzma', '2017-10-26 02:30:00', 'Los Angeles', 15, 3, 0, 0, 0);
INSERT INTO ATTENDS VALUES ('Kyle Kuzma', '2017-10-28 02:30:00', 'Los Angeles', 15, 10, 1, 0, 0);
INSERT INTO ATTENDS VALUES ('Kyle Kuzma', '2017-10-29 01:00:00', 'Utah', 9, 3, 3, 0, 1);
INSERT INTO ATTENDS VALUES ('Kyle Kuzma', '2017-11-01 02:30:00', 'Los Angeles', 16, 6, 3, 0, 0);
INSERT INTO PLAYERHAS VALUES ('Tyler Lydon', 'USA', 22, 20, 'Denver Nuggets');
INSERT INTO CAREER VALUES ('Tyler Lydon', 0, 0, '2017/1/24');
INSERT INTO ATTENDS VALUES ('Tyler Lydon', '2017-10-01 00:30:00', 'Golden State', 0, 1, 0, 0, 0);
INSERT INTO ATTENDS VALUES ('Tyler Lydon', '2017-10-03 02:30:00', 'Los Angeles', 2, 1, 0, 0, 0);
INSERT INTO ATTENDS VALUES ('Tyler Lydon', '2017-10-05 02:00:00', 'Los Angeles', 0, 0, 2, 0, 1);
INSERT INTO ATTENDS VALUES ('Tyler Lydon', '2017-10-08 20:00:00', 'San Antonio', 0, 2, 1, 0, 1);
INSERT INTO ATTENDS VALUES ('Tyler Lydon', '2017-10-11 01:00:00', 'Denver', 3, 1, 0, 1, 0);
INSERT INTO PLAYERHAS VALUES ('Tony Bradley', 'USA', 20, 13, 'Utah Jazz');
INSERT INTO CAREER VALUES ('Tony Bradley', 0, 0, '2017/1/28');
INSERT INTO ATTENDS VALUES ('Tony Bradley', '2017-10-07 01:00:00', 'Utah', 0, 1, 0, 0, 0);
INSERT INTO ATTENDS VALUES ('Tony Bradley', '2017-10-10 02:00:00', 'Phoenix', 13, 2, 0, 0, 0);
INSERT INTO ATTENDS VALUES ('Tony Bradley', '2017-10-11 02:30:00', 'Los Angeles', 0, 0, 0, 0, 0);
INSERT INTO ATTENDS VALUES ('Tony Bradley', '2017-10-25 02:30:00', 'LA', 0, 0, 0, 0, 0);
INSERT INTO PLAYERHAS VALUES ('Dario Saric', 'Croatia', 24, 9, 'Philadelphia 76ers');
INSERT INTO CAREER VALUES ('Dario Saric', 0, 0, '2014/1/12');
INSERT INTO ATTENDS VALUES ('Dario Saric', '2017-10-04 23:00:00', 'Philadelphia', 0, 0, 0, 0, 0);
INSERT INTO ATTENDS VALUES ('Dario Saric', '2017-10-06 23:00:00', 'Philadelphia', 0, 0, 0, 0, 0);
INSERT INTO ATTENDS VALUES ('Dario Saric', '2017-10-09 23:30:00', 'Boston', 9, 7, 1, 1, 0);
INSERT INTO ATTENDS VALUES ('Dario Saric', '2017-10-11 23:30:00', 'Brooklyn', 26, 9, 0, 0, 3);
INSERT INTO ATTENDS VALUES ('Dario Saric', '2017-10-14 00:30:00', 'Philadelphia', 8, 4, 0, 0, 2);
INSERT INTO ATTENDS VALUES ('Dario Saric', '2017-10-18 23:00:00', 'Washington', 3, 3, 2, 1, 0);
INSERT INTO ATTENDS VALUES ('Dario Saric', '2017-10-20 23:00:00', 'Philadelphia', 9, 10, 2, 1, 0);
INSERT INTO ATTENDS VALUES ('Dario Saric', '2017-10-21 23:30:00', 'Toronto', 9, 7, 1, 0, 0);
INSERT INTO ATTENDS VALUES ('Dario Saric', '2017-10-23 23:00:00', 'Detroit', 7, 1, 1, 0, 0);
INSERT INTO ATTENDS VALUES ('Dario Saric', '2017-10-25 23:00:00', 'Philadelphia', 0, 2, 1, 0, 1);
INSERT INTO ATTENDS VALUES ('Dario Saric', '2017-10-29 00:30:00', 'Dallas', 12, 1, 3, 0, 1);
INSERT INTO ATTENDS VALUES ('Dario Saric', '2017-10-31 00:00:00', 'Houston', 14, 6, 1, 0, 0);
INSERT INTO PLAYERHAS VALUES ('Jordan Bell', 'USA', 23, 2, 'Golden State Warriors');
INSERT INTO CAREER VALUES ('Jordan Bell', 0, 0, '2017/2/38');
INSERT INTO ATTENDS VALUES ('Jordan Bell', '2017-10-01 00:30:00', 'Golden State', 4, 1, 2, 1, 0);
INSERT INTO ATTENDS VALUES ('Jordan Bell', '2017-10-05 06:00:00', 'Golden State', 4, 3, 1, 0, 0);
INSERT INTO ATTENDS VALUES ('Jordan Bell', '2017-10-08 11:00:00', 'Minnesota', 11, 1, 0, 1, 2);
INSERT INTO ATTENDS VALUES ('Jordan Bell', '2017-10-14 02:30:00', 'Golden State', 10, 11, 4, 2, 2);
INSERT INTO ATTENDS VALUES ('Jordan Bell', '2017-10-18 02:30:00', 'Golden State', 8, 1, 1, 0, 0);
INSERT INTO ATTENDS VALUES ('Jordan Bell', '2017-10-21 01:30:00', 'New Orleans', 4, 2, 0, 0, 1);
INSERT INTO ATTENDS VALUES ('Jordan Bell', '2017-10-22 00:00:00', 'Memphis', 0, 2, 0, 1, 0);
INSERT INTO ATTENDS VALUES ('Jordan Bell', '2017-10-24 00:30:00', 'Dallas', 6, 4, 2, 1, 0);
INSERT INTO ATTENDS VALUES ('Jordan Bell', '2017-10-26 02:30:00', 'Golden State', 6, 2, 0, 1, 1);
INSERT INTO ATTENDS VALUES ('Jordan Bell', '2017-10-31 02:30:00', 'LA', 8, 2, 2, 0, 1);
INSERT INTO PLAYERHAS VALUES ('Josh Huestis', 'USA', 26, 34, 'Oklahoma City Thunder');
INSERT INTO CAREER VALUES ('Josh Huestis', 0, 0, '2014/1/29');
INSERT INTO ATTENDS VALUES ('Josh Huestis', '2017-10-04 00:00:00', 'Oklahoma City', 5, 6, 0, 2, 0);
INSERT INTO ATTENDS VALUES ('Josh Huestis', '2017-10-07 00:00:00', 'Oklahoma City', 8, 4, 1, 1, 0);
INSERT INTO ATTENDS VALUES ('Josh Huestis', '2017-10-11 01:00:00', 'Denver', 15, 9, 0, 0, 1);
INSERT INTO ATTENDS VALUES ('Josh Huestis', '2017-10-20 00:00:00', 'Oklahoma City', 0, 1, 0, 0, 0);
INSERT INTO ATTENDS VALUES ('Josh Huestis', '2017-10-22 01:00:00', 'Utah', 3, 0, 0, 0, 1);
INSERT INTO ATTENDS VALUES ('Josh Huestis', '2017-10-22 23:00:00', 'Oklahoma City', 0, 4, 1, 2, 0);
INSERT INTO ATTENDS VALUES ('Josh Huestis', '2017-10-26 00:00:00', 'Oklahoma City', 3, 3, 0, 0, 1);
INSERT INTO ATTENDS VALUES ('Josh Huestis', '2017-10-28 00:00:00', 'Minnesota', 3, 3, 0, 1, 0);
INSERT INTO ATTENDS VALUES ('Josh Huestis', '2017-10-29 00:00:00', 'Chicago', 2, 2, 1, 1, 0);
INSERT INTO ATTENDS VALUES ('Josh Huestis', '2017-11-01 00:00:00', 'Milwaukee', 0, 2, 1, 1, 0);
INSERT INTO PLAYERHAS VALUES ('Jawun Evans', 'USA', 21, 1, 'LA Clippers');
INSERT INTO CAREER VALUES ('Jawun Evans', 0, 0, '2017/2/39');
INSERT INTO ATTENDS VALUES ('Jawun Evans', '2017-10-02 02:00:00', 'Toronto', 0, 0, 0, 0, 0);
INSERT INTO ATTENDS VALUES ('Jawun Evans', '2017-10-04 05:00:00', 'LA', 1, 2, 1, 0, 0);
INSERT INTO ATTENDS VALUES ('Jawun Evans', '2017-10-08 19:30:00', 'LA', 11, 0, 2, 0, 1);
INSERT INTO ATTENDS VALUES ('Jawun Evans', '2017-10-13 02:30:00', 'LA', 4, 2, 2, 0, 1);
INSERT INTO ATTENDS VALUES ('Jawun Evans', '2017-10-14 02:30:00', 'LA', 22, 4, 8, 0, 2);
INSERT INTO ATTENDS VALUES ('Jawun Evans', '2017-10-25 02:30:00', 'LA', 0, 0, 0, 0, 0);
INSERT INTO ATTENDS VALUES ('Jawun Evans', '2017-10-27 02:00:00', 'Portland', 0, 0, 0, 0, 0);
INSERT INTO ATTENDS VALUES ('Jawun Evans', '2017-10-29 02:30:00', 'LA', 0, 0, 0, 0, 0);
INSERT INTO ATTENDS VALUES ('Jawun Evans', '2017-10-31 02:30:00', 'LA', 6, 0, 1, 0, 0);
INSERT INTO PLAYERHAS VALUES ('Damyean Dotson', 'USA', 24, 21, 'New York Knicks');
INSERT INTO CAREER VALUES ('Damyean Dotson', 0, 0, '2017/2/44');
INSERT INTO ATTENDS VALUES ('Damyean Dotson', '2017-10-03 23:30:00', 'New York', 2, 3, 1, 0, 0);
INSERT INTO ATTENDS VALUES ('Damyean Dotson', '2017-10-06 23:00:00', 'Washington', 7, 6, 0, 0, 1);
INSERT INTO ATTENDS VALUES ('Damyean Dotson', '2017-10-08 23:30:00', 'Brooklyn', 2, 4, 0, 0, 1);
INSERT INTO ATTENDS VALUES ('Damyean Dotson', '2017-10-09 23:30:00', 'New York', 17, 2, 2, 0, 0);
INSERT INTO ATTENDS VALUES ('Damyean Dotson', '2017-10-13 23:30:00', 'New York', 3, 1, 1, 0, 2);
INSERT INTO ATTENDS VALUES ('Damyean Dotson', '2017-10-20 00:00:00', 'Oklahoma City', 0, 0, 0, 0, 0);
INSERT INTO ATTENDS VALUES ('Damyean Dotson', '2017-10-22 00:00:00', 'New York', 0, 0, 0, 0, 0);
INSERT INTO ATTENDS VALUES ('Damyean Dotson', '2017-10-24 23:30:00', 'Boston', 0, 1, 0, 0, 0);
INSERT INTO ATTENDS VALUES ('Damyean Dotson', '2017-10-27 23:30:00', 'New York', 0, 1, 0, 0, 0);
INSERT INTO ATTENDS VALUES ('Damyean Dotson', '2017-10-29 23:00:00', 'Cleveland', 0, 0, 0, 0, 0);
INSERT INTO ATTENDS VALUES ('Damyean Dotson', '2017-10-30 23:30:00', 'New York', 0, 5, 2, 0, 0);
INSERT INTO PLAYERHAS VALUES ('D.J. Wilson', 'USA', 22, 5, 'Milwaukee Bucks');
INSERT INTO CAREER VALUES ('D.J. Wilson', 0, 0, '2017/1/17');
INSERT INTO ATTENDS VALUES ('D.J. Wilson', '2017-10-03 00:30:00', 'Dallas', 9, 1, 0, 0, 0);
INSERT INTO ATTENDS VALUES ('D.J. Wilson', '2017-10-05 00:00:00', 'Milwaukee', 6, 7, 3, 0, 1);
INSERT INTO ATTENDS VALUES ('D.J. Wilson', '2017-10-07 00:00:00', 'Chicago', 6, 2, 0, 0, 0);
INSERT INTO ATTENDS VALUES ('D.J. Wilson', '2017-10-14 00:30:00', 'Milwaukee', 4, 3, 0, 0, 0);
INSERT INTO ATTENDS VALUES ('D.J. Wilson', '2017-10-18 23:30:00', 'Boston', 0, 0, 0, 0, 0);
INSERT INTO ATTENDS VALUES ('D.J. Wilson', '2017-10-20 23:00:00', 'Milwaukee', 0, 0, 0, 0, 0);
INSERT INTO ATTENDS VALUES ('D.J. Wilson', '2017-10-22 00:30:00', 'Milwaukee', 0, 0, 0, 0, 0);
INSERT INTO ATTENDS VALUES ('D.J. Wilson', '2017-10-24 00:00:00', 'Milwaukee', 0, 0, 0, 0, 0);
INSERT INTO ATTENDS VALUES ('D.J. Wilson', '2017-10-27 00:00:00', 'Milwaukee', 0, 0, 0, 0, 0);
INSERT INTO ATTENDS VALUES ('D.J. Wilson', '2017-10-29 19:30:00', 'Atlanta', 0, 1, 0, 0, 0);
INSERT INTO ATTENDS VALUES ('D.J. Wilson', '2017-11-01 00:00:00', 'Milwaukee', 4, 1, 0, 0, 0);
INSERT INTO PLAYERHAS VALUES ('Cody Zeller', 'USA', 25, 40, 'Charlotte Hornets');
INSERT INTO CAREER VALUES ('Cody Zeller', 0, 0, '2013/1/4');
INSERT INTO ATTENDS VALUES ('Cody Zeller', '2017-10-02 23:30:00', 'Boston', 7, 1, 1, 0, 0);
INSERT INTO ATTENDS VALUES ('Cody Zeller', '2017-10-04 23:00:00', 'Detroit', 9, 4, 3, 0, 4);
INSERT INTO ATTENDS VALUES ('Cody Zeller', '2017-10-09 23:30:00', 'Miami', 9, 8, 1, 1, 1);
INSERT INTO ATTENDS VALUES ('Cody Zeller', '2017-10-11 23:00:00', 'Charlotte', 10, 9, 1, 0, 0);
INSERT INTO ATTENDS VALUES ('Cody Zeller', '2017-10-13 22:00:00', 'Charlotte', 11, 4, 3, 0, 1);
INSERT INTO ATTENDS VALUES ('Cody Zeller', '2017-10-18 23:00:00', 'Detroit', 8, 9, 0, 1, 0);
INSERT INTO ATTENDS VALUES ('Cody Zeller', '2017-10-20 23:00:00', 'Charlotte', 0, 0, 0, 0, 0);
INSERT INTO ATTENDS VALUES ('Cody Zeller', '2017-10-24 00:00:00', 'Milwaukee', 0, 0, 0, 0, 0);
INSERT INTO ATTENDS VALUES ('Cody Zeller', '2017-10-25 23:00:00', 'Charlotte', 0, 0, 0, 0, 0);
INSERT INTO ATTENDS VALUES ('Cody Zeller', '2017-10-27 23:00:00', 'Charlotte', 0, 0, 0, 0, 0);
INSERT INTO ATTENDS VALUES ('Cody Zeller', '2017-10-29 22:00:00', 'Charlotte', 6, 6, 1, 1, 0);
INSERT INTO ATTENDS VALUES ('Cody Zeller', '2017-10-31 00:00:00', 'Memphis', 11, 8, 0, 3, 0);
INSERT INTO PLAYERHAS VALUES ('CJ McCollum', 'USA', 26, 3, 'Portland Trail Blazers');
INSERT INTO CAREER VALUES ('CJ McCollum', 0, 0, '2013/1/10');
INSERT INTO ATTENDS VALUES ('CJ McCollum', '2017-10-04 02:00:00', 'Portland', 10, 3, 3, 0, 0);
INSERT INTO ATTENDS VALUES ('CJ McCollum', '2017-10-06 02:00:00', 'Portland', 15, 2, 4, 1, 3);
INSERT INTO ATTENDS VALUES ('CJ McCollum', '2017-10-08 19:30:00', 'LA', 20, 3, 2, 1, 2);
INSERT INTO ATTENDS VALUES ('CJ McCollum', '2017-10-10 02:00:00', 'Sacramento', 12, 3, 2, 1, 3);
INSERT INTO ATTENDS VALUES ('CJ McCollum', '2017-10-12 02:00:00', 'Phoenix', 10, 5, 3, 1, 1);
INSERT INTO ATTENDS VALUES ('CJ McCollum', '2017-10-19 02:00:00', 'Phoenix', 0, 0, 0, 0, 0);
INSERT INTO ATTENDS VALUES ('CJ McCollum', '2017-10-20 23:00:00', 'Indiana', 28, 7, 1, 1, 1);
INSERT INTO ATTENDS VALUES ('CJ McCollum', '2017-10-22 00:30:00', 'Milwaukee', 26, 3, 1, 0, 2);
INSERT INTO ATTENDS VALUES ('CJ McCollum', '2017-10-25 02:00:00', 'Portland', 23, 4, 2, 0, 0);
INSERT INTO ATTENDS VALUES ('CJ McCollum', '2017-10-27 02:00:00', 'Portland', 23, 5, 4, 0, 0);
INSERT INTO ATTENDS VALUES ('CJ McCollum', '2017-10-29 02:00:00', 'Portland', 23, 5, 6, 1, 2);
INSERT INTO ATTENDS VALUES ('CJ McCollum', '2017-10-31 02:00:00', 'Portland', 16, 3, 2, 1, 0);
INSERT INTO PLAYERHAS VALUES ('Ben McLemore', 'USA', 25, 23, 'Memphis Grizzlies');
INSERT INTO CAREER VALUES ('Ben McLemore', 0, 0, '2013/1/7');
INSERT INTO ATTENDS VALUES ('Ben McLemore', '2017-10-03 00:00:00', 'Memphis', 0, 0, 0, 0, 0);
INSERT INTO ATTENDS VALUES ('Ben McLemore', '2017-10-04 23:00:00', 'Philadelphia', 0, 0, 0, 0, 0);
INSERT INTO ATTENDS VALUES ('Ben McLemore', '2017-10-09 23:30:00', 'Atlanta', 0, 0, 0, 0, 0);
INSERT INTO ATTENDS VALUES ('Ben McLemore', '2017-10-12 01:30:00', 'Memphis', 0, 0, 0, 0, 0);
INSERT INTO ATTENDS VALUES ('Ben McLemore', '2017-10-14 00:00:00', 'Memphis', 0, 0, 0, 0, 0);
INSERT INTO PLAYERHAS VALUES ('Andre Roberson', 'USA', 26, 21, 'Oklahoma City Thunder');
INSERT INTO CAREER VALUES ('Andre Roberson', 0, 0, '2013/1/26');
INSERT INTO ATTENDS VALUES ('Andre Roberson', '2017-10-04 00:00:00', 'Oklahoma City', 2, 2, 0, 0, 1);
INSERT INTO ATTENDS VALUES ('Andre Roberson', '2017-10-07 00:00:00', 'Oklahoma City', 2, 2, 5, 0, 1);
INSERT INTO ATTENDS VALUES ('Andre Roberson', '2017-10-11 01:00:00', 'Denver', 2, 3, 3, 0, 0);
INSERT INTO ATTENDS VALUES ('Andre Roberson', '2017-10-20 00:00:00', 'Oklahoma City', 6, 6, 2, 0, 1);
INSERT INTO ATTENDS VALUES ('Andre Roberson', '2017-10-22 01:00:00', 'Utah', 3, 2, 0, 0, 0);
INSERT INTO ATTENDS VALUES ('Andre Roberson', '2017-10-22 23:00:00', 'Oklahoma City', 0, 1, 0, 0, 0);
INSERT INTO ATTENDS VALUES ('Andre Roberson', '2017-10-26 00:00:00', 'Oklahoma City', 4, 2, 1, 1, 0);
INSERT INTO ATTENDS VALUES ('Andre Roberson', '2017-10-28 00:00:00', 'Minnesota', 4, 3, 0, 1, 0);
INSERT INTO ATTENDS VALUES ('Andre Roberson', '2017-10-29 00:00:00', 'Chicago', 5, 1, 1, 1, 0);
INSERT INTO ATTENDS VALUES ('Andre Roberson', '2017-11-01 00:00:00', 'Milwaukee', 9, 3, 0, 0, 0);
INSERT INTO PLAYERHAS VALUES ('Kay Felder', 'USA', 23, 22, 'Chicago Bulls');
INSERT INTO CAREER VALUES ('Kay Felder', 0, 0, '2016/2/54');
INSERT INTO ATTENDS VALUES ('Kay Felder', '2017-10-04 23:00:00', 'Cleveland', 13, 0, 1, 0, 2);
INSERT INTO ATTENDS VALUES ('Kay Felder', '2017-10-06 23:30:00', 'Cleveland', 4, 1, 2, 0, 0);
INSERT INTO ATTENDS VALUES ('Kay Felder', '2017-10-08 19:00:00', 'Washington', 12, 2, 10, 0, 4);
INSERT INTO ATTENDS VALUES ('Kay Felder', '2017-10-11 00:00:00', 'Cleveland', 0, 0, 3, 1, 0);
INSERT INTO ATTENDS VALUES ('Kay Felder', '2017-10-13 23:00:00', 'Orlando', 0, 0, 0, 0, 0);
INSERT INTO ATTENDS VALUES ('Kay Felder', '2017-10-19 23:30:00', 'Toronto', 6, 2, 6, 0, 0);
INSERT INTO ATTENDS VALUES ('Kay Felder', '2017-10-22 00:00:00', 'Chicago', 6, 1, 2, 0, 0);
INSERT INTO ATTENDS VALUES ('Kay Felder', '2017-10-24 23:00:00', 'Cleveland', 13, 1, 4, 0, 1);
INSERT INTO ATTENDS VALUES ('Kay Felder', '2017-10-27 00:00:00', 'Chicago', 2, 0, 2, 0, 1);
INSERT INTO ATTENDS VALUES ('Kay Felder', '2017-10-29 00:00:00', 'Chicago', 0, 0, 1, 0, 0);
INSERT INTO PLAYERHAS VALUES ('Daniel Hamilton', 'USA', 22, 25, 'Oklahoma City Thunder');
INSERT INTO CAREER VALUES ('Daniel Hamilton', 0, 0, '2016/2/56');
INSERT INTO ATTENDS VALUES ('Daniel Hamilton', '2017-10-04 00:00:00', 'Oklahoma City', 11, 7, 2, 0, 0);
INSERT INTO ATTENDS VALUES ('Daniel Hamilton', '2017-10-07 00:00:00', 'Oklahoma City', 5, 8, 5, 0, 0);
INSERT INTO ATTENDS VALUES ('Daniel Hamilton', '2017-10-11 01:00:00', 'Denver', 4, 3, 4, 0, 0);
INSERT INTO PLAYERHAS VALUES ('Patrick McCaw', 'USA', 22, 0, 'Golden State Warriors');
INSERT INTO CAREER VALUES ('Patrick McCaw', 0, 0, '2016/2/38');
INSERT INTO ATTENDS VALUES ('Patrick McCaw', '2017-10-01 00:30:00', 'Golden State', 6, 3, 0, 0, 0);
INSERT INTO ATTENDS VALUES ('Patrick McCaw', '2017-10-05 06:00:00', 'Golden State', 0, 0, 0, 0, 0);
INSERT INTO ATTENDS VALUES ('Patrick McCaw', '2017-10-08 11:00:00', 'Minnesota', 0, 0, 0, 0, 0);
INSERT INTO ATTENDS VALUES ('Patrick McCaw', '2017-10-14 02:30:00', 'Golden State', 17, 2, 4, 0, 0);
INSERT INTO ATTENDS VALUES ('Patrick McCaw', '2017-10-18 02:30:00', 'Golden State', 4, 3, 1, 1, 1);
INSERT INTO ATTENDS VALUES ('Patrick McCaw', '2017-10-21 01:30:00', 'New Orleans', 0, 0, 0, 0, 0);
INSERT INTO ATTENDS VALUES ('Patrick McCaw', '2017-10-22 00:00:00', 'Memphis', 0, 0, 2, 0, 1);
INSERT INTO ATTENDS VALUES ('Patrick McCaw', '2017-10-24 00:30:00', 'Dallas', 0, 1, 0, 0, 0);
INSERT INTO ATTENDS VALUES ('Patrick McCaw', '2017-10-26 02:30:00', 'Golden State', 4, 0, 0, 0, 0);
INSERT INTO ATTENDS VALUES ('Patrick McCaw', '2017-10-28 02:30:00', 'Golden State', 4, 2, 1, 1, 1);
INSERT INTO ATTENDS VALUES ('Patrick McCaw', '2017-10-30 00:30:00', 'Golden State', 0, 0, 0, 0, 0);
INSERT INTO ATTENDS VALUES ('Patrick McCaw', '2017-10-31 02:30:00', 'LA', 7, 1, 3, 0, 1);
INSERT INTO PLAYERHAS VALUES ('Jake Layman', 'USA', 24, 10, 'Portland Trail Blazers');
INSERT INTO CAREER VALUES ('Jake Layman', 0, 0, '2016/2/47');
INSERT INTO ATTENDS VALUES ('Jake Layman', '2017-10-04 02:00:00', 'Portland', 3, 1, 1, 0, 0);
INSERT INTO ATTENDS VALUES ('Jake Layman', '2017-10-06 02:00:00', 'Portland', 0, 0, 0, 0, 0);
INSERT INTO ATTENDS VALUES ('Jake Layman', '2017-10-08 19:30:00', 'LA', 2, 2, 0, 1, 0);
INSERT INTO ATTENDS VALUES ('Jake Layman', '2017-10-10 02:00:00', 'Sacramento', 10, 1, 0, 0, 1);
INSERT INTO ATTENDS VALUES ('Jake Layman', '2017-10-12 02:00:00', 'Phoenix', 5, 2, 0, 0, 0);
INSERT INTO ATTENDS VALUES ('Jake Layman', '2017-10-19 02:00:00', 'Phoenix', 3, 0, 1, 0, 2);
INSERT INTO ATTENDS VALUES ('Jake Layman', '2017-10-20 23:00:00', 'Indiana', 0, 0, 1, 0, 0);
INSERT INTO ATTENDS VALUES ('Jake Layman', '2017-10-22 00:30:00', 'Milwaukee', 0, 0, 0, 0, 0);
INSERT INTO ATTENDS VALUES ('Jake Layman', '2017-10-25 02:00:00', 'Portland', 0, 0, 0, 0, 0);
INSERT INTO ATTENDS VALUES ('Jake Layman', '2017-10-27 02:00:00', 'Portland', 0, 0, 0, 0, 0);
INSERT INTO ATTENDS VALUES ('Jake Layman', '2017-10-29 02:00:00', 'Portland', 0, 0, 0, 0, 0);
INSERT INTO ATTENDS VALUES ('Jake Layman', '2017-10-31 02:00:00', 'Portland', 0, 0, 0, 0, 0);
INSERT INTO PLAYERHAS VALUES ('Georges Niang', 'USA', 24, 31, 'Utah Jazz');
INSERT INTO CAREER VALUES ('Georges Niang', 0, 0, '2016/2/50');
INSERT INTO ATTENDS VALUES ('Georges Niang', '2017-10-01 00:30:00', 'Golden State', 3, 3, 2, 1, 1);
INSERT INTO ATTENDS VALUES ('Georges Niang', '2017-10-08 11:00:00', 'Minnesota', 0, 1, 0, 0, 0);
INSERT INTO ATTENDS VALUES ('Georges Niang', '2017-10-14 02:30:00', 'Golden State', 10, 1, 2, 0, 0);
INSERT INTO PLAYERHAS VALUES ('Marcus Paige', 'USA', 24, 4, 'Charlotte Hornets');
INSERT INTO CAREER VALUES ('Marcus Paige', 0, 0, '2016/2/55');
INSERT INTO ATTENDS VALUES ('Marcus Paige', '2017-10-02 23:30:00', 'Boston', 0, 0, 1, 0, 0);
INSERT INTO ATTENDS VALUES ('Marcus Paige', '2017-10-09 23:30:00', 'Miami', 0, 0, 0, 0, 0);
INSERT INTO ATTENDS VALUES ('Marcus Paige', '2017-10-11 23:00:00', 'Charlotte', 3, 0, 0, 0, 0);
INSERT INTO ATTENDS VALUES ('Marcus Paige', '2017-10-13 22:00:00', 'Charlotte', 5, 0, 1, 0, 0);
INSERT INTO ATTENDS VALUES ('Marcus Paige', '2017-10-24 00:00:00', 'Milwaukee', 0, 0, 0, 0, 0);
INSERT INTO ATTENDS VALUES ('Marcus Paige', '2017-10-25 23:00:00', 'Charlotte', 0, 2, 0, 0, 0);
INSERT INTO ATTENDS VALUES ('Marcus Paige', '2017-10-27 23:00:00', 'Charlotte', 0, 0, 0, 0, 0);
INSERT INTO ATTENDS VALUES ('Marcus Paige', '2017-10-29 22:00:00', 'Charlotte', 0, 0, 0, 0, 0);
INSERT INTO ATTENDS VALUES ('Marcus Paige', '2017-10-31 00:00:00', 'Memphis', 0, 0, 0, 0, 0);
INSERT INTO PLAYERHAS VALUES ('Chinanu Onuaku', 'USA', 21, 21, 'Houston Rockets');
INSERT INTO CAREER VALUES ('Chinanu Onuaku', 0, 0, '2016/2/37');
INSERT INTO ATTENDS VALUES ('Chinanu Onuaku', '2017-10-04 00:00:00', 'Oklahoma City', 0, 0, 0, 0, 0);
INSERT INTO ATTENDS VALUES ('Chinanu Onuaku', '2017-10-09 23:30:00', 'New York', 0, 0, 0, 0, 0);
INSERT INTO ATTENDS VALUES ('Chinanu Onuaku', '2017-10-12 01:30:00', 'Memphis', 0, 0, 0, 0, 0);
INSERT INTO ATTENDS VALUES ('Chinanu Onuaku', '2017-10-14 00:00:00', 'Houston', 0, 0, 0, 0, 0);
INSERT INTO PLAYERHAS VALUES ('Maurice Harkless', 'USA', 25, 4, 'Portland Trail Blazers');
INSERT INTO CAREER VALUES ('Maurice Harkless', 0, 0, '2012/1/15');
INSERT INTO ATTENDS VALUES ('Maurice Harkless', '2017-10-04 02:00:00', 'Portland', 6, 5, 3, 1, 1);
INSERT INTO ATTENDS VALUES ('Maurice Harkless', '2017-10-06 02:00:00', 'Portland', 6, 0, 1, 1, 1);
INSERT INTO ATTENDS VALUES ('Maurice Harkless', '2017-10-08 19:30:00', 'LA', 16, 4, 3, 0, 0);
INSERT INTO ATTENDS VALUES ('Maurice Harkless', '2017-10-10 02:00:00', 'Sacramento', 7, 3, 0, 0, 1);
INSERT INTO ATTENDS VALUES ('Maurice Harkless', '2017-10-12 02:00:00', 'Phoenix', 7, 3, 1, 0, 2);
INSERT INTO ATTENDS VALUES ('Maurice Harkless', '2017-10-19 02:00:00', 'Phoenix', 8, 5, 2, 1, 0);
INSERT INTO ATTENDS VALUES ('Maurice Harkless', '2017-10-20 23:00:00', 'Indiana', 5, 3, 0, 1, 1);
INSERT INTO ATTENDS VALUES ('Maurice Harkless', '2017-10-22 00:30:00', 'Milwaukee', 13, 3, 0, 0, 3);
INSERT INTO ATTENDS VALUES ('Maurice Harkless', '2017-10-25 02:00:00', 'Portland', 4, 6, 0, 2, 1);
INSERT INTO ATTENDS VALUES ('Maurice Harkless', '2017-10-27 02:00:00', 'Portland', 13, 4, 2, 1, 1);
INSERT INTO ATTENDS VALUES ('Maurice Harkless', '2017-10-29 02:00:00', 'Portland', 10, 7, 1, 2, 0);
INSERT INTO ATTENDS VALUES ('Maurice Harkless', '2017-10-31 02:00:00', 'Portland', 4, 4, 2, 1, 0);
INSERT INTO PLAYERHAS VALUES ('Cory Joseph', 'Canada', 26, 6, 'Indiana Pacers');
INSERT INTO CAREER VALUES ('Cory Joseph', 0, 0, '2011/1/29');
INSERT INTO ATTENDS VALUES ('Cory Joseph', '2017-10-05 00:00:00', 'Milwaukee', 8, 2, 3, 0, 2);
INSERT INTO ATTENDS VALUES ('Cory Joseph', '2017-10-06 23:30:00', 'Cleveland', 5, 3, 5, 1, 2);
INSERT INTO ATTENDS VALUES ('Cory Joseph', '2017-10-09 23:00:00', 'Detroit', 10, 2, 3, 0, 2);
INSERT INTO ATTENDS VALUES ('Cory Joseph', '2017-10-18 23:00:00', 'Indiana', 11, 3, 4, 1, 2);
INSERT INTO ATTENDS VALUES ('Cory Joseph', '2017-10-20 23:00:00', 'Indiana', 7, 0, 2, 0, 0);
INSERT INTO ATTENDS VALUES ('Cory Joseph', '2017-10-22 00:00:00', 'Miami', 8, 4, 0, 0, 2);
INSERT INTO ATTENDS VALUES ('Cory Joseph', '2017-10-25 00:00:00', 'Minnesota', 21, 5, 2, 0, 3);
INSERT INTO ATTENDS VALUES ('Cory Joseph', '2017-10-26 00:00:00', 'Oklahoma City', 6, 1, 2, 0, 2);
INSERT INTO ATTENDS VALUES ('Cory Joseph', '2017-10-29 20:30:00', 'Indiana', 4, 2, 2, 0, 1);
INSERT INTO ATTENDS VALUES ('Cory Joseph', '2017-10-31 23:00:00', 'Indiana', 13, 3, 0, 0, 0);
INSERT INTO PLAYERHAS VALUES ('Nikola Mirotic', 'Montenegro', 27, 3, 'New Orleans Pelicans');
INSERT INTO CAREER VALUES ('Nikola Mirotic', 0, 0, '2011/1/23');
INSERT INTO ATTENDS VALUES ('Nikola Mirotic', '2017-10-04 00:00:00', 'New Orleans', 14, 9, 1, 0, 1);
INSERT INTO ATTENDS VALUES ('Nikola Mirotic', '2017-10-05 00:30:00', 'Dallas', 7, 5, 3, 0, 0);
INSERT INTO ATTENDS VALUES ('Nikola Mirotic', '2017-10-07 00:00:00', 'Chicago', 15, 7, 1, 1, 0);
INSERT INTO ATTENDS VALUES ('Nikola Mirotic', '2017-10-08 23:00:00', 'Chicago', 13, 4, 0, 0, 1);
INSERT INTO ATTENDS VALUES ('Nikola Mirotic', '2017-10-11 00:00:00', 'Cleveland', 5, 2, 1, 0, 0);
INSERT INTO ATTENDS VALUES ('Nikola Mirotic', '2017-10-14 00:00:00', 'Chicago', 4, 3, 1, 1, 0);
INSERT INTO PLAYERHAS VALUES ('Kenneth Faried', 'USA', 28, 35, 'Denver Nuggets');
INSERT INTO CAREER VALUES ('Kenneth Faried', 0, 0, '2011/1/22');
INSERT INTO ATTENDS VALUES ('Kenneth Faried', '2017-10-01 00:30:00', 'Golden State', 0, 0, 0, 0, 0);
INSERT INTO ATTENDS VALUES ('Kenneth Faried', '2017-10-03 02:30:00', 'Los Angeles', 8, 5, 0, 0, 1);
INSERT INTO ATTENDS VALUES ('Kenneth Faried', '2017-10-05 02:00:00', 'Los Angeles', 22, 7, 1, 1, 1);
INSERT INTO ATTENDS VALUES ('Kenneth Faried', '2017-10-08 20:00:00', 'San Antonio', 9, 3, 0, 0, 1);
INSERT INTO ATTENDS VALUES ('Kenneth Faried', '2017-10-11 01:00:00', 'Denver', 5, 1, 0, 3, 0);
INSERT INTO ATTENDS VALUES ('Kenneth Faried', '2017-10-19 01:00:00', 'Utah', 2, 1, 0, 0, 0);
INSERT INTO ATTENDS VALUES ('Kenneth Faried', '2017-10-22 01:00:00', 'Denver', 18, 8, 1, 1, 2);
INSERT INTO ATTENDS VALUES ('Kenneth Faried', '2017-10-24 01:00:00', 'Denver', 6, 6, 1, 0, 0);
INSERT INTO ATTENDS VALUES ('Kenneth Faried', '2017-10-25 23:00:00', 'Charlotte', 0, 1, 0, 0, 0);
INSERT INTO ATTENDS VALUES ('Kenneth Faried', '2017-10-27 23:30:00', 'Atlanta', 0, 0, 0, 0, 0);
INSERT INTO ATTENDS VALUES ('Kenneth Faried', '2017-10-29 22:00:00', 'Brooklyn', 0, 0, 0, 0, 0);
INSERT INTO ATTENDS VALUES ('Kenneth Faried', '2017-10-30 23:30:00', 'New York', 0, 1, 0, 0, 0);
INSERT INTO PLAYERHAS VALUES ('MarShon Brooks', 'USA', 29, 8, 'Memphis Grizzlies');
INSERT INTO CAREER VALUES ('MarShon Brooks', 0, 0, '2011/1/25');
INSERT INTO PLAYERHAS VALUES ('Reggie Jackson', 'USA', 28, 1, 'Detroit Pistons');
INSERT INTO CAREER VALUES ('Reggie Jackson', 0, 0, '2011/1/24');
INSERT INTO ATTENDS VALUES ('Reggie Jackson', '2017-10-09 23:00:00', 'Detroit', 14, 3, 6, 0, 1);
INSERT INTO ATTENDS VALUES ('Reggie Jackson', '2017-10-10 23:00:00', 'Toronto', 6, 1, 2, 0, 1);
INSERT INTO ATTENDS VALUES ('Reggie Jackson', '2017-10-14 00:30:00', 'Milwaukee', 9, 2, 3, 0, 1);
INSERT INTO ATTENDS VALUES ('Reggie Jackson', '2017-10-18 23:00:00', 'Detroit', 13, 5, 8, 0, 1);
INSERT INTO ATTENDS VALUES ('Reggie Jackson', '2017-10-20 23:00:00', 'Washington', 21, 4, 5, 0, 5);
INSERT INTO ATTENDS VALUES ('Reggie Jackson', '2017-10-22 00:00:00', 'New York', 16, 3, 7, 0, 0);
INSERT INTO ATTENDS VALUES ('Reggie Jackson', '2017-10-23 23:00:00', 'Detroit', 16, 6, 7, 0, 0);
INSERT INTO ATTENDS VALUES ('Reggie Jackson', '2017-10-25 23:00:00', 'Detroit', 10, 2, 4, 0, 1);
INSERT INTO ATTENDS VALUES ('Reggie Jackson', '2017-10-29 02:30:00', 'LA', 15, 4, 7, 0, 1);
INSERT INTO ATTENDS VALUES ('Reggie Jackson', '2017-10-30 00:30:00', 'Golden State', 22, 3, 5, 0, 0);
INSERT INTO ATTENDS VALUES ('Reggie Jackson', '2017-11-01 02:30:00', 'Los Angeles', 18, 7, 5, 0, 2);
INSERT INTO PLAYERHAS VALUES ('Jarell Martin', 'USA', 24, 1, 'Memphis Grizzlies');
INSERT INTO CAREER VALUES ('Jarell Martin', 0, 0, '2015/1/25');
INSERT INTO ATTENDS VALUES ('Jarell Martin', '2017-10-03 00:00:00', 'Memphis', 16, 4, 1, 0, 1);
INSERT INTO ATTENDS VALUES ('Jarell Martin', '2017-10-04 23:00:00', 'Philadelphia', 8, 9, 0, 1, 0);
INSERT INTO ATTENDS VALUES ('Jarell Martin', '2017-10-09 23:30:00', 'Atlanta', 6, 3, 3, 0, 1);
INSERT INTO ATTENDS VALUES ('Jarell Martin', '2017-10-12 01:30:00', 'Memphis', 2, 2, 0, 0, 0);
INSERT INTO ATTENDS VALUES ('Jarell Martin', '2017-10-14 00:00:00', 'Memphis', 20, 7, 2, 2, 0);
INSERT INTO ATTENDS VALUES ('Jarell Martin', '2017-10-19 00:00:00', 'Memphis', 2, 5, 0, 1, 0);
INSERT INTO ATTENDS VALUES ('Jarell Martin', '2017-10-22 00:00:00', 'Memphis', 8, 5, 0, 0, 2);
INSERT INTO ATTENDS VALUES ('Jarell Martin', '2017-10-24 00:00:00', 'Houston', 11, 5, 1, 0, 0);
INSERT INTO ATTENDS VALUES ('Jarell Martin', '2017-10-26 00:30:00', 'Dallas', 7, 1, 2, 2, 0);
INSERT INTO ATTENDS VALUES ('Jarell Martin', '2017-10-27 00:00:00', 'Memphis', 9, 9, 1, 5, 0);
INSERT INTO ATTENDS VALUES ('Jarell Martin', '2017-10-29 00:00:00', 'Memphis', 9, 3, 1, 0, 2);
INSERT INTO ATTENDS VALUES ('Jarell Martin', '2017-10-31 00:00:00', 'Memphis', 4, 4, 0, 1, 1);
INSERT INTO PLAYERHAS VALUES ('Norman Powell', 'USA', 25, 24, 'Toronto Raptors');
INSERT INTO CAREER VALUES ('Norman Powell', 0, 0, '2015/2/46');
INSERT INTO ATTENDS VALUES ('Norman Powell', '2017-10-02 02:00:00', 'Toronto', 16, 1, 1, 0, 0);
INSERT INTO ATTENDS VALUES ('Norman Powell', '2017-10-04 05:00:00', 'LA', 0, 0, 0, 0, 0);
INSERT INTO ATTENDS VALUES ('Norman Powell', '2017-10-06 02:00:00', 'Portland', 15, 1, 2, 0, 1);
INSERT INTO ATTENDS VALUES ('Norman Powell', '2017-10-10 23:00:00', 'Toronto', 6, 2, 3, 0, 0);
INSERT INTO ATTENDS VALUES ('Norman Powell', '2017-10-14 00:00:00', 'Chicago', 16, 4, 2, 0, 0);
INSERT INTO ATTENDS VALUES ('Norman Powell', '2017-10-19 23:30:00', 'Toronto', 15, 4, 1, 0, 1);
INSERT INTO ATTENDS VALUES ('Norman Powell', '2017-10-21 23:30:00', 'Toronto', 2, 2, 2, 1, 0);
INSERT INTO ATTENDS VALUES ('Norman Powell', '2017-10-24 00:30:00', 'San Antonio', 6, 2, 4, 0, 3);
INSERT INTO ATTENDS VALUES ('Norman Powell', '2017-10-26 02:30:00', 'Golden State', 2, 1, 4, 0, 1);
INSERT INTO ATTENDS VALUES ('Norman Powell', '2017-10-28 02:30:00', 'Los Angeles', 3, 1, 2, 0, 1);
INSERT INTO ATTENDS VALUES ('Norman Powell', '2017-10-31 02:00:00', 'Portland', 8, 3, 1, 2, 1);
INSERT INTO PLAYERHAS VALUES ('Aaron Brooks', 'USA', 33, 30, 'Minnesota Timberwolves');
INSERT INTO CAREER VALUES ('Aaron Brooks', 0, 0, '2007/1/26');
INSERT INTO ATTENDS VALUES ('Aaron Brooks', '2017-10-01 02:00:00', 'Los Angeles', 4, 0, 3, 0, 0);
INSERT INTO ATTENDS VALUES ('Aaron Brooks', '2017-10-05 06:00:00', 'Golden State', 0, 0, 0, 0, 0);
INSERT INTO ATTENDS VALUES ('Aaron Brooks', '2017-10-08 11:00:00', 'Minnesota', 0, 0, 2, 0, 0);
INSERT INTO ATTENDS VALUES ('Aaron Brooks', '2017-10-19 01:30:00', 'San Antonio', 0, 0, 0, 0, 0);
INSERT INTO ATTENDS VALUES ('Aaron Brooks', '2017-10-21 00:00:00', 'Minnesota', 0, 0, 0, 0, 0);
INSERT INTO ATTENDS VALUES ('Aaron Brooks', '2017-10-22 23:00:00', 'Oklahoma City', 0, 0, 0, 0, 0);
INSERT INTO ATTENDS VALUES ('Aaron Brooks', '2017-10-25 00:00:00', 'Minnesota', 5, 1, 0, 0, 1);
INSERT INTO ATTENDS VALUES ('Aaron Brooks', '2017-10-25 23:00:00', 'Detroit', 0, 1, 0, 0, 0);
INSERT INTO ATTENDS VALUES ('Aaron Brooks', '2017-10-28 00:00:00', 'Minnesota', 0, 0, 0, 0, 0);
INSERT INTO ATTENDS VALUES ('Aaron Brooks', '2017-10-30 23:30:00', 'Miami', 0, 0, 0, 0, 0);
INSERT INTO PLAYERHAS VALUES ('Arron Afflalo', 'USA', 32, 4, 'Orlando Magic');
INSERT INTO CAREER VALUES ('Arron Afflalo', 0, 0, '2007/1/27');
INSERT INTO ATTENDS VALUES ('Arron Afflalo', '2017-10-03 00:00:00', 'Memphis', 0, 0, 0, 0, 0);
INSERT INTO ATTENDS VALUES ('Arron Afflalo', '2017-10-05 23:00:00', 'Orlando', 3, 1, 0, 0, 1);
INSERT INTO ATTENDS VALUES ('Arron Afflalo', '2017-10-07 23:00:00', 'Orlando', 10, 2, 0, 0, 0);
INSERT INTO ATTENDS VALUES ('Arron Afflalo', '2017-10-10 00:30:00', 'Dallas', 6, 3, 7, 0, 2);
INSERT INTO ATTENDS VALUES ('Arron Afflalo', '2017-10-11 00:30:00', 'San Antonio', 4, 0, 0, 0, 1);
INSERT INTO ATTENDS VALUES ('Arron Afflalo', '2017-10-13 23:00:00', 'Orlando', 4, 1, 1, 0, 0);
INSERT INTO ATTENDS VALUES ('Arron Afflalo', '2017-10-18 23:00:00', 'Orlando', 0, 0, 0, 0, 0);
INSERT INTO ATTENDS VALUES ('Arron Afflalo', '2017-10-20 23:30:00', 'Brooklyn', 2, 2, 3, 1, 0);
INSERT INTO ATTENDS VALUES ('Arron Afflalo', '2017-10-22 00:00:00', 'Cleveland', 2, 0, 0, 0, 0);
INSERT INTO ATTENDS VALUES ('Arron Afflalo', '2017-10-24 23:00:00', 'Orlando', 0, 0, 0, 0, 0);
INSERT INTO ATTENDS VALUES ('Arron Afflalo', '2017-10-27 23:00:00', 'Orlando', 0, 0, 0, 0, 0);
INSERT INTO ATTENDS VALUES ('Arron Afflalo', '2017-10-29 22:00:00', 'Charlotte', 0, 0, 0, 0, 0);
INSERT INTO ATTENDS VALUES ('Arron Afflalo', '2017-10-31 00:00:00', 'New Orleans', 0, 0, 0, 0, 0);
INSERT INTO PLAYERHAS VALUES ('Jason Smith', 'USA', 32, 14, 'Washington Wizards');
INSERT INTO CAREER VALUES ('Jason Smith', 0, 0, '2007/1/20');
INSERT INTO ATTENDS VALUES ('Jason Smith', '2017-10-06 23:00:00', 'Washington', 2, 3, 0, 0, 1);
INSERT INTO ATTENDS VALUES ('Jason Smith', '2017-10-11 23:30:00', 'Miami', 20, 2, 0, 0, 0);
INSERT INTO ATTENDS VALUES ('Jason Smith', '2017-10-13 23:30:00', 'New York', 17, 5, 1, 0, 0);
INSERT INTO ATTENDS VALUES ('Jason Smith', '2017-10-18 23:00:00', 'Washington', 0, 1, 0, 0, 0);
INSERT INTO ATTENDS VALUES ('Jason Smith', '2017-10-26 02:30:00', 'Los Angeles', 2, 2, 0, 1, 0);
INSERT INTO ATTENDS VALUES ('Jason Smith', '2017-10-28 02:30:00', 'Golden State', 0, 0, 0, 0, 0);
INSERT INTO ATTENDS VALUES ('Jason Smith', '2017-10-29 22:00:00', 'Sacramento', 5, 4, 0, 1, 0);
INSERT INTO PLAYERHAS VALUES ('Jared Dudley', 'USA', 32, 3, 'Phoenix Suns');
INSERT INTO CAREER VALUES ('Jared Dudley', 0, 0, '2007/1/22');
INSERT INTO ATTENDS VALUES ('Jared Dudley', '2017-10-04 02:00:00', 'Portland', 0, 0, 0, 0, 0);
INSERT INTO ATTENDS VALUES ('Jared Dudley', '2017-10-07 01:00:00', 'Utah', 0, 0, 0, 0, 0);
INSERT INTO ATTENDS VALUES ('Jared Dudley', '2017-10-12 02:00:00', 'Phoenix', 0, 0, 0, 0, 0);
INSERT INTO ATTENDS VALUES ('Jared Dudley', '2017-10-24 02:00:00', 'Phoenix', 0, 0, 0, 0, 0);
INSERT INTO ATTENDS VALUES ('Jared Dudley', '2017-10-26 02:00:00', 'Phoenix', 0, 0, 0, 0, 0);
INSERT INTO ATTENDS VALUES ('Jared Dudley', '2017-10-29 02:00:00', 'Portland', 0, 0, 0, 0, 0);
INSERT INTO ATTENDS VALUES ('Jared Dudley', '2017-10-31 23:30:00', 'Brooklyn', 0, 0, 0, 0, 0);
INSERT INTO PLAYERHAS VALUES ('Wilson Chandler', 'USA', 31, 21, 'Denver Nuggets');
INSERT INTO CAREER VALUES ('Wilson Chandler', 0, 0, '2007/1/23');
INSERT INTO ATTENDS VALUES ('Wilson Chandler', '2017-10-01 00:30:00', 'Golden State', 7, 3, 3, 0, 1);
INSERT INTO ATTENDS VALUES ('Wilson Chandler', '2017-10-03 02:30:00', 'Los Angeles', 9, 5, 2, 0, 5);
INSERT INTO ATTENDS VALUES ('Wilson Chandler', '2017-10-05 02:00:00', 'Los Angeles', 0, 0, 0, 0, 0);
INSERT INTO ATTENDS VALUES ('Wilson Chandler', '2017-10-08 20:00:00', 'San Antonio', 2, 3, 2, 0, 0);
INSERT INTO ATTENDS VALUES ('Wilson Chandler', '2017-10-11 01:00:00', 'Denver', 2, 6, 0, 1, 2);
INSERT INTO ATTENDS VALUES ('Wilson Chandler', '2017-10-19 01:00:00', 'Utah', 9, 2, 1, 1, 2);
INSERT INTO ATTENDS VALUES ('Wilson Chandler', '2017-10-22 01:00:00', 'Denver', 5, 12, 4, 0, 1);
INSERT INTO ATTENDS VALUES ('Wilson Chandler', '2017-10-24 01:00:00', 'Denver', 7, 2, 4, 0, 0);
INSERT INTO ATTENDS VALUES ('Wilson Chandler', '2017-10-25 23:00:00', 'Charlotte', 7, 5, 5, 1, 0);
INSERT INTO ATTENDS VALUES ('Wilson Chandler', '2017-10-27 23:30:00', 'Atlanta', 2, 1, 0, 0, 0);
INSERT INTO ATTENDS VALUES ('Wilson Chandler', '2017-10-29 22:00:00', 'Brooklyn', 18, 5, 1, 1, 2);
INSERT INTO ATTENDS VALUES ('Wilson Chandler', '2017-10-30 23:30:00', 'New York', 6, 3, 4, 1, 1);
INSERT INTO PLAYERHAS VALUES ('Kemba Walker', 'USA', 28, 15, 'Charlotte Hornets');
INSERT INTO CAREER VALUES ('Kemba Walker', 0, 2, '2011/1/9');
INSERT INTO ATTENDS VALUES ('Kemba Walker', '2017-10-02 23:30:00', 'Boston', 12, 3, 3, 0, 0);
INSERT INTO ATTENDS VALUES ('Kemba Walker', '2017-10-04 23:00:00', 'Detroit', 9, 3, 5, 0, 4);
INSERT INTO ATTENDS VALUES ('Kemba Walker', '2017-10-09 23:30:00', 'Miami', 11, 2, 3, 0, 0);
INSERT INTO ATTENDS VALUES ('Kemba Walker', '2017-10-11 23:00:00', 'Charlotte', 12, 5, 6, 0, 0);
INSERT INTO ATTENDS VALUES ('Kemba Walker', '2017-10-13 22:00:00', 'Charlotte', 18, 4, 4, 1, 1);
INSERT INTO ATTENDS VALUES ('Kemba Walker', '2017-10-18 23:00:00', 'Detroit', 24, 6, 4, 0, 0);
INSERT INTO ATTENDS VALUES ('Kemba Walker', '2017-10-20 23:00:00', 'Charlotte', 26, 4, 9, 0, 1);
INSERT INTO ATTENDS VALUES ('Kemba Walker', '2017-10-24 00:00:00', 'Milwaukee', 15, 2, 6, 0, 1);
INSERT INTO ATTENDS VALUES ('Kemba Walker', '2017-10-25 23:00:00', 'Charlotte', 19, 4, 5, 0, 0);
INSERT INTO ATTENDS VALUES ('Kemba Walker', '2017-10-27 23:00:00', 'Charlotte', 26, 3, 5, 1, 1);
INSERT INTO ATTENDS VALUES ('Kemba Walker', '2017-10-29 22:00:00', 'Charlotte', 34, 6, 10, 1, 2);
INSERT INTO ATTENDS VALUES ('Kemba Walker', '2017-10-31 00:00:00', 'Memphis', 27, 2, 6, 0, 1);
INSERT INTO PLAYERHAS VALUES ('Lance Stephenson', 'USA', 27, 1, 'Indiana Pacers');
INSERT INTO CAREER VALUES ('Lance Stephenson', 0, 0, '2010/2/40');
INSERT INTO ATTENDS VALUES ('Lance Stephenson', '2017-10-05 00:00:00', 'Milwaukee', 17, 6, 6, 0, 2);
INSERT INTO ATTENDS VALUES ('Lance Stephenson', '2017-10-06 23:30:00', 'Cleveland', 13, 4, 4, 0, 1);
INSERT INTO ATTENDS VALUES ('Lance Stephenson', '2017-10-09 23:00:00', 'Detroit', 0, 0, 0, 0, 0);
INSERT INTO ATTENDS VALUES ('Lance Stephenson', '2017-10-18 23:00:00', 'Indiana', 16, 1, 3, 1, 1);
INSERT INTO ATTENDS VALUES ('Lance Stephenson', '2017-10-20 23:00:00', 'Indiana', 4, 2, 2, 0, 0);
INSERT INTO ATTENDS VALUES ('Lance Stephenson', '2017-10-22 00:00:00', 'Miami', 4, 2, 1, 0, 1);
INSERT INTO ATTENDS VALUES ('Lance Stephenson', '2017-10-25 00:00:00', 'Minnesota', 2, 3, 2, 0, 0);
INSERT INTO ATTENDS VALUES ('Lance Stephenson', '2017-10-26 00:00:00', 'Oklahoma City', 5, 4, 1, 0, 1);
INSERT INTO ATTENDS VALUES ('Lance Stephenson', '2017-10-29 20:30:00', 'Indiana', 3, 1, 1, 0, 1);
INSERT INTO ATTENDS VALUES ('Lance Stephenson', '2017-10-31 23:00:00', 'Indiana', 6, 7, 5, 2, 0);
INSERT INTO PLAYERHAS VALUES ('Gerald Green', 'USA', 32, 14, 'Houston Rockets');
INSERT INTO CAREER VALUES ('Gerald Green', 0, 0, '2005/1/18');
INSERT INTO ATTENDS VALUES ('Gerald Green', '2017-10-03 00:30:00', 'Dallas', 2, 0, 1, 0, 0);
INSERT INTO ATTENDS VALUES ('Gerald Green', '2017-10-05 00:00:00', 'Milwaukee', 13, 2, 1, 0, 0);
INSERT INTO ATTENDS VALUES ('Gerald Green', '2017-10-07 00:00:00', 'Chicago', 0, 1, 0, 0, 1);
INSERT INTO ATTENDS VALUES ('Gerald Green', '2017-10-14 00:30:00', 'Milwaukee', 2, 1, 0, 0, 3);
INSERT INTO PLAYERHAS VALUES ('Marc Gasol', 'Spain', 33, 33, 'Memphis Grizzlies');
INSERT INTO CAREER VALUES ('Marc Gasol', 0, 3, '2007/2/48');
INSERT INTO ATTENDS VALUES ('Marc Gasol', '2017-10-03 00:00:00', 'Memphis', 0, 0, 0, 0, 0);
INSERT INTO ATTENDS VALUES ('Marc Gasol', '2017-10-04 23:00:00', 'Philadelphia', 0, 0, 0, 0, 0);
INSERT INTO ATTENDS VALUES ('Marc Gasol', '2017-10-09 23:30:00', 'Atlanta', 4, 13, 4, 2, 2);
INSERT INTO ATTENDS VALUES ('Marc Gasol', '2017-10-12 01:30:00', 'Memphis', 12, 2, 4, 1, 1);
INSERT INTO ATTENDS VALUES ('Marc Gasol', '2017-10-14 00:00:00', 'Memphis', 19, 10, 8, 0, 0);
INSERT INTO ATTENDS VALUES ('Marc Gasol', '2017-10-19 00:00:00', 'Memphis', 14, 11, 4, 3, 0);
INSERT INTO ATTENDS VALUES ('Marc Gasol', '2017-10-22 00:00:00', 'Memphis', 34, 14, 2, 2, 1);
INSERT INTO ATTENDS VALUES ('Marc Gasol', '2017-10-24 00:00:00', 'Houston', 26, 5, 2, 2, 0);
INSERT INTO ATTENDS VALUES ('Marc Gasol', '2017-10-26 00:30:00', 'Dallas', 26, 11, 4, 0, 2);
INSERT INTO ATTENDS VALUES ('Marc Gasol', '2017-10-27 00:00:00', 'Memphis', 25, 13, 3, 0, 0);
INSERT INTO ATTENDS VALUES ('Marc Gasol', '2017-10-29 00:00:00', 'Memphis', 6, 7, 5, 4, 1);
INSERT INTO ATTENDS VALUES ('Marc Gasol', '2017-10-31 00:00:00', 'Memphis', 10, 7, 2, 3, 2);
INSERT INTO PLAYERHAS VALUES ('Tony Parker', 'France', 36, 9, 'San Antonio Spurs');
INSERT INTO CAREER VALUES ('Tony Parker', 0, 6, '2001/1/28');
INSERT INTO ATTENDS VALUES ('Tony Parker', '2017-10-03 02:00:00', 'Sacramento', 0, 0, 0, 0, 0);
INSERT INTO ATTENDS VALUES ('Tony Parker', '2017-10-07 00:30:00', 'San Antonio', 0, 0, 0, 0, 0);
INSERT INTO ATTENDS VALUES ('Tony Parker', '2017-10-08 20:00:00', 'San Antonio', 0, 0, 0, 0, 0);
INSERT INTO ATTENDS VALUES ('Tony Parker', '2017-10-11 00:30:00', 'San Antonio', 0, 0, 0, 0, 0);
INSERT INTO ATTENDS VALUES ('Tony Parker', '2017-10-14 00:00:00', 'Houston', 0, 0, 0, 0, 0);
INSERT INTO PLAYERHAS VALUES ('Channing Frye', 'USA', 35, 12, 'Los Angeles Lakers');
INSERT INTO CAREER VALUES ('Channing Frye', 0, 0, '2005/1/8');
INSERT INTO ATTENDS VALUES ('Channing Frye', '2017-10-04 23:00:00', 'Cleveland', 7, 5, 2, 0, 1);
INSERT INTO ATTENDS VALUES ('Channing Frye', '2017-10-06 23:30:00', 'Cleveland', 3, 4, 1, 0, 0);
INSERT INTO ATTENDS VALUES ('Channing Frye', '2017-10-08 19:00:00', 'Washington', 3, 1, 1, 0, 0);
INSERT INTO ATTENDS VALUES ('Channing Frye', '2017-10-11 00:00:00', 'Cleveland', 0, 0, 0, 0, 0);
INSERT INTO ATTENDS VALUES ('Channing Frye', '2017-10-13 23:00:00', 'Orlando', 6, 10, 2, 0, 0);
INSERT INTO ATTENDS VALUES ('Channing Frye', '2017-10-18 00:00:00', 'Cleveland', 0, 0, 0, 0, 0);
INSERT INTO ATTENDS VALUES ('Channing Frye', '2017-10-20 23:00:00', 'Milwaukee', 3, 1, 1, 0, 0);
INSERT INTO ATTENDS VALUES ('Channing Frye', '2017-10-22 00:00:00', 'Cleveland', 5, 1, 0, 0, 0);
INSERT INTO ATTENDS VALUES ('Channing Frye', '2017-10-24 23:00:00', 'Cleveland', 8, 1, 0, 0, 0);
INSERT INTO ATTENDS VALUES ('Channing Frye', '2017-10-25 23:30:00', 'Brooklyn', 2, 0, 1, 0, 0);
INSERT INTO ATTENDS VALUES ('Channing Frye', '2017-10-28 23:00:00', 'New Orleans', 2, 2, 0, 0, 2);
INSERT INTO ATTENDS VALUES ('Channing Frye', '2017-10-29 23:00:00', 'Cleveland', 0, 0, 0, 0, 0);
INSERT INTO PLAYERHAS VALUES ('Malachi Richardson', 'USA', 22, 22, 'Toronto Raptors');
INSERT INTO CAREER VALUES ('Malachi Richardson', 0, 0, '2016/1/22');
INSERT INTO ATTENDS VALUES ('Malachi Richardson', '2017-10-03 02:00:00', 'Sacramento', 3, 2, 2, 0, 0);
INSERT INTO ATTENDS VALUES ('Malachi Richardson', '2017-10-07 00:30:00', 'San Antonio', 2, 2, 1, 0, 0);
INSERT INTO ATTENDS VALUES ('Malachi Richardson', '2017-10-09 01:00:00', 'Los Angeles', 0, 0, 0, 0, 0);
INSERT INTO ATTENDS VALUES ('Malachi Richardson', '2017-10-10 02:00:00', 'Sacramento', 5, 3, 2, 0, 1);
INSERT INTO ATTENDS VALUES ('Malachi Richardson', '2017-10-13 02:30:00', 'LA', 0, 2, 0, 0, 0);
INSERT INTO ATTENDS VALUES ('Malachi Richardson', '2017-10-14 02:30:00', 'Golden State', 15, 2, 1, 1, 0);
INSERT INTO ATTENDS VALUES ('Malachi Richardson', '2017-10-19 02:00:00', 'Sacramento', 0, 0, 0, 0, 0);
INSERT INTO ATTENDS VALUES ('Malachi Richardson', '2017-10-21 00:30:00', 'Dallas', 0, 0, 0, 0, 0);
INSERT INTO ATTENDS VALUES ('Malachi Richardson', '2017-10-22 01:00:00', 'Denver', 8, 1, 1, 0, 0);
INSERT INTO ATTENDS VALUES ('Malachi Richardson', '2017-10-24 02:00:00', 'Phoenix', 0, 0, 0, 0, 0);
INSERT INTO ATTENDS VALUES ('Malachi Richardson', '2017-10-27 02:30:00', 'Sacramento', 0, 0, 0, 0, 0);
INSERT INTO ATTENDS VALUES ('Malachi Richardson', '2017-10-29 22:00:00', 'Sacramento', 10, 1, 1, 0, 1);
INSERT INTO ATTENDS VALUES ('Malachi Richardson', '2017-10-31 23:00:00', 'Indiana', 2, 3, 1, 0, 1);
INSERT INTO PLAYERHAS VALUES ('Pascal Siakam', 'Cameroon', 24, 43, 'Toronto Raptors');
INSERT INTO CAREER VALUES ('Pascal Siakam', 0, 0, '2016/1/27');
INSERT INTO ATTENDS VALUES ('Pascal Siakam', '2017-10-02 02:00:00', 'Toronto', 5, 3, 0, 0, 3);
INSERT INTO ATTENDS VALUES ('Pascal Siakam', '2017-10-04 05:00:00', 'LA', 11, 4, 1, 0, 4);
INSERT INTO ATTENDS VALUES ('Pascal Siakam', '2017-10-06 02:00:00', 'Portland', 5, 0, 2, 0, 0);
INSERT INTO ATTENDS VALUES ('Pascal Siakam', '2017-10-10 23:00:00', 'Toronto', 0, 0, 1, 0, 0);
INSERT INTO ATTENDS VALUES ('Pascal Siakam', '2017-10-14 00:00:00', 'Chicago', 4, 2, 1, 0, 0);
INSERT INTO ATTENDS VALUES ('Pascal Siakam', '2017-10-19 23:30:00', 'Toronto', 0, 0, 0, 0, 1);
INSERT INTO ATTENDS VALUES ('Pascal Siakam', '2017-10-21 23:30:00', 'Toronto', 4, 6, 2, 0, 0);
INSERT INTO ATTENDS VALUES ('Pascal Siakam', '2017-10-24 00:30:00', 'San Antonio', 0, 0, 0, 0, 0);
INSERT INTO ATTENDS VALUES ('Pascal Siakam', '2017-10-26 02:30:00', 'Golden State', 20, 2, 2, 0, 0);
INSERT INTO ATTENDS VALUES ('Pascal Siakam', '2017-10-28 02:30:00', 'Los Angeles', 18, 5, 1, 0, 2);
INSERT INTO ATTENDS VALUES ('Pascal Siakam', '2017-10-31 02:00:00', 'Portland', 6, 5, 1, 1, 2);
INSERT INTO PLAYERHAS VALUES ('Isaiah Whitehead', 'USA', 23, 15, 'Brooklyn Nets');
INSERT INTO CAREER VALUES ('Isaiah Whitehead', 0, 0, '2016/2/42');
INSERT INTO ATTENDS VALUES ('Isaiah Whitehead', '2017-10-03 23:30:00', 'New York', 0, 1, 1, 0, 1);
INSERT INTO ATTENDS VALUES ('Isaiah Whitehead', '2017-10-05 23:30:00', 'Brooklyn', 2, 2, 1, 0, 0);
INSERT INTO ATTENDS VALUES ('Isaiah Whitehead', '2017-10-08 23:30:00', 'Brooklyn', 0, 0, 0, 0, 0);
INSERT INTO ATTENDS VALUES ('Isaiah Whitehead', '2017-10-11 23:30:00', 'Brooklyn', 0, 0, 0, 0, 0);
INSERT INTO ATTENDS VALUES ('Isaiah Whitehead', '2017-10-24 23:00:00', 'Orlando', 0, 0, 0, 0, 0);
INSERT INTO ATTENDS VALUES ('Isaiah Whitehead', '2017-10-25 23:30:00', 'Brooklyn', 0, 0, 0, 0, 0);
INSERT INTO ATTENDS VALUES ('Isaiah Whitehead', '2017-10-29 22:00:00', 'Brooklyn', 0, 0, 1, 0, 0);
INSERT INTO PLAYERHAS VALUES ('Patty Mills', 'Australia', 29, 8, 'San Antonio Spurs');
INSERT INTO CAREER VALUES ('Patty Mills', 0, 0, '2009/2/55');
INSERT INTO ATTENDS VALUES ('Patty Mills', '2017-10-03 02:00:00', 'Sacramento', 11, 0, 3, 0, 0);
INSERT INTO ATTENDS VALUES ('Patty Mills', '2017-10-07 00:30:00', 'San Antonio', 15, 4, 6, 1, 1);
INSERT INTO ATTENDS VALUES ('Patty Mills', '2017-10-08 20:00:00', 'San Antonio', 0, 0, 0, 0, 0);
INSERT INTO ATTENDS VALUES ('Patty Mills', '2017-10-11 00:30:00', 'San Antonio', 13, 2, 1, 0, 0);
INSERT INTO ATTENDS VALUES ('Patty Mills', '2017-10-14 00:00:00', 'Houston', 9, 1, 2, 0, 0);
INSERT INTO ATTENDS VALUES ('Patty Mills', '2017-10-19 01:30:00', 'San Antonio', 3, 2, 2, 1, 2);
INSERT INTO ATTENDS VALUES ('Patty Mills', '2017-10-22 00:00:00', 'Chicago', 2, 2, 3, 0, 0);
INSERT INTO ATTENDS VALUES ('Patty Mills', '2017-10-24 00:30:00', 'San Antonio', 6, 0, 2, 0, 0);
INSERT INTO ATTENDS VALUES ('Patty Mills', '2017-10-26 00:00:00', 'Miami', 3, 1, 4, 0, 0);
INSERT INTO ATTENDS VALUES ('Patty Mills', '2017-10-27 23:00:00', 'Orlando', 12, 2, 3, 0, 1);
INSERT INTO ATTENDS VALUES ('Patty Mills', '2017-10-29 20:30:00', 'Indiana', 10, 0, 2, 0, 1);
INSERT INTO ATTENDS VALUES ('Patty Mills', '2017-10-30 23:30:00', 'Boston', 7, 1, 4, 0, 0);
INSERT INTO PLAYERHAS VALUES ('Furkan Korkmaz', 'Turkey', 20, 30, 'Philadelphia 76ers');
INSERT INTO CAREER VALUES ('Furkan Korkmaz', 0, 0, '2016/1/26');
INSERT INTO ATTENDS VALUES ('Furkan Korkmaz', '2017-10-04 23:00:00', 'Philadelphia', 3, 2, 1, 0, 2);
INSERT INTO ATTENDS VALUES ('Furkan Korkmaz', '2017-10-06 23:00:00', 'Philadelphia', 3, 0, 0, 0, 2);
INSERT INTO ATTENDS VALUES ('Furkan Korkmaz', '2017-10-09 23:30:00', 'Boston', 13, 6, 3, 0, 1);
INSERT INTO ATTENDS VALUES ('Furkan Korkmaz', '2017-10-11 23:30:00', 'Brooklyn', 3, 1, 1, 0, 0);
INSERT INTO ATTENDS VALUES ('Furkan Korkmaz', '2017-10-14 00:30:00', 'Philadelphia', 2, 1, 2, 0, 1);
INSERT INTO ATTENDS VALUES ('Furkan Korkmaz', '2017-10-25 23:00:00', 'Philadelphia', 0, 0, 0, 0, 0);
INSERT INTO ATTENDS VALUES ('Furkan Korkmaz', '2017-10-29 00:30:00', 'Dallas', 0, 0, 0, 0, 0);
INSERT INTO ATTENDS VALUES ('Furkan Korkmaz', '2017-10-31 00:00:00', 'Houston', 0, 0, 0, 0, 0);
INSERT INTO PLAYERHAS VALUES ('Timothe Luwawu-Cabarrot', 'France', 23, 7, 'Philadelphia 76ers');
INSERT INTO CAREER VALUES ('Timothe Luwawu-Cabarrot', 0, 0, '2016/1/24');
INSERT INTO ATTENDS VALUES ('Timothe Luwawu-Cabarrot', '2017-10-04 23:00:00', 'Philadelphia', 0, 0, 0, 0, 0);
INSERT INTO ATTENDS VALUES ('Timothe Luwawu-Cabarrot', '2017-10-06 23:00:00', 'Philadelphia', 0, 0, 0, 0, 0);
INSERT INTO ATTENDS VALUES ('Timothe Luwawu-Cabarrot', '2017-10-09 23:30:00', 'Boston', 7, 1, 2, 0, 0);
INSERT INTO ATTENDS VALUES ('Timothe Luwawu-Cabarrot', '2017-10-11 23:30:00', 'Brooklyn', 11, 4, 0, 0, 2);
INSERT INTO ATTENDS VALUES ('Timothe Luwawu-Cabarrot', '2017-10-14 00:30:00', 'Philadelphia', 17, 4, 3, 0, 0);
INSERT INTO ATTENDS VALUES ('Timothe Luwawu-Cabarrot', '2017-10-18 23:00:00', 'Washington', 5, 2, 2, 0, 1);
INSERT INTO ATTENDS VALUES ('Timothe Luwawu-Cabarrot', '2017-10-20 23:00:00', 'Philadelphia', 2, 0, 1, 0, 1);
INSERT INTO ATTENDS VALUES ('Timothe Luwawu-Cabarrot', '2017-10-21 23:30:00', 'Toronto', 4, 2, 0, 0, 0);
INSERT INTO ATTENDS VALUES ('Timothe Luwawu-Cabarrot', '2017-10-23 23:00:00', 'Detroit', 3, 1, 1, 0, 1);
INSERT INTO ATTENDS VALUES ('Timothe Luwawu-Cabarrot', '2017-10-25 23:00:00', 'Philadelphia', 0, 0, 0, 0, 0);
INSERT INTO ATTENDS VALUES ('Timothe Luwawu-Cabarrot', '2017-10-29 00:30:00', 'Dallas', 6, 2, 0, 0, 1);
INSERT INTO ATTENDS VALUES ('Timothe Luwawu-Cabarrot', '2017-10-31 00:00:00', 'Houston', 17, 0, 0, 0, 1);
INSERT INTO PLAYERHAS VALUES ('Danny Green', 'USA', 30, 14, 'San Antonio Spurs');
INSERT INTO CAREER VALUES ('Danny Green', 0, 0, '2009/2/46');
INSERT INTO ATTENDS VALUES ('Danny Green', '2017-10-03 02:00:00', 'Sacramento', 3, 2, 0, 0, 1);
INSERT INTO ATTENDS VALUES ('Danny Green', '2017-10-07 00:30:00', 'San Antonio', 20, 4, 0, 1, 1);
INSERT INTO ATTENDS VALUES ('Danny Green', '2017-10-08 20:00:00', 'San Antonio', 11, 1, 2, 2, 0);
INSERT INTO ATTENDS VALUES ('Danny Green', '2017-10-11 00:30:00', 'San Antonio', 0, 0, 0, 0, 0);
INSERT INTO ATTENDS VALUES ('Danny Green', '2017-10-14 00:00:00', 'Houston', 11, 3, 7, 0, 1);
INSERT INTO ATTENDS VALUES ('Danny Green', '2017-10-19 01:30:00', 'San Antonio', 17, 4, 2, 2, 2);
INSERT INTO ATTENDS VALUES ('Danny Green', '2017-10-22 00:00:00', 'Chicago', 9, 3, 3, 0, 1);
INSERT INTO ATTENDS VALUES ('Danny Green', '2017-10-24 00:30:00', 'San Antonio', 17, 8, 0, 5, 0);
INSERT INTO ATTENDS VALUES ('Danny Green', '2017-10-26 00:00:00', 'Miami', 15, 7, 3, 1, 0);
INSERT INTO ATTENDS VALUES ('Danny Green', '2017-10-27 23:00:00', 'Orlando', 3, 1, 0, 0, 2);
INSERT INTO ATTENDS VALUES ('Danny Green', '2017-10-29 20:30:00', 'Indiana', 10, 4, 1, 1, 4);
INSERT INTO ATTENDS VALUES ('Danny Green', '2017-10-30 23:30:00', 'Boston', 7, 2, 1, 0, 1);
INSERT INTO PLAYERHAS VALUES ('Tyrone Wallace', 'USA', 24, 12, 'LA Clippers');
INSERT INTO CAREER VALUES ('Tyrone Wallace', 0, 0, '2016/2/60');
INSERT INTO ATTENDS VALUES ('Tyrone Wallace', '2017-10-02 02:00:00', 'Toronto', 0, 0, 0, 0, 0);
INSERT INTO ATTENDS VALUES ('Tyrone Wallace', '2017-10-04 05:00:00', 'LA', 1, 4, 0, 0, 1);
INSERT INTO ATTENDS VALUES ('Tyrone Wallace', '2017-10-08 19:30:00', 'LA', 0, 0, 0, 0, 0);
INSERT INTO ATTENDS VALUES ('Tyrone Wallace', '2017-10-13 02:30:00', 'LA', 16, 5, 2, 0, 2);
INSERT INTO ATTENDS VALUES ('Tyrone Wallace', '2017-10-14 02:30:00', 'LA', 23, 6, 5, 1, 1);
INSERT INTO PLAYERHAS VALUES ('Juancho Hernangomez', 'Spain', 22, 41, 'Denver Nuggets');
INSERT INTO CAREER VALUES ('Juancho Hernangomez', 0, 0, '2016/1/15');
INSERT INTO ATTENDS VALUES ('Juancho Hernangomez', '2017-10-01 00:30:00', 'Golden State', 7, 0, 0, 0, 0);
INSERT INTO ATTENDS VALUES ('Juancho Hernangomez', '2017-10-03 02:30:00', 'Los Angeles', 11, 6, 1, 0, 0);
INSERT INTO ATTENDS VALUES ('Juancho Hernangomez', '2017-10-05 02:00:00', 'Los Angeles', 18, 4, 2, 0, 0);
INSERT INTO ATTENDS VALUES ('Juancho Hernangomez', '2017-10-08 20:00:00', 'San Antonio', 2, 2, 0, 0, 0);
INSERT INTO ATTENDS VALUES ('Juancho Hernangomez', '2017-10-11 01:00:00', 'Denver', 8, 5, 0, 0, 1);
INSERT INTO ATTENDS VALUES ('Juancho Hernangomez', '2017-10-19 01:00:00', 'Utah', 0, 0, 0, 0, 0);
INSERT INTO ATTENDS VALUES ('Juancho Hernangomez', '2017-10-22 01:00:00', 'Denver', 0, 0, 0, 0, 0);
INSERT INTO PLAYERHAS VALUES ('Guerschon Yabusele', 'France', 22, 30, 'Boston Celtics');
INSERT INTO CAREER VALUES ('Guerschon Yabusele', 0, 0, '2016/1/16');
INSERT INTO ATTENDS VALUES ('Guerschon Yabusele', '2017-10-02 23:30:00', 'Boston', 0, 6, 0, 0, 0);
INSERT INTO ATTENDS VALUES ('Guerschon Yabusele', '2017-10-06 23:00:00', 'Philadelphia', 4, 8, 0, 0, 2);
INSERT INTO ATTENDS VALUES ('Guerschon Yabusele', '2017-10-09 23:30:00', 'Boston', 7, 5, 0, 3, 3);
INSERT INTO ATTENDS VALUES ('Guerschon Yabusele', '2017-10-11 23:00:00', 'Charlotte', 0, 0, 2, 1, 1);
INSERT INTO ATTENDS VALUES ('Guerschon Yabusele', '2017-10-18 23:30:00', 'Boston', 0, 0, 0, 0, 0);
INSERT INTO ATTENDS VALUES ('Guerschon Yabusele', '2017-10-20 23:00:00', 'Philadelphia', 3, 1, 0, 0, 0);
INSERT INTO ATTENDS VALUES ('Guerschon Yabusele', '2017-10-24 23:30:00', 'Boston', 4, 0, 0, 0, 0);
INSERT INTO ATTENDS VALUES ('Guerschon Yabusele', '2017-10-27 00:00:00', 'Milwaukee', 0, 0, 0, 0, 0);
INSERT INTO ATTENDS VALUES ('Guerschon Yabusele', '2017-10-29 00:00:00', 'Miami', 0, 0, 0, 0, 0);
INSERT INTO ATTENDS VALUES ('Guerschon Yabusele', '2017-10-30 23:30:00', 'Boston', 3, 1, 0, 0, 0);
INSERT INTO PLAYERHAS VALUES ('Ivica Zubac', 'Croatia', 21, 40, 'Los Angeles Lakers');
INSERT INTO CAREER VALUES ('Ivica Zubac', 0, 0, '2016/2/32');
INSERT INTO ATTENDS VALUES ('Ivica Zubac', '2017-10-01 02:00:00', 'Los Angeles', 9, 5, 2, 2, 0);
INSERT INTO ATTENDS VALUES ('Ivica Zubac', '2017-10-03 02:30:00', 'Los Angeles', 0, 5, 0, 0, 0);
INSERT INTO ATTENDS VALUES ('Ivica Zubac', '2017-10-05 02:00:00', 'Los Angeles', 4, 2, 0, 1, 1);
INSERT INTO ATTENDS VALUES ('Ivica Zubac', '2017-10-09 01:00:00', 'Los Angeles', 2, 1, 0, 1, 0);
INSERT INTO ATTENDS VALUES ('Ivica Zubac', '2017-10-11 02:30:00', 'Los Angeles', 2, 2, 0, 0, 0);
INSERT INTO ATTENDS VALUES ('Ivica Zubac', '2017-10-14 02:30:00', 'LA', 2, 2, 0, 0, 0);
INSERT INTO ATTENDS VALUES ('Ivica Zubac', '2017-10-23 01:30:00', 'Los Angeles', 0, 0, 0, 0, 0);
INSERT INTO ATTENDS VALUES ('Ivica Zubac', '2017-10-26 02:30:00', 'Los Angeles', 0, 0, 0, 0, 0);
INSERT INTO ATTENDS VALUES ('Ivica Zubac', '2017-10-28 02:30:00', 'Los Angeles', 0, 0, 0, 0, 0);
INSERT INTO ATTENDS VALUES ('Ivica Zubac', '2017-10-29 01:00:00', 'Utah', 0, 0, 0, 0, 0);
INSERT INTO ATTENDS VALUES ('Ivica Zubac', '2017-11-01 02:30:00', 'Los Angeles', 0, 1, 0, 0, 0);
INSERT INTO PLAYERHAS VALUES ('Glenn Robinson III', 'USA', 24, 40, 'Indiana Pacers');
INSERT INTO CAREER VALUES ('Glenn Robinson III', 0, 0, '2014/2/40');
INSERT INTO ATTENDS VALUES ('Glenn Robinson III', '2017-10-05 00:00:00', 'Milwaukee', 0, 0, 0, 0, 0);
INSERT INTO ATTENDS VALUES ('Glenn Robinson III', '2017-10-06 23:30:00', 'Cleveland', 0, 0, 0, 0, 0);
INSERT INTO ATTENDS VALUES ('Glenn Robinson III', '2017-10-09 23:00:00', 'Detroit', 0, 0, 0, 0, 0);
INSERT INTO PLAYERHAS VALUES ('Doug McDermott', 'USA', 26, 20, 'Dallas Mavericks');
INSERT INTO CAREER VALUES ('Doug McDermott', 0, 0, '2014/1/11');
INSERT INTO ATTENDS VALUES ('Doug McDermott', '2017-10-03 23:30:00', 'New York', 9, 0, 1, 0, 0);
INSERT INTO ATTENDS VALUES ('Doug McDermott', '2017-10-06 23:00:00', 'Washington', 9, 2, 1, 0, 0);
INSERT INTO ATTENDS VALUES ('Doug McDermott', '2017-10-08 23:30:00', 'Brooklyn', 2, 1, 1, 0, 0);
INSERT INTO ATTENDS VALUES ('Doug McDermott', '2017-10-09 23:30:00', 'New York', 0, 0, 0, 0, 0);
INSERT INTO ATTENDS VALUES ('Doug McDermott', '2017-10-13 23:30:00', 'New York', 21, 2, 1, 0, 1);
INSERT INTO ATTENDS VALUES ('Doug McDermott', '2017-10-20 00:00:00', 'Oklahoma City', 4, 3, 4, 1, 0);
INSERT INTO ATTENDS VALUES ('Doug McDermott', '2017-10-22 00:00:00', 'New York', 5, 3, 1, 1, 1);
INSERT INTO ATTENDS VALUES ('Doug McDermott', '2017-10-24 23:30:00', 'Boston', 6, 4, 2, 0, 1);
INSERT INTO ATTENDS VALUES ('Doug McDermott', '2017-10-27 23:30:00', 'New York', 12, 5, 0, 0, 0);
INSERT INTO ATTENDS VALUES ('Doug McDermott', '2017-10-29 23:00:00', 'Cleveland', 3, 1, 2, 0, 0);
INSERT INTO ATTENDS VALUES ('Doug McDermott', '2017-10-30 23:30:00', 'New York', 11, 3, 2, 0, 0);
INSERT INTO PLAYERHAS VALUES ('Jerami Grant', 'USA', 24, 9, 'Oklahoma City Thunder');
INSERT INTO CAREER VALUES ('Jerami Grant', 0, 0, '2014/2/39');
INSERT INTO ATTENDS VALUES ('Jerami Grant', '2017-10-04 00:00:00', 'Oklahoma City', 10, 5, 1, 1, 0);
INSERT INTO ATTENDS VALUES ('Jerami Grant', '2017-10-07 00:00:00', 'Oklahoma City', 3, 5, 0, 0, 2);
INSERT INTO ATTENDS VALUES ('Jerami Grant', '2017-10-11 01:00:00', 'Denver', 2, 4, 2, 1, 0);
INSERT INTO ATTENDS VALUES ('Jerami Grant', '2017-10-20 00:00:00', 'Oklahoma City', 5, 3, 2, 0, 0);
INSERT INTO ATTENDS VALUES ('Jerami Grant', '2017-10-22 01:00:00', 'Utah', 3, 2, 0, 2, 1);
INSERT INTO ATTENDS VALUES ('Jerami Grant', '2017-10-22 23:00:00', 'Oklahoma City', 12, 4, 0, 1, 0);
INSERT INTO ATTENDS VALUES ('Jerami Grant', '2017-10-26 00:00:00', 'Oklahoma City', 7, 7, 1, 0, 1);
INSERT INTO ATTENDS VALUES ('Jerami Grant', '2017-10-28 00:00:00', 'Minnesota', 6, 2, 1, 3, 1);
INSERT INTO ATTENDS VALUES ('Jerami Grant', '2017-10-29 00:00:00', 'Chicago', 6, 4, 1, 2, 3);
INSERT INTO ATTENDS VALUES ('Jerami Grant', '2017-11-01 00:00:00', 'Milwaukee', 17, 4, 2, 0, 2);
INSERT INTO PLAYERHAS VALUES ('Joe Harris', 'USA', 26, 12, 'Brooklyn Nets');
INSERT INTO CAREER VALUES ('Joe Harris', 0, 0, '2014/2/33');
INSERT INTO ATTENDS VALUES ('Joe Harris', '2017-10-03 23:30:00', 'New York', 13, 3, 2, 0, 0);
INSERT INTO ATTENDS VALUES ('Joe Harris', '2017-10-05 23:30:00', 'Brooklyn', 10, 2, 0, 0, 0);
INSERT INTO ATTENDS VALUES ('Joe Harris', '2017-10-08 23:30:00', 'Brooklyn', 4, 1, 0, 0, 1);
INSERT INTO ATTENDS VALUES ('Joe Harris', '2017-10-11 23:30:00', 'Brooklyn', 6, 3, 1, 1, 0);
INSERT INTO ATTENDS VALUES ('Joe Harris', '2017-10-18 23:00:00', 'Indiana', 0, 0, 0, 0, 0);
INSERT INTO ATTENDS VALUES ('Joe Harris', '2017-10-20 23:30:00', 'Brooklyn', 10, 3, 1, 0, 0);
INSERT INTO ATTENDS VALUES ('Joe Harris', '2017-10-22 19:30:00', 'Brooklyn', 6, 3, 1, 1, 1);
INSERT INTO ATTENDS VALUES ('Joe Harris', '2017-10-24 23:00:00', 'Orlando', 4, 0, 2, 0, 1);
INSERT INTO ATTENDS VALUES ('Joe Harris', '2017-10-25 23:30:00', 'Brooklyn', 11, 0, 0, 0, 0);
INSERT INTO ATTENDS VALUES ('Joe Harris', '2017-10-27 23:30:00', 'New York', 6, 1, 1, 0, 1);
INSERT INTO ATTENDS VALUES ('Joe Harris', '2017-10-29 22:00:00', 'Brooklyn', 16, 1, 1, 0, 0);
INSERT INTO ATTENDS VALUES ('Joe Harris', '2017-10-31 23:30:00', 'Brooklyn', 6, 5, 2, 0, 1);
INSERT INTO PLAYERHAS VALUES ('Myles Turner', 'USA', 22, 33, 'Indiana Pacers');
INSERT INTO CAREER VALUES ('Myles Turner', 0, 0, '2015/1/11');
INSERT INTO ATTENDS VALUES ('Myles Turner', '2017-10-05 00:00:00', 'Milwaukee', 17, 8, 0, 4, 1);
INSERT INTO ATTENDS VALUES ('Myles Turner', '2017-10-06 23:30:00', 'Cleveland', 12, 1, 3, 2, 1);
INSERT INTO ATTENDS VALUES ('Myles Turner', '2017-10-09 23:00:00', 'Detroit', 0, 0, 0, 0, 0);
INSERT INTO ATTENDS VALUES ('Myles Turner', '2017-10-18 23:00:00', 'Indiana', 21, 14, 2, 4, 0);
INSERT INTO PLAYERHAS VALUES ('Cameron Payne', 'USA', 23, 22, 'Chicago Bulls');
INSERT INTO CAREER VALUES ('Cameron Payne', 0, 0, '2015/1/14');
INSERT INTO ATTENDS VALUES ('Cameron Payne', '2017-10-04 00:00:00', 'New Orleans', 0, 0, 0, 0, 0);
INSERT INTO ATTENDS VALUES ('Cameron Payne', '2017-10-05 00:30:00', 'Dallas', 0, 0, 0, 0, 0);
INSERT INTO ATTENDS VALUES ('Cameron Payne', '2017-10-11 00:00:00', 'Cleveland', 0, 0, 0, 0, 0);
INSERT INTO PLAYERHAS VALUES ('Devin Booker', 'USA', 21, 1, 'Phoenix Suns');
INSERT INTO CAREER VALUES ('Devin Booker', 0, 0, '2015/1/13');
INSERT INTO ATTENDS VALUES ('Devin Booker', '2017-10-04 02:00:00', 'Portland', 19, 2, 5, 0, 0);
INSERT INTO ATTENDS VALUES ('Devin Booker', '2017-10-07 01:00:00', 'Utah', 10, 2, 5, 0, 2);
INSERT INTO ATTENDS VALUES ('Devin Booker', '2017-10-10 02:00:00', 'Phoenix', 19, 2, 4, 0, 3);
INSERT INTO ATTENDS VALUES ('Devin Booker', '2017-10-12 02:00:00', 'Phoenix', 0, 0, 0, 0, 0);
INSERT INTO ATTENDS VALUES ('Devin Booker', '2017-10-19 02:00:00', 'Phoenix', 12, 5, 2, 1, 2);
INSERT INTO ATTENDS VALUES ('Devin Booker', '2017-10-21 02:00:00', 'Phoenix', 25, 11, 8, 0, 2);
INSERT INTO ATTENDS VALUES ('Devin Booker', '2017-10-22 02:30:00', 'LA', 13, 4, 2, 0, 0);
INSERT INTO ATTENDS VALUES ('Devin Booker', '2017-10-24 02:00:00', 'Phoenix', 22, 4, 5, 0, 1);
INSERT INTO ATTENDS VALUES ('Devin Booker', '2017-10-26 02:00:00', 'Phoenix', 17, 7, 3, 1, 1);
INSERT INTO ATTENDS VALUES ('Devin Booker', '2017-10-29 02:00:00', 'Portland', 34, 6, 6, 0, 0);
INSERT INTO ATTENDS VALUES ('Devin Booker', '2017-10-31 23:30:00', 'Brooklyn', 32, 7, 4, 0, 0);
INSERT INTO PLAYERHAS VALUES ('Frank Kaminsky', 'USA', 25, 44, 'Charlotte Hornets');
INSERT INTO CAREER VALUES ('Frank Kaminsky', 0, 0, '2015/1/9');
INSERT INTO ATTENDS VALUES ('Frank Kaminsky', '2017-10-02 23:30:00', 'Boston', 7, 4, 1, 0, 0);
INSERT INTO ATTENDS VALUES ('Frank Kaminsky', '2017-10-04 23:00:00', 'Detroit', 13, 2, 0, 0, 1);
INSERT INTO ATTENDS VALUES ('Frank Kaminsky', '2017-10-09 23:30:00', 'Miami', 2, 1, 3, 0, 0);
INSERT INTO ATTENDS VALUES ('Frank Kaminsky', '2017-10-11 23:00:00', 'Charlotte', 10, 2, 3, 0, 2);
INSERT INTO ATTENDS VALUES ('Frank Kaminsky', '2017-10-13 22:00:00', 'Charlotte', 12, 7, 3, 0, 0);
INSERT INTO ATTENDS VALUES ('Frank Kaminsky', '2017-10-18 23:00:00', 'Detroit', 4, 4, 2, 0, 0);
INSERT INTO ATTENDS VALUES ('Frank Kaminsky', '2017-10-20 23:00:00', 'Charlotte', 21, 6, 3, 0, 1);
INSERT INTO ATTENDS VALUES ('Frank Kaminsky', '2017-10-24 00:00:00', 'Milwaukee', 18, 5, 2, 0, 0);
INSERT INTO ATTENDS VALUES ('Frank Kaminsky', '2017-10-25 23:00:00', 'Charlotte', 20, 4, 3, 1, 0);
INSERT INTO ATTENDS VALUES ('Frank Kaminsky', '2017-10-27 23:00:00', 'Charlotte', 8, 4, 0, 1, 0);
INSERT INTO ATTENDS VALUES ('Frank Kaminsky', '2017-10-29 22:00:00', 'Charlotte', 0, 0, 0, 0, 0);
INSERT INTO ATTENDS VALUES ('Frank Kaminsky', '2017-10-31 00:00:00', 'Memphis', 9, 6, 2, 0, 0);
INSERT INTO PLAYERHAS VALUES ('Kelly Oubre Jr.', 'USA', 22, 12, 'Washington Wizards');
INSERT INTO CAREER VALUES ('Kelly Oubre Jr.', 0, 0, '2015/1/15');
INSERT INTO ATTENDS VALUES ('Kelly Oubre Jr.', '2017-10-06 23:00:00', 'Washington', 14, 3, 1, 1, 3);
INSERT INTO ATTENDS VALUES ('Kelly Oubre Jr.', '2017-10-08 19:00:00', 'Washington', 12, 7, 1, 0, 1);
INSERT INTO ATTENDS VALUES ('Kelly Oubre Jr.', '2017-10-11 23:30:00', 'Miami', 10, 14, 0, 2, 2);
INSERT INTO ATTENDS VALUES ('Kelly Oubre Jr.', '2017-10-13 23:30:00', 'New York', 21, 4, 0, 1, 1);
INSERT INTO ATTENDS VALUES ('Kelly Oubre Jr.', '2017-10-18 23:00:00', 'Washington', 14, 8, 2, 2, 2);
INSERT INTO ATTENDS VALUES ('Kelly Oubre Jr.', '2017-10-20 23:00:00', 'Washington', 4, 7, 0, 0, 2);
INSERT INTO ATTENDS VALUES ('Kelly Oubre Jr.', '2017-10-24 01:00:00', 'Denver', 14, 4, 1, 1, 2);
INSERT INTO ATTENDS VALUES ('Kelly Oubre Jr.', '2017-10-26 02:30:00', 'Los Angeles', 9, 3, 0, 1, 0);
INSERT INTO ATTENDS VALUES ('Kelly Oubre Jr.', '2017-10-28 02:30:00', 'Golden State', 19, 8, 0, 2, 2);
INSERT INTO ATTENDS VALUES ('Kelly Oubre Jr.', '2017-10-29 22:00:00', 'Sacramento', 9, 7, 1, 0, 0);
INSERT INTO PLAYERHAS VALUES ('Willie Cauley-Stein', 'USA', 24, 00, 'Sacramento Kings');
INSERT INTO CAREER VALUES ('Willie Cauley-Stein', 0, 0, '2015/1/6');
INSERT INTO ATTENDS VALUES ('Willie Cauley-Stein', '2017-10-03 02:00:00', 'Sacramento', 6, 3, 0, 1, 1);
INSERT INTO ATTENDS VALUES ('Willie Cauley-Stein', '2017-10-07 00:30:00', 'San Antonio', 14, 10, 0, 0, 0);
INSERT INTO ATTENDS VALUES ('Willie Cauley-Stein', '2017-10-09 01:00:00', 'Los Angeles', 4, 4, 0, 0, 0);
INSERT INTO ATTENDS VALUES ('Willie Cauley-Stein', '2017-10-10 02:00:00', 'Sacramento', 8, 8, 3, 0, 0);
INSERT INTO ATTENDS VALUES ('Willie Cauley-Stein', '2017-10-13 02:30:00', 'LA', 10, 7, 0, 0, 1);
INSERT INTO ATTENDS VALUES ('Willie Cauley-Stein', '2017-10-14 02:30:00', 'Golden State', 10, 5, 4, 0, 1);
INSERT INTO ATTENDS VALUES ('Willie Cauley-Stein', '2017-10-19 02:00:00', 'Sacramento', 21, 10, 1, 3, 0);
INSERT INTO ATTENDS VALUES ('Willie Cauley-Stein', '2017-10-21 00:30:00', 'Dallas', 10, 11, 1, 1, 0);
INSERT INTO ATTENDS VALUES ('Willie Cauley-Stein', '2017-10-22 01:00:00', 'Denver', 2, 8, 1, 0, 0);
INSERT INTO ATTENDS VALUES ('Willie Cauley-Stein', '2017-10-24 02:00:00', 'Phoenix', 11, 4, 4, 0, 1);
INSERT INTO ATTENDS VALUES ('Willie Cauley-Stein', '2017-10-27 02:30:00', 'Sacramento', 12, 2, 3, 0, 3);
INSERT INTO ATTENDS VALUES ('Willie Cauley-Stein', '2017-10-29 22:00:00', 'Sacramento', 6, 9, 2, 0, 0);
INSERT INTO ATTENDS VALUES ('Willie Cauley-Stein', '2017-10-31 23:00:00', 'Indiana', 4, 7, 1, 2, 2);
INSERT INTO PLAYERHAS VALUES ('Mario Hezonja', 'Croatia', 23, 8, 'Orlando Magic');
INSERT INTO CAREER VALUES ('Mario Hezonja', 0, 0, '2015/1/5');
INSERT INTO ATTENDS VALUES ('Mario Hezonja', '2017-10-03 00:00:00', 'Memphis', 12, 2, 2, 0, 2);
INSERT INTO ATTENDS VALUES ('Mario Hezonja', '2017-10-05 23:00:00', 'Orlando', 11, 1, 1, 0, 0);
INSERT INTO ATTENDS VALUES ('Mario Hezonja', '2017-10-07 23:00:00', 'Orlando', 1, 1, 1, 0, 0);
INSERT INTO ATTENDS VALUES ('Mario Hezonja', '2017-10-10 00:30:00', 'Dallas', 10, 7, 1, 0, 1);
INSERT INTO ATTENDS VALUES ('Mario Hezonja', '2017-10-11 00:30:00', 'San Antonio', 4, 7, 3, 0, 0);
INSERT INTO ATTENDS VALUES ('Mario Hezonja', '2017-10-13 23:00:00', 'Orlando', 3, 3, 2, 0, 1);
INSERT INTO ATTENDS VALUES ('Mario Hezonja', '2017-10-18 23:00:00', 'Orlando', 0, 0, 0, 0, 0);
INSERT INTO ATTENDS VALUES ('Mario Hezonja', '2017-10-20 23:30:00', 'Brooklyn', 3, 3, 1, 0, 1);
INSERT INTO ATTENDS VALUES ('Mario Hezonja', '2017-10-22 00:00:00', 'Cleveland', 11, 6, 0, 0, 1);
INSERT INTO ATTENDS VALUES ('Mario Hezonja', '2017-10-24 23:00:00', 'Orlando', 0, 0, 1, 0, 0);
INSERT INTO ATTENDS VALUES ('Mario Hezonja', '2017-10-27 23:00:00', 'Orlando', 9, 2, 0, 0, 1);
INSERT INTO ATTENDS VALUES ('Mario Hezonja', '2017-10-29 22:00:00', 'Charlotte', 2, 3, 2, 0, 0);
INSERT INTO ATTENDS VALUES ('Mario Hezonja', '2017-10-31 00:00:00', 'New Orleans', 2, 0, 0, 0, 0);
INSERT INTO PLAYERHAS VALUES ('Larry Nance Jr.', 'USA', 25, 22, 'Cleveland Cavaliers');
INSERT INTO CAREER VALUES ('Larry Nance Jr.', 0, 0, '2015/1/27');
INSERT INTO ATTENDS VALUES ('Larry Nance Jr.', '2017-10-01 02:00:00', 'Los Angeles', 3, 9, 1, 0, 0);
INSERT INTO ATTENDS VALUES ('Larry Nance Jr.', '2017-10-03 02:30:00', 'Los Angeles', 1, 1, 0, 0, 2);
INSERT INTO ATTENDS VALUES ('Larry Nance Jr.', '2017-10-05 02:00:00', 'Los Angeles', 5, 5, 2, 0, 1);
INSERT INTO ATTENDS VALUES ('Larry Nance Jr.', '2017-10-09 01:00:00', 'Los Angeles', 4, 2, 2, 1, 1);
INSERT INTO ATTENDS VALUES ('Larry Nance Jr.', '2017-10-11 02:30:00', 'Los Angeles', 9, 3, 2, 1, 0);
INSERT INTO ATTENDS VALUES ('Larry Nance Jr.', '2017-10-14 02:30:00', 'LA', 4, 7, 2, 0, 1);
INSERT INTO ATTENDS VALUES ('Larry Nance Jr.', '2017-10-20 02:30:00', 'Los Angeles', 14, 12, 0, 1, 0);
INSERT INTO ATTENDS VALUES ('Larry Nance Jr.', '2017-10-21 02:00:00', 'Phoenix', 14, 6, 1, 2, 2);
INSERT INTO ATTENDS VALUES ('Larry Nance Jr.', '2017-10-23 01:30:00', 'Los Angeles', 6, 3, 0, 0, 1);
INSERT INTO ATTENDS VALUES ('Larry Nance Jr.', '2017-10-26 02:30:00', 'Los Angeles', 18, 10, 0, 0, 2);
INSERT INTO ATTENDS VALUES ('Larry Nance Jr.', '2017-10-28 02:30:00', 'Los Angeles', 7, 2, 1, 0, 1);
INSERT INTO ATTENDS VALUES ('Larry Nance Jr.', '2017-10-29 01:00:00', 'Utah', 5, 10, 2, 1, 2);
INSERT INTO ATTENDS VALUES ('Larry Nance Jr.', '2017-11-01 02:30:00', 'Los Angeles', 14, 12, 2, 0, 3);
INSERT INTO PLAYERHAS VALUES ('Joe Young', 'USA', 25, 3, 'Indiana Pacers');
INSERT INTO CAREER VALUES ('Joe Young', 0, 0, '2015/2/43');
INSERT INTO ATTENDS VALUES ('Joe Young', '2017-10-05 00:00:00', 'Milwaukee', 2, 1, 1, 1, 0);
INSERT INTO ATTENDS VALUES ('Joe Young', '2017-10-06 23:30:00', 'Cleveland', 6, 0, 0, 0, 0);
INSERT INTO ATTENDS VALUES ('Joe Young', '2017-10-09 23:00:00', 'Detroit', 11, 2, 5, 0, 0);
INSERT INTO ATTENDS VALUES ('Joe Young', '2017-10-18 23:00:00', 'Indiana', 0, 0, 0, 0, 0);
INSERT INTO ATTENDS VALUES ('Joe Young', '2017-10-20 23:00:00', 'Indiana', 5, 1, 0, 0, 0);
INSERT INTO ATTENDS VALUES ('Joe Young', '2017-10-22 00:00:00', 'Miami', 0, 0, 0, 0, 0);
INSERT INTO ATTENDS VALUES ('Joe Young', '2017-10-25 00:00:00', 'Minnesota', 2, 0, 0, 0, 0);
INSERT INTO ATTENDS VALUES ('Joe Young', '2017-10-26 00:00:00', 'Oklahoma City', 3, 1, 0, 0, 0);
INSERT INTO ATTENDS VALUES ('Joe Young', '2017-10-29 20:30:00', 'Indiana', 3, 0, 0, 0, 0);
INSERT INTO ATTENDS VALUES ('Joe Young', '2017-10-31 23:00:00', 'Indiana', 0, 2, 1, 0, 0);
INSERT INTO PLAYERHAS VALUES ('Stanley Johnson', 'USA', 22, 7, 'Detroit Pistons');
INSERT INTO CAREER VALUES ('Stanley Johnson', 0, 0, '2015/1/8');
INSERT INTO ATTENDS VALUES ('Stanley Johnson', '2017-10-04 23:00:00', 'Detroit', 8, 4, 2, 0, 1);
INSERT INTO ATTENDS VALUES ('Stanley Johnson', '2017-10-06 23:00:00', 'Detroit', 10, 4, 2, 0, 1);
INSERT INTO ATTENDS VALUES ('Stanley Johnson', '2017-10-09 23:00:00', 'Detroit', 11, 6, 0, 0, 1);
INSERT INTO ATTENDS VALUES ('Stanley Johnson', '2017-10-10 23:00:00', 'Toronto', 6, 5, 1, 0, 0);
INSERT INTO ATTENDS VALUES ('Stanley Johnson', '2017-10-14 00:30:00', 'Milwaukee', 0, 0, 0, 0, 0);
INSERT INTO ATTENDS VALUES ('Stanley Johnson', '2017-10-18 23:00:00', 'Detroit', 2, 4, 1, 0, 4);
INSERT INTO ATTENDS VALUES ('Stanley Johnson', '2017-10-20 23:00:00', 'Washington', 10, 3, 2, 0, 1);
INSERT INTO ATTENDS VALUES ('Stanley Johnson', '2017-10-22 00:00:00', 'New York', 9, 8, 2, 0, 0);
INSERT INTO ATTENDS VALUES ('Stanley Johnson', '2017-10-23 23:00:00', 'Detroit', 0, 0, 0, 0, 0);
INSERT INTO ATTENDS VALUES ('Stanley Johnson', '2017-10-25 23:00:00', 'Detroit', 15, 3, 3, 0, 1);
INSERT INTO ATTENDS VALUES ('Stanley Johnson', '2017-10-29 02:30:00', 'LA', 9, 4, 1, 0, 2);
INSERT INTO ATTENDS VALUES ('Stanley Johnson', '2017-10-30 00:30:00', 'Golden State', 15, 2, 3, 0, 3);
INSERT INTO ATTENDS VALUES ('Stanley Johnson', '2017-11-01 02:30:00', 'Los Angeles', 9, 4, 0, 1, 0);
INSERT INTO PLAYERHAS VALUES ('Trey Lyles', 'USA', 22, 7, 'Denver Nuggets');
INSERT INTO CAREER VALUES ('Trey Lyles', 0, 0, '2015/1/12');
INSERT INTO ATTENDS VALUES ('Trey Lyles', '2017-10-01 00:30:00', 'Golden State', 6, 4, 3, 0, 0);
INSERT INTO ATTENDS VALUES ('Trey Lyles', '2017-10-03 02:30:00', 'Los Angeles', 0, 0, 0, 0, 0);
INSERT INTO ATTENDS VALUES ('Trey Lyles', '2017-10-05 02:00:00', 'Los Angeles', 11, 3, 0, 0, 0);
INSERT INTO ATTENDS VALUES ('Trey Lyles', '2017-10-08 20:00:00', 'San Antonio', 0, 1, 1, 0, 0);
INSERT INTO ATTENDS VALUES ('Trey Lyles', '2017-10-11 01:00:00', 'Denver', 0, 0, 0, 0, 0);
INSERT INTO ATTENDS VALUES ('Trey Lyles', '2017-10-19 01:00:00', 'Utah', 0, 0, 0, 0, 0);
INSERT INTO ATTENDS VALUES ('Trey Lyles', '2017-10-22 01:00:00', 'Denver', 5, 2, 0, 0, 0);
INSERT INTO ATTENDS VALUES ('Trey Lyles', '2017-10-24 01:00:00', 'Denver', 0, 0, 0, 0, 0);
INSERT INTO ATTENDS VALUES ('Trey Lyles', '2017-10-25 23:00:00', 'Charlotte', 0, 1, 0, 0, 0);
INSERT INTO ATTENDS VALUES ('Trey Lyles', '2017-10-27 23:30:00', 'Atlanta', 0, 0, 0, 0, 0);
INSERT INTO ATTENDS VALUES ('Trey Lyles', '2017-10-29 22:00:00', 'Brooklyn', 0, 1, 0, 1, 0);
INSERT INTO ATTENDS VALUES ('Trey Lyles', '2017-10-30 23:30:00', 'New York', 0, 0, 0, 0, 0);
INSERT INTO PLAYERHAS VALUES ('LaMarcus Aldridge', 'USA', 32, 12, 'San Antonio Spurs');
INSERT INTO CAREER VALUES ('LaMarcus Aldridge', 0, 6, '2006/1/2');
INSERT INTO ATTENDS VALUES ('LaMarcus Aldridge', '2017-10-03 02:00:00', 'Sacramento', 15, 1, 2, 0, 0);
INSERT INTO ATTENDS VALUES ('LaMarcus Aldridge', '2017-10-07 00:30:00', 'San Antonio', 10, 2, 2, 1, 0);
INSERT INTO ATTENDS VALUES ('LaMarcus Aldridge', '2017-10-08 20:00:00', 'San Antonio', 21, 8, 6, 1, 1);
INSERT INTO ATTENDS VALUES ('LaMarcus Aldridge', '2017-10-11 00:30:00', 'San Antonio', 16, 4, 1, 0, 2);
INSERT INTO ATTENDS VALUES ('LaMarcus Aldridge', '2017-10-14 00:00:00', 'Houston', 26, 10, 3, 0, 2);
INSERT INTO ATTENDS VALUES ('LaMarcus Aldridge', '2017-10-19 01:30:00', 'San Antonio', 25, 10, 4, 2, 0);
INSERT INTO ATTENDS VALUES ('LaMarcus Aldridge', '2017-10-22 00:00:00', 'Chicago', 28, 10, 3, 2, 1);
INSERT INTO ATTENDS VALUES ('LaMarcus Aldridge', '2017-10-24 00:30:00', 'San Antonio', 20, 8, 3, 1, 1);
INSERT INTO ATTENDS VALUES ('LaMarcus Aldridge', '2017-10-26 00:00:00', 'Miami', 31, 7, 1, 1, 2);
INSERT INTO ATTENDS VALUES ('LaMarcus Aldridge', '2017-10-27 23:00:00', 'Orlando', 24, 11, 0, 1, 0);
INSERT INTO ATTENDS VALUES ('LaMarcus Aldridge', '2017-10-29 20:30:00', 'Indiana', 26, 8, 0, 1, 0);
INSERT INTO ATTENDS VALUES ('LaMarcus Aldridge', '2017-10-30 23:30:00', 'Boston', 11, 5, 2, 1, 1);
INSERT INTO PLAYERHAS VALUES ('Wade Baldwin IV', 'USA', 22, 2, 'Portland Trail Blazers');
INSERT INTO CAREER VALUES ('Wade Baldwin IV', 0, 0, '2016/1/17');
INSERT INTO ATTENDS VALUES ('Wade Baldwin IV', '2017-10-03 00:00:00', 'Memphis', 8, 6, 2, 0, 1);
INSERT INTO ATTENDS VALUES ('Wade Baldwin IV', '2017-10-04 23:00:00', 'Philadelphia', 3, 2, 3, 0, 0);
INSERT INTO ATTENDS VALUES ('Wade Baldwin IV', '2017-10-09 23:30:00', 'Atlanta', 4, 0, 1, 0, 0);
INSERT INTO ATTENDS VALUES ('Wade Baldwin IV', '2017-10-12 01:30:00', 'Memphis', 7, 0, 2, 0, 1);
INSERT INTO ATTENDS VALUES ('Wade Baldwin IV', '2017-10-14 00:00:00', 'Memphis', 7, 1, 1, 1, 0);
INSERT INTO PLAYERHAS VALUES ('Omer Asik', 'Turkey', 31, 3, 'Chicago Bulls');
INSERT INTO CAREER VALUES ('Omer Asik', 0, 0, '2008/2/36');
INSERT INTO ATTENDS VALUES ('Omer Asik', '2017-10-04 00:00:00', 'New Orleans', 0, 0, 0, 0, 0);
INSERT INTO ATTENDS VALUES ('Omer Asik', '2017-10-07 00:00:00', 'Oklahoma City', 0, 0, 0, 0, 0);
INSERT INTO ATTENDS VALUES ('Omer Asik', '2017-10-14 00:00:00', 'Memphis', 0, 0, 0, 0, 0);
INSERT INTO PLAYERHAS VALUES ('Marquese Chriss', 'USA', 20, 0, 'Phoenix Suns');
INSERT INTO CAREER VALUES ('Marquese Chriss', 0, 0, '2016/1/8');
INSERT INTO ATTENDS VALUES ('Marquese Chriss', '2017-10-04 02:00:00', 'Portland', 3, 4, 1, 3, 1);
INSERT INTO ATTENDS VALUES ('Marquese Chriss', '2017-10-07 01:00:00', 'Utah', 10, 7, 2, 4, 0);
INSERT INTO ATTENDS VALUES ('Marquese Chriss', '2017-10-10 02:00:00', 'Phoenix', 13, 3, 0, 0, 1);
INSERT INTO ATTENDS VALUES ('Marquese Chriss', '2017-10-12 02:00:00', 'Phoenix', 13, 12, 2, 0, 0);
INSERT INTO ATTENDS VALUES ('Marquese Chriss', '2017-10-19 02:00:00', 'Phoenix', 2, 1, 0, 1, 0);
INSERT INTO ATTENDS VALUES ('Marquese Chriss', '2017-10-21 02:00:00', 'Phoenix', 5, 6, 1, 3, 0);
INSERT INTO ATTENDS VALUES ('Marquese Chriss', '2017-10-22 02:30:00', 'LA', 7, 1, 0, 0, 2);
INSERT INTO ATTENDS VALUES ('Marquese Chriss', '2017-10-24 02:00:00', 'Phoenix', 19, 5, 1, 3, 0);
INSERT INTO ATTENDS VALUES ('Marquese Chriss', '2017-10-26 02:00:00', 'Phoenix', 4, 5, 2, 1, 0);
INSERT INTO ATTENDS VALUES ('Marquese Chriss', '2017-10-29 02:00:00', 'Portland', 7, 1, 2, 1, 2);
INSERT INTO ATTENDS VALUES ('Marquese Chriss', '2017-10-31 23:30:00', 'Brooklyn', 5, 5, 2, 1, 1);
INSERT INTO PLAYERHAS VALUES ('Malik Beasley', 'USA', 21, 25, 'Denver Nuggets');
INSERT INTO CAREER VALUES ('Malik Beasley', 0, 0, '2016/1/19');
INSERT INTO ATTENDS VALUES ('Malik Beasley', '2017-10-01 00:30:00', 'Golden State', 0, 1, 0, 0, 0);
INSERT INTO ATTENDS VALUES ('Malik Beasley', '2017-10-03 02:30:00', 'Los Angeles', 2, 1, 0, 0, 0);
INSERT INTO ATTENDS VALUES ('Malik Beasley', '2017-10-05 02:00:00', 'Los Angeles', 6, 4, 0, 0, 0);
INSERT INTO ATTENDS VALUES ('Malik Beasley', '2017-10-08 20:00:00', 'San Antonio', 2, 1, 0, 0, 2);
INSERT INTO ATTENDS VALUES ('Malik Beasley', '2017-10-11 01:00:00', 'Denver', 3, 0, 0, 0, 0);
INSERT INTO ATTENDS VALUES ('Malik Beasley', '2017-10-19 01:00:00', 'Utah', 0, 1, 1, 0, 0);
INSERT INTO ATTENDS VALUES ('Malik Beasley', '2017-10-22 01:00:00', 'Denver', 0, 0, 0, 0, 0);
INSERT INTO ATTENDS VALUES ('Malik Beasley', '2017-10-24 01:00:00', 'Denver', 3, 1, 1, 0, 1);
INSERT INTO ATTENDS VALUES ('Malik Beasley', '2017-10-25 23:00:00', 'Charlotte', 7, 1, 0, 0, 0);
INSERT INTO ATTENDS VALUES ('Malik Beasley', '2017-10-27 23:30:00', 'Atlanta', 2, 3, 1, 0, 0);
INSERT INTO ATTENDS VALUES ('Malik Beasley', '2017-10-29 22:00:00', 'Brooklyn', 0, 0, 0, 0, 0);
INSERT INTO ATTENDS VALUES ('Malik Beasley', '2017-10-30 23:30:00', 'New York', 0, 0, 0, 0, 0);
INSERT INTO PLAYERHAS VALUES ('Dragan Bender', 'Croatia', 20, 35, 'Phoenix Suns');
INSERT INTO CAREER VALUES ('Dragan Bender', 0, 0, '2016/1/4');
INSERT INTO ATTENDS VALUES ('Dragan Bender', '2017-10-04 02:00:00', 'Portland', 2, 9, 0, 0, 0);
INSERT INTO ATTENDS VALUES ('Dragan Bender', '2017-10-07 01:00:00', 'Utah', 2, 5, 3, 1, 0);
INSERT INTO ATTENDS VALUES ('Dragan Bender', '2017-10-10 02:00:00', 'Phoenix', 3, 4, 0, 0, 1);
INSERT INTO ATTENDS VALUES ('Dragan Bender', '2017-10-12 02:00:00', 'Phoenix', 13, 7, 1, 1, 0);
INSERT INTO ATTENDS VALUES ('Dragan Bender', '2017-10-19 02:00:00', 'Phoenix', 2, 7, 0, 1, 1);
INSERT INTO ATTENDS VALUES ('Dragan Bender', '2017-10-21 02:00:00', 'Phoenix', 3, 7, 0, 2, 1);
INSERT INTO ATTENDS VALUES ('Dragan Bender', '2017-10-22 02:30:00', 'LA', 3, 2, 2, 0, 0);
INSERT INTO ATTENDS VALUES ('Dragan Bender', '2017-10-24 02:00:00', 'Phoenix', 5, 2, 0, 0, 0);
INSERT INTO ATTENDS VALUES ('Dragan Bender', '2017-10-26 02:00:00', 'Phoenix', 3, 4, 1, 2, 1);
INSERT INTO ATTENDS VALUES ('Dragan Bender', '2017-10-29 02:00:00', 'Portland', 8, 7, 0, 2, 1);
INSERT INTO ATTENDS VALUES ('Dragan Bender', '2017-10-31 23:30:00', 'Brooklyn', 10, 3, 3, 1, 0);
INSERT INTO PLAYERHAS VALUES ('Ben Simmons', 'Australia', 21, 25, 'Philadelphia 76ers');
INSERT INTO CAREER VALUES ('Ben Simmons', 0, 0, '2016/1/1');
INSERT INTO ATTENDS VALUES ('Ben Simmons', '2017-10-04 23:00:00', 'Philadelphia', 6, 7, 9, 1, 0);
INSERT INTO ATTENDS VALUES ('Ben Simmons', '2017-10-06 23:00:00', 'Philadelphia', 8, 3, 6, 0, 3);
INSERT INTO ATTENDS VALUES ('Ben Simmons', '2017-10-09 23:30:00', 'Boston', 15, 6, 2, 2, 1);
INSERT INTO ATTENDS VALUES ('Ben Simmons', '2017-10-11 23:30:00', 'Brooklyn', 9, 8, 6, 0, 3);
INSERT INTO ATTENDS VALUES ('Ben Simmons', '2017-10-14 00:30:00', 'Philadelphia', 19, 7, 5, 1, 0);
INSERT INTO ATTENDS VALUES ('Ben Simmons', '2017-10-18 23:00:00', 'Washington', 18, 10, 5, 1, 2);
INSERT INTO ATTENDS VALUES ('Ben Simmons', '2017-10-20 23:00:00', 'Philadelphia', 11, 11, 5, 0, 1);
INSERT INTO ATTENDS VALUES ('Ben Simmons', '2017-10-21 23:30:00', 'Toronto', 18, 10, 8, 0, 0);
INSERT INTO ATTENDS VALUES ('Ben Simmons', '2017-10-23 23:00:00', 'Detroit', 21, 12, 10, 0, 1);
INSERT INTO ATTENDS VALUES ('Ben Simmons', '2017-10-25 23:00:00', 'Philadelphia', 14, 7, 9, 1, 3);
INSERT INTO ATTENDS VALUES ('Ben Simmons', '2017-10-29 00:30:00', 'Dallas', 23, 7, 8, 1, 3);
INSERT INTO ATTENDS VALUES ('Ben Simmons', '2017-10-31 00:00:00', 'Houston', 24, 7, 9, 0, 0);
INSERT INTO PLAYERHAS VALUES ('Goran Dragic', 'Slovenia', 32, 7, 'Miami Heat');
INSERT INTO CAREER VALUES ('Goran Dragic', 0, 1, '2008/2/45');
INSERT INTO ATTENDS VALUES ('Goran Dragic', '2017-10-01 22:00:00', 'Miami', 6, 1, 3, 0, 1);
INSERT INTO ATTENDS VALUES ('Goran Dragic', '2017-10-05 23:30:00', 'Brooklyn', 12, 1, 0, 0, 1);
INSERT INTO ATTENDS VALUES ('Goran Dragic', '2017-10-07 23:00:00', 'Orlando', 0, 0, 0, 0, 0);
INSERT INTO ATTENDS VALUES ('Goran Dragic', '2017-10-09 23:30:00', 'Miami', 0, 0, 0, 0, 0);
INSERT INTO ATTENDS VALUES ('Goran Dragic', '2017-10-11 23:30:00', 'Miami', 0, 0, 0, 0, 0);
INSERT INTO ATTENDS VALUES ('Goran Dragic', '2017-10-14 00:30:00', 'Philadelphia', 0, 0, 0, 0, 0);
INSERT INTO ATTENDS VALUES ('Goran Dragic', '2017-10-18 23:00:00', 'Orlando', 17, 5, 6, 0, 1);
INSERT INTO ATTENDS VALUES ('Goran Dragic', '2017-10-22 00:00:00', 'Miami', 23, 5, 3, 0, 0);
INSERT INTO ATTENDS VALUES ('Goran Dragic', '2017-10-23 23:30:00', 'Miami', 19, 1, 6, 0, 1);
INSERT INTO ATTENDS VALUES ('Goran Dragic', '2017-10-26 00:00:00', 'Miami', 20, 4, 1, 0, 1);
INSERT INTO ATTENDS VALUES ('Goran Dragic', '2017-10-29 00:00:00', 'Miami', 22, 3, 4, 1, 0);
INSERT INTO ATTENDS VALUES ('Goran Dragic', '2017-10-30 23:30:00', 'Miami', 18, 6, 5, 0, 1);
INSERT INTO PLAYERHAS VALUES ('Kris Dunn', 'USA', 24, 32, 'Chicago Bulls');
INSERT INTO CAREER VALUES ('Kris Dunn', 0, 0, '2016/1/5');
INSERT INTO ATTENDS VALUES ('Kris Dunn', '2017-10-04 00:00:00', 'New Orleans', 11, 1, 4, 0, 2);
INSERT INTO ATTENDS VALUES ('Kris Dunn', '2017-10-05 00:30:00', 'Dallas', 2, 4, 6, 1, 2);
INSERT INTO ATTENDS VALUES ('Kris Dunn', '2017-10-07 00:00:00', 'Chicago', 11, 3, 2, 0, 0);
INSERT INTO ATTENDS VALUES ('Kris Dunn', '2017-10-11 00:00:00', 'Cleveland', 0, 0, 0, 0, 0);
INSERT INTO ATTENDS VALUES ('Kris Dunn', '2017-10-29 00:00:00', 'Chicago', 8, 4, 3, 1, 3);
INSERT INTO PLAYERHAS VALUES ('Deyonta Davis', 'USA', 21, 21, 'Memphis Grizzlies');
INSERT INTO CAREER VALUES ('Deyonta Davis', 0, 0, '2016/2/31');
INSERT INTO ATTENDS VALUES ('Deyonta Davis', '2017-10-03 00:00:00', 'Memphis', 0, 7, 2, 1, 0);
INSERT INTO ATTENDS VALUES ('Deyonta Davis', '2017-10-04 23:00:00', 'Philadelphia', 6, 4, 1, 3, 2);
INSERT INTO ATTENDS VALUES ('Deyonta Davis', '2017-10-09 23:30:00', 'Atlanta', 2, 1, 0, 0, 0);
INSERT INTO ATTENDS VALUES ('Deyonta Davis', '2017-10-12 01:30:00', 'Memphis', 0, 0, 0, 0, 0);
INSERT INTO ATTENDS VALUES ('Deyonta Davis', '2017-10-14 00:00:00', 'Memphis', 0, 2, 2, 1, 0);
INSERT INTO ATTENDS VALUES ('Deyonta Davis', '2017-10-19 00:00:00', 'Memphis', 0, 0, 0, 0, 0);
INSERT INTO ATTENDS VALUES ('Deyonta Davis', '2017-10-22 00:00:00', 'Memphis', 0, 0, 0, 0, 0);
INSERT INTO ATTENDS VALUES ('Deyonta Davis', '2017-10-24 00:00:00', 'Houston', 0, 0, 0, 0, 0);
INSERT INTO ATTENDS VALUES ('Deyonta Davis', '2017-10-26 00:30:00', 'Dallas', 0, 0, 0, 0, 0);
INSERT INTO ATTENDS VALUES ('Deyonta Davis', '2017-10-27 00:00:00', 'Memphis', 0, 0, 0, 0, 0);
INSERT INTO ATTENDS VALUES ('Deyonta Davis', '2017-10-29 00:00:00', 'Memphis', 2, 2, 1, 0, 0);
INSERT INTO ATTENDS VALUES ('Deyonta Davis', '2017-10-31 00:00:00', 'Memphis', 0, 0, 0, 0, 0);
INSERT INTO PLAYERHAS VALUES ('Nene ', 'Brazil', 35, 42, 'Houston Rockets');
INSERT INTO CAREER VALUES ('Nene ', 0, 0, '2002/1/7');
INSERT INTO ATTENDS VALUES ('Nene ', '2017-10-04 00:00:00', 'Oklahoma City', 0, 0, 0, 0, 0);
INSERT INTO ATTENDS VALUES ('Nene ', '2017-10-09 23:30:00', 'New York', 5, 3, 2, 0, 0);
INSERT INTO ATTENDS VALUES ('Nene ', '2017-10-12 01:30:00', 'Memphis', 3, 2, 0, 0, 1);
INSERT INTO ATTENDS VALUES ('Nene ', '2017-10-14 00:00:00', 'Houston', 0, 0, 0, 0, 0);
INSERT INTO ATTENDS VALUES ('Nene ', '2017-10-18 02:30:00', 'Golden State', 0, 0, 0, 0, 0);
INSERT INTO ATTENDS VALUES ('Nene ', '2017-10-19 02:00:00', 'Sacramento', 9, 4, 1, 0, 1);
INSERT INTO ATTENDS VALUES ('Nene ', '2017-10-22 00:00:00', 'Houston', 14, 2, 0, 0, 0);
INSERT INTO ATTENDS VALUES ('Nene ', '2017-10-24 00:00:00', 'Houston', 9, 3, 1, 0, 0);
INSERT INTO ATTENDS VALUES ('Nene ', '2017-10-29 00:00:00', 'Memphis', 4, 1, 1, 0, 0);
INSERT INTO ATTENDS VALUES ('Nene ', '2017-10-31 00:00:00', 'Houston', 7, 3, 1, 1, 0);
INSERT INTO PLAYERHAS VALUES ('Marquis Teague', 'USA', 25, 20, 'Memphis Grizzlies');
INSERT INTO CAREER VALUES ('Marquis Teague', 0, 0, '2012/1/29');
INSERT INTO PLAYERHAS VALUES ('Nerlens Noel', 'USA', 24, 3, 'Dallas Mavericks');
INSERT INTO CAREER VALUES ('Nerlens Noel', 0, 0, '2013/1/6');
INSERT INTO ATTENDS VALUES ('Nerlens Noel', '2017-10-03 00:30:00', 'Dallas', 5, 1, 1, 2, 2);
INSERT INTO ATTENDS VALUES ('Nerlens Noel', '2017-10-05 00:30:00', 'Dallas', 6, 3, 1, 0, 1);
INSERT INTO ATTENDS VALUES ('Nerlens Noel', '2017-10-05 23:00:00', 'Orlando', 0, 0, 0, 0, 0);
INSERT INTO ATTENDS VALUES ('Nerlens Noel', '2017-10-10 00:30:00', 'Dallas', 6, 7, 1, 1, 0);
INSERT INTO ATTENDS VALUES ('Nerlens Noel', '2017-10-12 23:30:00', 'Atlanta', 6, 7, 0, 0, 2);
INSERT INTO ATTENDS VALUES ('Nerlens Noel', '2017-10-13 22:00:00', 'Charlotte', 2, 4, 0, 1, 1);
INSERT INTO ATTENDS VALUES ('Nerlens Noel', '2017-10-19 00:30:00', 'Dallas', 16, 11, 0, 3, 1);
INSERT INTO ATTENDS VALUES ('Nerlens Noel', '2017-10-21 00:30:00', 'Dallas', 7, 6, 0, 2, 3);
INSERT INTO ATTENDS VALUES ('Nerlens Noel', '2017-10-22 00:00:00', 'Houston', 4, 5, 0, 0, 0);
INSERT INTO ATTENDS VALUES ('Nerlens Noel', '2017-10-24 00:30:00', 'Dallas', 8, 7, 0, 0, 2);
INSERT INTO ATTENDS VALUES ('Nerlens Noel', '2017-10-26 00:30:00', 'Dallas', 8, 5, 1, 1, 1);
INSERT INTO ATTENDS VALUES ('Nerlens Noel', '2017-10-27 00:00:00', 'Memphis', 5, 8, 2, 0, 0);
INSERT INTO ATTENDS VALUES ('Nerlens Noel', '2017-10-29 00:30:00', 'Dallas', 4, 4, 0, 0, 0);
INSERT INTO ATTENDS VALUES ('Nerlens Noel', '2017-10-31 01:00:00', 'Utah', 6, 4, 1, 1, 0);
INSERT INTO PLAYERHAS VALUES ('Tomas Satoransky', 'Czech Republic', 26, 31, 'Washington Wizards');
INSERT INTO CAREER VALUES ('Tomas Satoransky', 0, 0, '2012/2/32');
INSERT INTO ATTENDS VALUES ('Tomas Satoransky', '2017-10-06 23:00:00', 'Washington', 3, 2, 5, 0, 2);
INSERT INTO ATTENDS VALUES ('Tomas Satoransky', '2017-10-08 19:00:00', 'Washington', 8, 4, 5, 0, 1);
INSERT INTO ATTENDS VALUES ('Tomas Satoransky', '2017-10-11 23:30:00', 'Miami', 0, 0, 0, 0, 0);
INSERT INTO ATTENDS VALUES ('Tomas Satoransky', '2017-10-13 23:30:00', 'New York', 10, 3, 5, 0, 1);
INSERT INTO ATTENDS VALUES ('Tomas Satoransky', '2017-10-18 23:00:00', 'Washington', 0, 0, 0, 0, 0);
INSERT INTO ATTENDS VALUES ('Tomas Satoransky', '2017-10-20 23:00:00', 'Washington', 0, 0, 0, 0, 0);
INSERT INTO ATTENDS VALUES ('Tomas Satoransky', '2017-10-24 01:00:00', 'Denver', 5, 1, 0, 0, 0);
INSERT INTO ATTENDS VALUES ('Tomas Satoransky', '2017-10-26 02:30:00', 'Los Angeles', 0, 0, 0, 0, 0);
INSERT INTO ATTENDS VALUES ('Tomas Satoransky', '2017-10-28 02:30:00', 'Golden State', 1, 0, 0, 0, 0);
INSERT INTO ATTENDS VALUES ('Tomas Satoransky', '2017-10-29 22:00:00', 'Sacramento', 3, 2, 4, 0, 1);
INSERT INTO PLAYERHAS VALUES ('Miles Plumlee', 'USA', 29, 18, 'Atlanta Hawks');
INSERT INTO CAREER VALUES ('Miles Plumlee', 0, 0, '2012/1/26');
INSERT INTO ATTENDS VALUES ('Miles Plumlee', '2017-10-01 22:00:00', 'Miami', 2, 0, 0, 0, 0);
INSERT INTO ATTENDS VALUES ('Miles Plumlee', '2017-10-04 23:00:00', 'Cleveland', 0, 0, 0, 0, 0);
INSERT INTO ATTENDS VALUES ('Miles Plumlee', '2017-10-09 23:30:00', 'Atlanta', 0, 0, 0, 0, 0);
INSERT INTO ATTENDS VALUES ('Miles Plumlee', '2017-10-12 23:30:00', 'Atlanta', 0, 0, 0, 0, 0);
INSERT INTO PLAYERHAS VALUES ('Alex Abrines', 'Spain', 24, 8, 'Oklahoma City Thunder');
INSERT INTO CAREER VALUES ('Alex Abrines', 0, 0, '2013/2/32');
INSERT INTO ATTENDS VALUES ('Alex Abrines', '2017-10-04 00:00:00', 'Oklahoma City', 0, 0, 0, 0, 0);
INSERT INTO ATTENDS VALUES ('Alex Abrines', '2017-10-07 00:00:00', 'Oklahoma City', 0, 0, 0, 0, 0);
INSERT INTO ATTENDS VALUES ('Alex Abrines', '2017-10-11 01:00:00', 'Denver', 5, 1, 0, 0, 0);
INSERT INTO ATTENDS VALUES ('Alex Abrines', '2017-10-20 00:00:00', 'Oklahoma City', 3, 3, 0, 0, 1);
INSERT INTO ATTENDS VALUES ('Alex Abrines', '2017-10-22 01:00:00', 'Utah', 7, 4, 1, 0, 1);
INSERT INTO ATTENDS VALUES ('Alex Abrines', '2017-10-22 23:00:00', 'Oklahoma City', 4, 0, 0, 0, 1);
INSERT INTO ATTENDS VALUES ('Alex Abrines', '2017-10-26 00:00:00', 'Oklahoma City', 5, 2, 1, 0, 1);
INSERT INTO ATTENDS VALUES ('Alex Abrines', '2017-10-28 00:00:00', 'Minnesota', 0, 0, 0, 0, 0);
INSERT INTO ATTENDS VALUES ('Alex Abrines', '2017-10-29 00:00:00', 'Chicago', 5, 2, 1, 0, 2);
INSERT INTO ATTENDS VALUES ('Alex Abrines', '2017-11-01 00:00:00', 'Milwaukee', 6, 1, 1, 0, 1);
INSERT INTO PLAYERHAS VALUES ('James Ennis III', 'USA', 27, 33, 'Detroit Pistons');
INSERT INTO CAREER VALUES ('James Ennis III', 0, 0, '2013/2/50');
INSERT INTO ATTENDS VALUES ('James Ennis III', '2017-10-03 00:00:00', 'Memphis', 7, 5, 1, 0, 1);
INSERT INTO ATTENDS VALUES ('James Ennis III', '2017-10-04 23:00:00', 'Philadelphia', 9, 7, 1, 0, 0);
INSERT INTO ATTENDS VALUES ('James Ennis III', '2017-10-09 23:30:00', 'Atlanta', 14, 0, 0, 0, 0);
INSERT INTO ATTENDS VALUES ('James Ennis III', '2017-10-12 01:30:00', 'Memphis', 9, 3, 0, 0, 0);
INSERT INTO ATTENDS VALUES ('James Ennis III', '2017-10-14 00:00:00', 'Memphis', 5, 3, 1, 0, 0);
INSERT INTO ATTENDS VALUES ('James Ennis III', '2017-10-19 00:00:00', 'Memphis', 5, 1, 2, 0, 0);
INSERT INTO ATTENDS VALUES ('James Ennis III', '2017-10-22 00:00:00', 'Memphis', 13, 4, 3, 0, 1);
INSERT INTO ATTENDS VALUES ('James Ennis III', '2017-10-24 00:00:00', 'Houston', 14, 11, 1, 0, 1);
INSERT INTO ATTENDS VALUES ('James Ennis III', '2017-10-26 00:30:00', 'Dallas', 8, 4, 1, 0, 2);
INSERT INTO ATTENDS VALUES ('James Ennis III', '2017-10-27 00:00:00', 'Memphis', 2, 5, 1, 0, 0);
INSERT INTO ATTENDS VALUES ('James Ennis III', '2017-10-29 00:00:00', 'Memphis', 8, 7, 3, 0, 0);
INSERT INTO ATTENDS VALUES ('James Ennis III', '2017-10-31 00:00:00', 'Memphis', 11, 4, 0, 0, 0);
INSERT INTO PLAYERHAS VALUES ('Jae Crowder', 'USA', 27, 99, 'Cleveland Cavaliers');
INSERT INTO CAREER VALUES ('Jae Crowder', 0, 0, '2012/2/34');
INSERT INTO ATTENDS VALUES ('Jae Crowder', '2017-10-04 23:00:00', 'Cleveland', 8, 1, 0, 0, 0);
INSERT INTO ATTENDS VALUES ('Jae Crowder', '2017-10-06 23:30:00', 'Cleveland', 17, 6, 2, 0, 0);
INSERT INTO ATTENDS VALUES ('Jae Crowder', '2017-10-11 00:00:00', 'Cleveland', 9, 3, 2, 0, 1);
INSERT INTO ATTENDS VALUES ('Jae Crowder', '2017-10-13 23:00:00', 'Orlando', 4, 1, 0, 0, 1);
INSERT INTO ATTENDS VALUES ('Jae Crowder', '2017-10-18 00:00:00', 'Cleveland', 11, 5, 2, 0, 2);
INSERT INTO ATTENDS VALUES ('Jae Crowder', '2017-10-20 23:00:00', 'Milwaukee', 14, 4, 1, 0, 1);
INSERT INTO ATTENDS VALUES ('Jae Crowder', '2017-10-22 00:00:00', 'Cleveland', 0, 2, 0, 1, 1);
INSERT INTO ATTENDS VALUES ('Jae Crowder', '2017-10-24 23:00:00', 'Cleveland', 11, 2, 0, 0, 0);
INSERT INTO ATTENDS VALUES ('Jae Crowder', '2017-10-25 23:30:00', 'Brooklyn', 5, 1, 1, 0, 0);
INSERT INTO ATTENDS VALUES ('Jae Crowder', '2017-10-28 23:00:00', 'New Orleans', 5, 4, 2, 0, 2);
INSERT INTO ATTENDS VALUES ('Jae Crowder', '2017-10-29 23:00:00', 'Cleveland', 5, 5, 1, 0, 0);
INSERT INTO PLAYERHAS VALUES ('Alex Len', 'Ukraine', 24, 21, 'Phoenix Suns');
INSERT INTO CAREER VALUES ('Alex Len', 0, 0, '2013/1/5');
INSERT INTO ATTENDS VALUES ('Alex Len', '2017-10-04 02:00:00', 'Portland', 14, 14, 0, 2, 1);
INSERT INTO ATTENDS VALUES ('Alex Len', '2017-10-07 01:00:00', 'Utah', 18, 9, 0, 2, 0);
INSERT INTO ATTENDS VALUES ('Alex Len', '2017-10-10 02:00:00', 'Phoenix', 18, 6, 1, 1, 3);
INSERT INTO ATTENDS VALUES ('Alex Len', '2017-10-12 02:00:00', 'Phoenix', 3, 5, 0, 2, 1);
INSERT INTO ATTENDS VALUES ('Alex Len', '2017-10-21 02:00:00', 'Phoenix', 4, 7, 1, 1, 0);
INSERT INTO ATTENDS VALUES ('Alex Len', '2017-10-22 02:30:00', 'LA', 15, 7, 2, 1, 0);
INSERT INTO ATTENDS VALUES ('Alex Len', '2017-10-24 02:00:00', 'Phoenix', 7, 7, 1, 0, 0);
INSERT INTO ATTENDS VALUES ('Alex Len', '2017-10-26 02:00:00', 'Phoenix', 13, 12, 0, 0, 0);
INSERT INTO ATTENDS VALUES ('Alex Len', '2017-10-29 02:00:00', 'Portland', 12, 8, 0, 1, 1);
INSERT INTO ATTENDS VALUES ('Alex Len', '2017-10-31 23:30:00', 'Brooklyn', 6, 15, 0, 0, 0);
INSERT INTO PLAYERHAS VALUES ('Allen Crabbe', 'USA', 26, 33, 'Brooklyn Nets');
INSERT INTO CAREER VALUES ('Allen Crabbe', 0, 0, '2013/2/31');
INSERT INTO ATTENDS VALUES ('Allen Crabbe', '2017-10-03 23:30:00', 'New York', 0, 0, 0, 0, 0);
INSERT INTO ATTENDS VALUES ('Allen Crabbe', '2017-10-05 23:30:00', 'Brooklyn', 0, 0, 0, 0, 0);
INSERT INTO ATTENDS VALUES ('Allen Crabbe', '2017-10-08 23:30:00', 'Brooklyn', 14, 1, 1, 0, 1);
INSERT INTO ATTENDS VALUES ('Allen Crabbe', '2017-10-11 23:30:00', 'Brooklyn', 10, 3, 1, 1, 0);
INSERT INTO ATTENDS VALUES ('Allen Crabbe', '2017-10-18 23:00:00', 'Indiana', 12, 7, 1, 1, 2);
INSERT INTO ATTENDS VALUES ('Allen Crabbe', '2017-10-20 23:30:00', 'Brooklyn', 9, 1, 2, 1, 0);
INSERT INTO ATTENDS VALUES ('Allen Crabbe', '2017-10-22 19:30:00', 'Brooklyn', 20, 5, 0, 1, 1);
INSERT INTO ATTENDS VALUES ('Allen Crabbe', '2017-10-24 23:00:00', 'Orlando', 6, 3, 2, 0, 0);
INSERT INTO ATTENDS VALUES ('Allen Crabbe', '2017-10-25 23:30:00', 'Brooklyn', 19, 2, 3, 0, 0);
INSERT INTO ATTENDS VALUES ('Allen Crabbe', '2017-10-27 23:30:00', 'New York', 0, 1, 1, 0, 0);
INSERT INTO ATTENDS VALUES ('Allen Crabbe', '2017-10-29 22:00:00', 'Brooklyn', 8, 2, 1, 0, 1);
INSERT INTO ATTENDS VALUES ('Allen Crabbe', '2017-10-31 23:30:00', 'Brooklyn', 5, 6, 0, 0, 0);
INSERT INTO PLAYERHAS VALUES ('Marcus Morris', 'USA', 28, 13, 'Boston Celtics');
INSERT INTO CAREER VALUES ('Marcus Morris', 0, 0, '2011/1/14');
INSERT INTO ATTENDS VALUES ('Marcus Morris', '2017-10-02 23:30:00', 'Boston', 0, 0, 0, 0, 0);
INSERT INTO ATTENDS VALUES ('Marcus Morris', '2017-10-06 23:00:00', 'Philadelphia', 0, 0, 0, 0, 0);
INSERT INTO ATTENDS VALUES ('Marcus Morris', '2017-10-09 23:30:00', 'Boston', 0, 0, 0, 0, 0);
INSERT INTO ATTENDS VALUES ('Marcus Morris', '2017-10-11 23:00:00', 'Charlotte', 7, 0, 0, 0, 0);
INSERT INTO PLAYERHAS VALUES ('Xavier Silas', 'USA', 30, 9, 'Boston Celtics');
INSERT INTO CAREER VALUES ('Xavier Silas', 0, 0, '2011//');
INSERT INTO PLAYERHAS VALUES ('Vince Carter', 'USA', 41, 15, 'Sacramento Kings');
INSERT INTO CAREER VALUES ('Vince Carter', 0, 8, '1998/1/5');
INSERT INTO ATTENDS VALUES ('Vince Carter', '2017-10-03 02:00:00', 'Sacramento', 0, 1, 0, 0, 0);
INSERT INTO ATTENDS VALUES ('Vince Carter', '2017-10-07 00:30:00', 'San Antonio', 0, 0, 0, 0, 0);
INSERT INTO ATTENDS VALUES ('Vince Carter', '2017-10-09 01:00:00', 'Los Angeles', 9, 2, 0, 0, 1);
INSERT INTO ATTENDS VALUES ('Vince Carter', '2017-10-10 02:00:00', 'Sacramento', 0, 0, 0, 0, 0);
INSERT INTO ATTENDS VALUES ('Vince Carter', '2017-10-13 02:30:00', 'LA', 0, 1, 1, 0, 0);
INSERT INTO ATTENDS VALUES ('Vince Carter', '2017-10-14 02:30:00', 'Golden State', 0, 0, 0, 0, 0);
INSERT INTO ATTENDS VALUES ('Vince Carter', '2017-10-19 02:00:00', 'Sacramento', 6, 1, 2, 0, 0);
INSERT INTO ATTENDS VALUES ('Vince Carter', '2017-10-21 00:30:00', 'Dallas', 6, 3, 0, 0, 0);
INSERT INTO ATTENDS VALUES ('Vince Carter', '2017-10-22 01:00:00', 'Denver', 0, 1, 0, 0, 0);
INSERT INTO ATTENDS VALUES ('Vince Carter', '2017-10-24 02:00:00', 'Phoenix', 0, 0, 1, 0, 0);
INSERT INTO ATTENDS VALUES ('Vince Carter', '2017-10-27 02:30:00', 'Sacramento', 3, 1, 1, 0, 0);
INSERT INTO ATTENDS VALUES ('Vince Carter', '2017-10-29 22:00:00', 'Sacramento', 0, 2, 0, 0, 1);
INSERT INTO ATTENDS VALUES ('Vince Carter', '2017-10-31 23:00:00', 'Indiana', 0, 0, 0, 0, 0);
INSERT INTO PLAYERHAS VALUES ('Dirk Nowitzki', 'Germany', 39, 41, 'Dallas Mavericks');
INSERT INTO CAREER VALUES ('Dirk Nowitzki', 1, 13, '1998/1/9');
INSERT INTO ATTENDS VALUES ('Dirk Nowitzki', '2017-10-03 00:30:00', 'Dallas', 5, 1, 1, 0, 0);
INSERT INTO ATTENDS VALUES ('Dirk Nowitzki', '2017-10-05 00:30:00', 'Dallas', 8, 9, 3, 0, 0);
INSERT INTO ATTENDS VALUES ('Dirk Nowitzki', '2017-10-05 23:00:00', 'Orlando', 0, 0, 0, 0, 0);
INSERT INTO ATTENDS VALUES ('Dirk Nowitzki', '2017-10-10 00:30:00', 'Dallas', 10, 6, 1, 1, 0);
INSERT INTO ATTENDS VALUES ('Dirk Nowitzki', '2017-10-12 23:30:00', 'Atlanta', 0, 0, 0, 0, 0);
INSERT INTO ATTENDS VALUES ('Dirk Nowitzki', '2017-10-13 22:00:00', 'Charlotte', 14, 9, 3, 2, 2);
INSERT INTO ATTENDS VALUES ('Dirk Nowitzki', '2017-10-19 00:30:00', 'Dallas', 10, 6, 0, 0, 0);
INSERT INTO ATTENDS VALUES ('Dirk Nowitzki', '2017-10-21 00:30:00', 'Dallas', 10, 9, 2, 0, 0);
INSERT INTO ATTENDS VALUES ('Dirk Nowitzki', '2017-10-22 00:00:00', 'Houston', 2, 5, 1, 0, 0);
INSERT INTO ATTENDS VALUES ('Dirk Nowitzki', '2017-10-24 00:30:00', 'Dallas', 11, 7, 2, 0, 1);
INSERT INTO ATTENDS VALUES ('Dirk Nowitzki', '2017-10-26 00:30:00', 'Dallas', 13, 5, 3, 0, 0);
INSERT INTO ATTENDS VALUES ('Dirk Nowitzki', '2017-10-27 00:00:00', 'Memphis', 14, 7, 0, 0, 3);
INSERT INTO ATTENDS VALUES ('Dirk Nowitzki', '2017-10-29 00:30:00', 'Dallas', 11, 0, 5, 2, 0);
INSERT INTO ATTENDS VALUES ('Dirk Nowitzki', '2017-10-31 01:00:00', 'Utah', 18, 5, 1, 0, 0);
INSERT INTO PLAYERHAS VALUES ('Lou Williams', 'USA', 31, 23, 'LA Clippers');
INSERT INTO CAREER VALUES ('Lou Williams', 0, 0, '2005/2/45');
INSERT INTO ATTENDS VALUES ('Lou Williams', '2017-10-02 02:00:00', 'Toronto', 17, 4, 6, 0, 2);
INSERT INTO ATTENDS VALUES ('Lou Williams', '2017-10-04 05:00:00', 'LA', 9, 1, 3, 0, 2);
INSERT INTO ATTENDS VALUES ('Lou Williams', '2017-10-08 19:30:00', 'LA', 11, 1, 3, 0, 1);
INSERT INTO ATTENDS VALUES ('Lou Williams', '2017-10-13 02:30:00', 'LA', 14, 3, 4, 0, 1);
INSERT INTO ATTENDS VALUES ('Lou Williams', '2017-10-14 02:30:00', 'LA', 0, 0, 0, 0, 0);
INSERT INTO ATTENDS VALUES ('Lou Williams', '2017-10-20 02:30:00', 'Los Angeles', 12, 3, 6, 0, 2);
INSERT INTO ATTENDS VALUES ('Lou Williams', '2017-10-22 02:30:00', 'LA', 18, 3, 6, 0, 0);
INSERT INTO ATTENDS VALUES ('Lou Williams', '2017-10-25 02:30:00', 'LA', 9, 2, 4, 0, 1);
INSERT INTO ATTENDS VALUES ('Lou Williams', '2017-10-27 02:00:00', 'Portland', 13, 0, 1, 0, 0);
INSERT INTO ATTENDS VALUES ('Lou Williams', '2017-10-29 02:30:00', 'LA', 10, 2, 3, 0, 0);
INSERT INTO ATTENDS VALUES ('Lou Williams', '2017-10-31 02:30:00', 'LA', 17, 1, 3, 0, 0);
INSERT INTO PLAYERHAS VALUES ('Nemanja Bjelica', 'Serbia', 30, 8, 'Minnesota Timberwolves');
INSERT INTO CAREER VALUES ('Nemanja Bjelica', 0, 0, '2010/2/35');
INSERT INTO ATTENDS VALUES ('Nemanja Bjelica', '2017-10-01 02:00:00', 'Los Angeles', 3, 4, 3, 0, 1);
INSERT INTO ATTENDS VALUES ('Nemanja Bjelica', '2017-10-05 06:00:00', 'Golden State', 11, 4, 2, 0, 1);
INSERT INTO ATTENDS VALUES ('Nemanja Bjelica', '2017-10-08 11:00:00', 'Minnesota', 7, 3, 2, 1, 3);
INSERT INTO ATTENDS VALUES ('Nemanja Bjelica', '2017-10-19 01:30:00', 'San Antonio', 9, 3, 1, 0, 0);
INSERT INTO ATTENDS VALUES ('Nemanja Bjelica', '2017-10-21 00:00:00', 'Minnesota', 10, 5, 0, 0, 0);
INSERT INTO ATTENDS VALUES ('Nemanja Bjelica', '2017-10-22 23:00:00', 'Oklahoma City', 3, 1, 0, 0, 0);
INSERT INTO ATTENDS VALUES ('Nemanja Bjelica', '2017-10-25 00:00:00', 'Minnesota', 18, 1, 2, 1, 1);
INSERT INTO ATTENDS VALUES ('Nemanja Bjelica', '2017-10-25 23:00:00', 'Detroit', 7, 3, 1, 0, 0);
INSERT INTO ATTENDS VALUES ('Nemanja Bjelica', '2017-10-28 00:00:00', 'Minnesota', 3, 1, 0, 0, 0);
INSERT INTO ATTENDS VALUES ('Nemanja Bjelica', '2017-10-30 23:30:00', 'Miami', 9, 2, 0, 0, 2);
INSERT INTO PLAYERHAS VALUES ('Hassan Whiteside', 'USA', 29, 21, 'Miami Heat');
INSERT INTO CAREER VALUES ('Hassan Whiteside', 0, 0, '2010/2/33');
INSERT INTO ATTENDS VALUES ('Hassan Whiteside', '2017-10-01 22:00:00', 'Miami', 8, 11, 0, 1, 0);
INSERT INTO ATTENDS VALUES ('Hassan Whiteside', '2017-10-05 23:30:00', 'Brooklyn', 19, 9, 0, 1, 0);
INSERT INTO ATTENDS VALUES ('Hassan Whiteside', '2017-10-07 23:00:00', 'Orlando', 17, 15, 0, 0, 0);
INSERT INTO ATTENDS VALUES ('Hassan Whiteside', '2017-10-09 23:30:00', 'Miami', 11, 11, 0, 1, 2);
INSERT INTO ATTENDS VALUES ('Hassan Whiteside', '2017-10-11 23:30:00', 'Miami', 0, 0, 0, 0, 0);
INSERT INTO ATTENDS VALUES ('Hassan Whiteside', '2017-10-14 00:30:00', 'Philadelphia', 7, 3, 0, 2, 1);
INSERT INTO ATTENDS VALUES ('Hassan Whiteside', '2017-10-18 23:00:00', 'Orlando', 26, 22, 1, 1, 0);
INSERT INTO PLAYERHAS VALUES ('Kendrick Perkins', 'USA', 33, 21, 'Cleveland Cavaliers');
INSERT INTO CAREER VALUES ('Kendrick Perkins', 0, 0, '2003/1/27');
INSERT INTO ATTENDS VALUES ('Kendrick Perkins', '2017-10-04 23:00:00', 'Cleveland', 1, 2, 1, 0, 0);
INSERT INTO ATTENDS VALUES ('Kendrick Perkins', '2017-10-06 23:30:00', 'Cleveland', 0, 0, 0, 0, 0);
INSERT INTO ATTENDS VALUES ('Kendrick Perkins', '2017-10-08 19:00:00', 'Washington', 7, 6, 0, 0, 0);
INSERT INTO ATTENDS VALUES ('Kendrick Perkins', '2017-10-11 00:00:00', 'Cleveland', 0, 0, 0, 0, 0);
INSERT INTO ATTENDS VALUES ('Kendrick Perkins', '2017-10-13 23:00:00', 'Orlando', 4, 3, 2, 2, 0);
INSERT INTO PLAYERHAS VALUES ('Ivan Rabb', 'USA', 21, 10, 'Memphis Grizzlies');
INSERT INTO CAREER VALUES ('Ivan Rabb', 0, 0, '2017/2/35');
INSERT INTO ATTENDS VALUES ('Ivan Rabb', '2017-10-03 00:00:00', 'Memphis', 2, 4, 1, 1, 1);
INSERT INTO ATTENDS VALUES ('Ivan Rabb', '2017-10-04 23:00:00', 'Philadelphia', 2, 5, 0, 0, 0);
INSERT INTO ATTENDS VALUES ('Ivan Rabb', '2017-10-09 23:30:00', 'Atlanta', 2, 2, 0, 0, 0);
INSERT INTO ATTENDS VALUES ('Ivan Rabb', '2017-10-12 01:30:00', 'Memphis', 0, 0, 0, 0, 0);
INSERT INTO ATTENDS VALUES ('Ivan Rabb', '2017-10-14 00:00:00', 'Memphis', 6, 0, 1, 0, 0);
INSERT INTO ATTENDS VALUES ('Ivan Rabb', '2017-10-19 00:00:00', 'Memphis', 0, 0, 0, 0, 0);
INSERT INTO ATTENDS VALUES ('Ivan Rabb', '2017-10-22 00:00:00', 'Memphis', 0, 0, 0, 0, 0);
INSERT INTO ATTENDS VALUES ('Ivan Rabb', '2017-10-24 00:00:00', 'Houston', 0, 0, 0, 0, 0);
INSERT INTO ATTENDS VALUES ('Ivan Rabb', '2017-10-26 00:30:00', 'Dallas', 0, 0, 0, 0, 0);
INSERT INTO ATTENDS VALUES ('Ivan Rabb', '2017-10-27 00:00:00', 'Memphis', 0, 0, 0, 0, 0);
INSERT INTO ATTENDS VALUES ('Ivan Rabb', '2017-10-29 00:00:00', 'Memphis', 0, 0, 0, 0, 0);
INSERT INTO PLAYERHAS VALUES ('Kyle Korver', 'USA', 37, 26, 'Cleveland Cavaliers');
INSERT INTO CAREER VALUES ('Kyle Korver', 0, 1, '2003/2/51');
INSERT INTO ATTENDS VALUES ('Kyle Korver', '2017-10-04 23:00:00', 'Cleveland', 5, 1, 0, 0, 0);
INSERT INTO ATTENDS VALUES ('Kyle Korver', '2017-10-06 23:30:00', 'Cleveland', 4, 2, 1, 0, 0);
INSERT INTO ATTENDS VALUES ('Kyle Korver', '2017-10-08 19:00:00', 'Washington', 11, 0, 0, 0, 1);
INSERT INTO ATTENDS VALUES ('Kyle Korver', '2017-10-11 00:00:00', 'Cleveland', 6, 0, 0, 1, 0);
INSERT INTO ATTENDS VALUES ('Kyle Korver', '2017-10-13 23:00:00', 'Orlando', 11, 1, 2, 0, 1);
INSERT INTO ATTENDS VALUES ('Kyle Korver', '2017-10-18 00:00:00', 'Cleveland', 0, 0, 0, 0, 0);
INSERT INTO ATTENDS VALUES ('Kyle Korver', '2017-10-20 23:00:00', 'Milwaukee', 17, 3, 1, 0, 1);
INSERT INTO ATTENDS VALUES ('Kyle Korver', '2017-10-22 00:00:00', 'Cleveland', 2, 3, 0, 0, 0);
INSERT INTO ATTENDS VALUES ('Kyle Korver', '2017-10-24 23:00:00', 'Cleveland', 11, 3, 1, 1, 0);
INSERT INTO ATTENDS VALUES ('Kyle Korver', '2017-10-25 23:30:00', 'Brooklyn', 22, 2, 0, 1, 1);
INSERT INTO ATTENDS VALUES ('Kyle Korver', '2017-10-28 23:00:00', 'New Orleans', 8, 0, 0, 1, 1);
INSERT INTO ATTENDS VALUES ('Kyle Korver', '2017-10-29 23:00:00', 'Cleveland', 13, 4, 1, 1, 0);
INSERT INTO PLAYERHAS VALUES ('Terrence Ross', 'USA', 27, 31, 'Orlando Magic');
INSERT INTO CAREER VALUES ('Terrence Ross', 0, 0, '2012/1/8');
INSERT INTO ATTENDS VALUES ('Terrence Ross', '2017-10-03 00:00:00', 'Memphis', 5, 2, 0, 0, 1);
INSERT INTO ATTENDS VALUES ('Terrence Ross', '2017-10-05 23:00:00', 'Orlando', 2, 3, 4, 1, 2);
INSERT INTO ATTENDS VALUES ('Terrence Ross', '2017-10-07 23:00:00', 'Orlando', 11, 2, 0, 1, 3);
INSERT INTO ATTENDS VALUES ('Terrence Ross', '2017-10-10 00:30:00', 'Dallas', 0, 0, 0, 0, 0);
INSERT INTO ATTENDS VALUES ('Terrence Ross', '2017-10-11 00:30:00', 'San Antonio', 0, 0, 0, 0, 0);
INSERT INTO ATTENDS VALUES ('Terrence Ross', '2017-10-13 23:00:00', 'Orlando', 0, 0, 0, 0, 0);
INSERT INTO ATTENDS VALUES ('Terrence Ross', '2017-10-18 23:00:00', 'Orlando', 15, 6, 4, 0, 2);
INSERT INTO ATTENDS VALUES ('Terrence Ross', '2017-10-20 23:30:00', 'Brooklyn', 11, 6, 2, 0, 1);
INSERT INTO ATTENDS VALUES ('Terrence Ross', '2017-10-22 00:00:00', 'Cleveland', 3, 3, 2, 0, 0);
INSERT INTO ATTENDS VALUES ('Terrence Ross', '2017-10-24 23:00:00', 'Orlando', 0, 1, 1, 1, 1);
INSERT INTO ATTENDS VALUES ('Terrence Ross', '2017-10-27 23:00:00', 'Orlando', 2, 7, 0, 1, 1);
INSERT INTO ATTENDS VALUES ('Terrence Ross', '2017-10-29 22:00:00', 'Charlotte', 17, 5, 2, 1, 1);
INSERT INTO ATTENDS VALUES ('Terrence Ross', '2017-10-31 00:00:00', 'New Orleans', 8, 4, 3, 0, 2);
INSERT INTO PLAYERHAS VALUES ('Taj Gibson', 'USA', 32, 67, 'Minnesota Timberwolves');
INSERT INTO CAREER VALUES ('Taj Gibson', 0, 0, '2009/1/26');
INSERT INTO ATTENDS VALUES ('Taj Gibson', '2017-10-01 02:00:00', 'Los Angeles', 18, 8, 2, 1, 0);
INSERT INTO ATTENDS VALUES ('Taj Gibson', '2017-10-05 06:00:00', 'Golden State', 13, 8, 1, 0, 0);
INSERT INTO ATTENDS VALUES ('Taj Gibson', '2017-10-08 11:00:00', 'Minnesota', 8, 2, 3, 0, 1);
INSERT INTO ATTENDS VALUES ('Taj Gibson', '2017-10-19 01:30:00', 'San Antonio', 6, 4, 3, 0, 1);
INSERT INTO ATTENDS VALUES ('Taj Gibson', '2017-10-21 00:00:00', 'Minnesota', 4, 8, 1, 0, 2);
INSERT INTO ATTENDS VALUES ('Taj Gibson', '2017-10-22 23:00:00', 'Oklahoma City', 11, 10, 2, 0, 1);
INSERT INTO ATTENDS VALUES ('Taj Gibson', '2017-10-25 00:00:00', 'Minnesota', 6, 2, 0, 1, 0);
INSERT INTO ATTENDS VALUES ('Taj Gibson', '2017-10-25 23:00:00', 'Detroit', 6, 3, 3, 2, 0);
INSERT INTO ATTENDS VALUES ('Taj Gibson', '2017-10-28 00:00:00', 'Minnesota', 16, 8, 3, 2, 2);
INSERT INTO ATTENDS VALUES ('Taj Gibson', '2017-10-30 23:30:00', 'Miami', 7, 4, 0, 0, 1);
INSERT INTO PLAYERHAS VALUES ('Ty Lawson', 'USA', 30, 4, 'Washington Wizards');
INSERT INTO CAREER VALUES ('Ty Lawson', 0, 0, '2009/1/18');
INSERT INTO PLAYERHAS VALUES ('Jrue Holiday', 'USA', 28, 11, 'New Orleans Pelicans');
INSERT INTO CAREER VALUES ('Jrue Holiday', 0, 1, '2009/1/17');
INSERT INTO ATTENDS VALUES ('Jrue Holiday', '2017-10-04 00:00:00', 'New Orleans', 11, 2, 3, 1, 0);
INSERT INTO ATTENDS VALUES ('Jrue Holiday', '2017-10-07 00:00:00', 'Oklahoma City', 11, 1, 6, 0, 0);
INSERT INTO ATTENDS VALUES ('Jrue Holiday', '2017-10-08 23:00:00', 'Chicago', 19, 5, 3, 0, 3);
INSERT INTO ATTENDS VALUES ('Jrue Holiday', '2017-10-14 00:00:00', 'Memphis', 14, 0, 2, 0, 1);
INSERT INTO ATTENDS VALUES ('Jrue Holiday', '2017-10-19 00:00:00', 'Memphis', 4, 6, 4, 0, 1);
INSERT INTO ATTENDS VALUES ('Jrue Holiday', '2017-10-21 01:30:00', 'New Orleans', 13, 7, 3, 0, 1);
INSERT INTO ATTENDS VALUES ('Jrue Holiday', '2017-10-23 01:30:00', 'Los Angeles', 14, 5, 6, 0, 4);
INSERT INTO ATTENDS VALUES ('Jrue Holiday', '2017-10-25 02:00:00', 'Portland', 14, 5, 7, 1, 1);
INSERT INTO ATTENDS VALUES ('Jrue Holiday', '2017-10-27 02:30:00', 'Sacramento', 20, 4, 7, 1, 0);
INSERT INTO ATTENDS VALUES ('Jrue Holiday', '2017-10-28 23:00:00', 'New Orleans', 29, 4, 7, 0, 1);
INSERT INTO ATTENDS VALUES ('Jrue Holiday', '2017-10-31 00:00:00', 'New Orleans', 11, 4, 8, 0, 3);
INSERT INTO PLAYERHAS VALUES ('Jeff Teague', 'USA', 30, 0, 'Minnesota Timberwolves');
INSERT INTO CAREER VALUES ('Jeff Teague', 0, 1, '2009/1/19');
INSERT INTO ATTENDS VALUES ('Jeff Teague', '2017-10-01 02:00:00', 'Los Angeles', 11, 3, 9, 0, 2);
INSERT INTO ATTENDS VALUES ('Jeff Teague', '2017-10-05 06:00:00', 'Golden State', 8, 2, 1, 0, 0);
INSERT INTO ATTENDS VALUES ('Jeff Teague', '2017-10-08 11:00:00', 'Minnesota', 10, 1, 4, 0, 0);
INSERT INTO ATTENDS VALUES ('Jeff Teague', '2017-10-19 01:30:00', 'San Antonio', 11, 2, 6, 1, 1);
INSERT INTO ATTENDS VALUES ('Jeff Teague', '2017-10-21 00:00:00', 'Minnesota', 10, 2, 4, 0, 2);
INSERT INTO ATTENDS VALUES ('Jeff Teague', '2017-10-22 23:00:00', 'Oklahoma City', 19, 6, 9, 0, 1);
INSERT INTO ATTENDS VALUES ('Jeff Teague', '2017-10-25 00:00:00', 'Minnesota', 2, 2, 7, 0, 2);
INSERT INTO ATTENDS VALUES ('Jeff Teague', '2017-10-25 23:00:00', 'Detroit', 18, 2, 6, 0, 1);
INSERT INTO ATTENDS VALUES ('Jeff Teague', '2017-10-28 00:00:00', 'Minnesota', 17, 4, 10, 0, 1);
INSERT INTO ATTENDS VALUES ('Jeff Teague', '2017-10-30 23:30:00', 'Miami', 23, 5, 11, 0, 6);
INSERT INTO PLAYERHAS VALUES ('Darren Collison', 'USA', 30, 2, 'Indiana Pacers');
INSERT INTO CAREER VALUES ('Darren Collison', 0, 0, '2009/1/21');
INSERT INTO ATTENDS VALUES ('Darren Collison', '2017-10-05 00:00:00', 'Milwaukee', 10, 3, 5, 0, 7);
INSERT INTO ATTENDS VALUES ('Darren Collison', '2017-10-06 23:30:00', 'Cleveland', 4, 3, 4, 0, 1);
INSERT INTO ATTENDS VALUES ('Darren Collison', '2017-10-09 23:00:00', 'Detroit', 4, 2, 3, 0, 0);
INSERT INTO ATTENDS VALUES ('Darren Collison', '2017-10-18 23:00:00', 'Indiana', 21, 3, 11, 0, 2);
INSERT INTO ATTENDS VALUES ('Darren Collison', '2017-10-20 23:00:00', 'Indiana', 14, 4, 4, 0, 1);
INSERT INTO ATTENDS VALUES ('Darren Collison', '2017-10-22 00:00:00', 'Miami', 10, 3, 8, 1, 0);
INSERT INTO ATTENDS VALUES ('Darren Collison', '2017-10-25 00:00:00', 'Minnesota', 15, 5, 16, 0, 2);
INSERT INTO ATTENDS VALUES ('Darren Collison', '2017-10-26 00:00:00', 'Oklahoma City', 18, 2, 3, 0, 2);
INSERT INTO ATTENDS VALUES ('Darren Collison', '2017-10-29 20:30:00', 'Indiana', 8, 3, 6, 0, 2);
INSERT INTO ATTENDS VALUES ('Darren Collison', '2017-10-31 23:00:00', 'Indiana', 3, 0, 2, 0, 1);
INSERT INTO PLAYERHAS VALUES ('Thomas Bryant', 'USA', 20, 31, 'Los Angeles Lakers');
INSERT INTO CAREER VALUES ('Thomas Bryant', 0, 0, '2017/2/42');
INSERT INTO ATTENDS VALUES ('Thomas Bryant', '2017-10-01 02:00:00', 'Los Angeles', 3, 1, 1, 1, 0);
INSERT INTO ATTENDS VALUES ('Thomas Bryant', '2017-10-03 02:30:00', 'Los Angeles', 4, 5, 4, 0, 0);
INSERT INTO ATTENDS VALUES ('Thomas Bryant', '2017-10-05 02:00:00', 'Los Angeles', 0, 2, 3, 1, 0);
INSERT INTO ATTENDS VALUES ('Thomas Bryant', '2017-10-09 01:00:00', 'Los Angeles', 0, 0, 0, 0, 0);
INSERT INTO ATTENDS VALUES ('Thomas Bryant', '2017-10-11 02:30:00', 'Los Angeles', 0, 0, 0, 0, 0);
INSERT INTO ATTENDS VALUES ('Thomas Bryant', '2017-10-14 02:30:00', 'LA', 2, 4, 1, 0, 0);
INSERT INTO PLAYERHAS VALUES ('Wes Iwundu', 'USA', 23, 25, 'Orlando Magic');
INSERT INTO CAREER VALUES ('Wes Iwundu', 0, 0, '2017/2/33');
INSERT INTO ATTENDS VALUES ('Wes Iwundu', '2017-10-03 00:00:00', 'Memphis', 0, 6, 3, 0, 1);
INSERT INTO ATTENDS VALUES ('Wes Iwundu', '2017-10-05 23:00:00', 'Orlando', 7, 3, 1, 0, 0);
INSERT INTO ATTENDS VALUES ('Wes Iwundu', '2017-10-07 23:00:00', 'Orlando', 1, 5, 0, 0, 0);
INSERT INTO ATTENDS VALUES ('Wes Iwundu', '2017-10-10 00:30:00', 'Dallas', 3, 7, 2, 0, 0);
INSERT INTO ATTENDS VALUES ('Wes Iwundu', '2017-10-11 00:30:00', 'San Antonio', 11, 3, 0, 0, 0);
INSERT INTO ATTENDS VALUES ('Wes Iwundu', '2017-10-13 23:00:00', 'Orlando', 0, 0, 0, 0, 0);
INSERT INTO ATTENDS VALUES ('Wes Iwundu', '2017-10-20 23:30:00', 'Brooklyn', 0, 0, 0, 0, 0);
INSERT INTO ATTENDS VALUES ('Wes Iwundu', '2017-10-22 00:00:00', 'Cleveland', 1, 2, 0, 0, 0);
INSERT INTO ATTENDS VALUES ('Wes Iwundu', '2017-10-24 23:00:00', 'Orlando', 0, 0, 0, 0, 0);
INSERT INTO ATTENDS VALUES ('Wes Iwundu', '2017-10-27 23:00:00', 'Orlando', 4, 2, 0, 0, 1);
INSERT INTO ATTENDS VALUES ('Wes Iwundu', '2017-10-29 22:00:00', 'Charlotte', 0, 0, 0, 0, 0);
INSERT INTO PLAYERHAS VALUES ('Edmond Sumner', 'USA', 22, 5, 'Indiana Pacers');
INSERT INTO CAREER VALUES ('Edmond Sumner', 0, 0, '2017/2/52');
INSERT INTO ATTENDS VALUES ('Edmond Sumner', '2017-10-05 00:00:00', 'Milwaukee', 0, 0, 0, 0, 0);
INSERT INTO ATTENDS VALUES ('Edmond Sumner', '2017-10-06 23:30:00', 'Cleveland', 0, 0, 0, 0, 0);
INSERT INTO ATTENDS VALUES ('Edmond Sumner', '2017-10-09 23:00:00', 'Detroit', 0, 0, 0, 0, 0);
INSERT INTO PLAYERHAS VALUES ('Frank Mason', 'USA', 24, 10, 'Sacramento Kings');
INSERT INTO CAREER VALUES ('Frank Mason', 0, 0, '2017/2/34');
INSERT INTO ATTENDS VALUES ('Frank Mason', '2017-10-03 02:00:00', 'Sacramento', 17, 7, 1, 0, 0);
INSERT INTO ATTENDS VALUES ('Frank Mason', '2017-10-07 00:30:00', 'San Antonio', 5, 3, 1, 0, 0);
INSERT INTO ATTENDS VALUES ('Frank Mason', '2017-10-09 01:00:00', 'Los Angeles', 0, 0, 0, 0, 0);
INSERT INTO ATTENDS VALUES ('Frank Mason', '2017-10-10 02:00:00', 'Sacramento', 13, 5, 3, 0, 0);
INSERT INTO ATTENDS VALUES ('Frank Mason', '2017-10-13 02:30:00', 'LA', 13, 3, 4, 0, 1);
INSERT INTO ATTENDS VALUES ('Frank Mason', '2017-10-14 02:30:00', 'Golden State', 10, 1, 3, 0, 0);
INSERT INTO ATTENDS VALUES ('Frank Mason', '2017-10-19 02:00:00', 'Sacramento', 0, 0, 0, 0, 0);
INSERT INTO ATTENDS VALUES ('Frank Mason', '2017-10-21 00:30:00', 'Dallas', 0, 0, 0, 0, 0);
INSERT INTO ATTENDS VALUES ('Frank Mason', '2017-10-22 01:00:00', 'Denver', 7, 2, 1, 0, 0);
INSERT INTO ATTENDS VALUES ('Frank Mason', '2017-10-24 02:00:00', 'Phoenix', 0, 0, 0, 0, 0);
INSERT INTO ATTENDS VALUES ('Frank Mason', '2017-10-27 02:30:00', 'Sacramento', 0, 0, 0, 0, 0);
INSERT INTO ATTENDS VALUES ('Frank Mason', '2017-10-29 22:00:00', 'Sacramento', 11, 0, 1, 0, 1);
INSERT INTO ATTENDS VALUES ('Frank Mason', '2017-10-31 23:00:00', 'Indiana', 6, 1, 1, 0, 0);
INSERT INTO PLAYERHAS VALUES ('Dillon Brooks', 'Canada', 22, 24, 'Memphis Grizzlies');
INSERT INTO CAREER VALUES ('Dillon Brooks', 0, 0, '2017/2/45');
INSERT INTO ATTENDS VALUES ('Dillon Brooks', '2017-10-03 00:00:00', 'Memphis', 5, 3, 0, 2, 0);
INSERT INTO ATTENDS VALUES ('Dillon Brooks', '2017-10-04 23:00:00', 'Philadelphia', 9, 4, 1, 0, 2);
INSERT INTO ATTENDS VALUES ('Dillon Brooks', '2017-10-09 23:30:00', 'Atlanta', 6, 1, 1, 0, 2);
INSERT INTO ATTENDS VALUES ('Dillon Brooks', '2017-10-12 01:30:00', 'Memphis', 2, 2, 1, 0, 0);
INSERT INTO ATTENDS VALUES ('Dillon Brooks', '2017-10-14 00:00:00', 'Memphis', 15, 4, 0, 0, 1);
INSERT INTO ATTENDS VALUES ('Dillon Brooks', '2017-10-19 00:00:00', 'Memphis', 19, 5, 2, 2, 4);
INSERT INTO ATTENDS VALUES ('Dillon Brooks', '2017-10-22 00:00:00', 'Memphis', 9, 2, 2, 1, 1);
INSERT INTO ATTENDS VALUES ('Dillon Brooks', '2017-10-24 00:00:00', 'Houston', 3, 0, 0, 0, 1);
INSERT INTO ATTENDS VALUES ('Dillon Brooks', '2017-10-26 00:30:00', 'Dallas', 4, 2, 0, 0, 0);
INSERT INTO ATTENDS VALUES ('Dillon Brooks', '2017-10-27 00:00:00', 'Memphis', 7, 5, 0, 0, 2);
INSERT INTO ATTENDS VALUES ('Dillon Brooks', '2017-10-29 00:00:00', 'Memphis', 6, 5, 3, 0, 2);
INSERT INTO ATTENDS VALUES ('Dillon Brooks', '2017-10-31 00:00:00', 'Memphis', 11, 8, 3, 0, 0);
INSERT INTO PLAYERHAS VALUES ('Sindarius Thornwell', 'USA', 23, 0, 'LA Clippers');
INSERT INTO CAREER VALUES ('Sindarius Thornwell', 0, 0, '2017/2/48');
INSERT INTO ATTENDS VALUES ('Sindarius Thornwell', '2017-10-02 02:00:00', 'Toronto', 6, 0, 0, 0, 0);
INSERT INTO ATTENDS VALUES ('Sindarius Thornwell', '2017-10-04 05:00:00', 'LA', 2, 2, 1, 0, 1);
INSERT INTO ATTENDS VALUES ('Sindarius Thornwell', '2017-10-08 19:30:00', 'LA', 14, 5, 0, 0, 0);
INSERT INTO ATTENDS VALUES ('Sindarius Thornwell', '2017-10-13 02:30:00', 'LA', 0, 0, 0, 0, 0);
INSERT INTO ATTENDS VALUES ('Sindarius Thornwell', '2017-10-14 02:30:00', 'LA', 0, 0, 0, 0, 0);
INSERT INTO ATTENDS VALUES ('Sindarius Thornwell', '2017-10-20 02:30:00', 'Los Angeles', 3, 0, 0, 0, 0);
INSERT INTO ATTENDS VALUES ('Sindarius Thornwell', '2017-10-22 02:30:00', 'LA', 8, 0, 1, 0, 2);
INSERT INTO ATTENDS VALUES ('Sindarius Thornwell', '2017-10-25 02:30:00', 'LA', 2, 0, 0, 0, 0);
INSERT INTO ATTENDS VALUES ('Sindarius Thornwell', '2017-10-27 02:00:00', 'Portland', 6, 2, 1, 0, 0);
INSERT INTO ATTENDS VALUES ('Sindarius Thornwell', '2017-10-29 02:30:00', 'LA', 3, 3, 0, 1, 0);
INSERT INTO ATTENDS VALUES ('Sindarius Thornwell', '2017-10-31 02:30:00', 'LA', 2, 1, 1, 0, 1);
INSERT INTO PLAYERHAS VALUES ('Tyler Dorsey', 'USA', 22, 2, 'Atlanta Hawks');
INSERT INTO CAREER VALUES ('Tyler Dorsey', 0, 0, '2017/2/41');
INSERT INTO ATTENDS VALUES ('Tyler Dorsey', '2017-10-01 22:00:00', 'Miami', 2, 2, 0, 0, 0);
INSERT INTO ATTENDS VALUES ('Tyler Dorsey', '2017-10-04 23:00:00', 'Cleveland', 9, 4, 2, 0, 1);
INSERT INTO ATTENDS VALUES ('Tyler Dorsey', '2017-10-06 23:00:00', 'Detroit', 6, 3, 3, 1, 0);
INSERT INTO ATTENDS VALUES ('Tyler Dorsey', '2017-10-09 23:30:00', 'Atlanta', 0, 1, 0, 0, 0);
INSERT INTO ATTENDS VALUES ('Tyler Dorsey', '2017-10-12 23:30:00', 'Atlanta', 3, 2, 1, 0, 0);
INSERT INTO ATTENDS VALUES ('Tyler Dorsey', '2017-10-19 00:30:00', 'Dallas', 0, 0, 0, 0, 0);
INSERT INTO ATTENDS VALUES ('Tyler Dorsey', '2017-10-20 23:00:00', 'Charlotte', 0, 1, 0, 0, 0);
INSERT INTO ATTENDS VALUES ('Tyler Dorsey', '2017-10-22 19:30:00', 'Brooklyn', 0, 0, 0, 0, 0);
INSERT INTO ATTENDS VALUES ('Tyler Dorsey', '2017-10-23 23:30:00', 'Miami', 0, 1, 0, 0, 0);
INSERT INTO ATTENDS VALUES ('Tyler Dorsey', '2017-10-27 00:00:00', 'Chicago', 0, 0, 0, 0, 0);
INSERT INTO ATTENDS VALUES ('Tyler Dorsey', '2017-10-27 23:30:00', 'Atlanta', 0, 0, 0, 0, 0);
INSERT INTO ATTENDS VALUES ('Tyler Dorsey', '2017-10-29 19:30:00', 'Atlanta', 0, 0, 0, 0, 0);
INSERT INTO PLAYERHAS VALUES ('Tyler Ennis', 'Canada', 23, 10, 'Los Angeles Lakers');
INSERT INTO CAREER VALUES ('Tyler Ennis', 0, 0, '2014/1/18');
INSERT INTO ATTENDS VALUES ('Tyler Ennis', '2017-10-01 02:00:00', 'Los Angeles', 6, 0, 8, 0, 1);
INSERT INTO ATTENDS VALUES ('Tyler Ennis', '2017-10-03 02:30:00', 'Los Angeles', 7, 3, 2, 0, 1);
INSERT INTO ATTENDS VALUES ('Tyler Ennis', '2017-10-05 02:00:00', 'Los Angeles', 8, 0, 3, 0, 2);
INSERT INTO ATTENDS VALUES ('Tyler Ennis', '2017-10-09 01:00:00', 'Los Angeles', 2, 4, 3, 0, 1);
INSERT INTO ATTENDS VALUES ('Tyler Ennis', '2017-10-11 02:30:00', 'Los Angeles', 5, 1, 2, 0, 1);
INSERT INTO ATTENDS VALUES ('Tyler Ennis', '2017-10-14 02:30:00', 'LA', 2, 1, 0, 1, 0);
INSERT INTO ATTENDS VALUES ('Tyler Ennis', '2017-10-20 02:30:00', 'Los Angeles', 2, 2, 3, 0, 0);
INSERT INTO ATTENDS VALUES ('Tyler Ennis', '2017-10-21 02:00:00', 'Phoenix', 0, 0, 0, 0, 0);
INSERT INTO ATTENDS VALUES ('Tyler Ennis', '2017-10-23 01:30:00', 'Los Angeles', 0, 0, 0, 0, 0);
INSERT INTO ATTENDS VALUES ('Tyler Ennis', '2017-10-26 02:30:00', 'Los Angeles', 0, 0, 0, 0, 0);
INSERT INTO ATTENDS VALUES ('Tyler Ennis', '2017-10-28 02:30:00', 'Los Angeles', 0, 2, 1, 0, 0);
INSERT INTO ATTENDS VALUES ('Tyler Ennis', '2017-10-29 01:00:00', 'Utah', 0, 0, 1, 0, 0);
INSERT INTO ATTENDS VALUES ('Tyler Ennis', '2017-11-01 02:30:00', 'Los Angeles', 2, 0, 0, 0, 0);
INSERT INTO PLAYERHAS VALUES ('Zach LaVine', 'USA', 23, 8, 'Chicago Bulls');
INSERT INTO CAREER VALUES ('Zach LaVine', 0, 0, '2014/1/13');
INSERT INTO ATTENDS VALUES ('Zach LaVine', '2017-10-04 00:00:00', 'New Orleans', 0, 0, 0, 0, 0);
INSERT INTO ATTENDS VALUES ('Zach LaVine', '2017-10-05 00:30:00', 'Dallas', 0, 0, 0, 0, 0);
INSERT INTO ATTENDS VALUES ('Zach LaVine', '2017-10-11 00:00:00', 'Cleveland', 0, 0, 0, 0, 0);
INSERT INTO PLAYERHAS VALUES ('Shabazz Napier', 'USA', 26, 6, 'Portland Trail Blazers');
INSERT INTO CAREER VALUES ('Shabazz Napier', 0, 0, '2014/1/24');
INSERT INTO ATTENDS VALUES ('Shabazz Napier', '2017-10-04 02:00:00', 'Portland', 0, 0, 0, 0, 0);
INSERT INTO ATTENDS VALUES ('Shabazz Napier', '2017-10-06 02:00:00', 'Portland', 0, 0, 0, 0, 0);
INSERT INTO ATTENDS VALUES ('Shabazz Napier', '2017-10-08 19:30:00', 'LA', 0, 0, 0, 0, 0);
INSERT INTO ATTENDS VALUES ('Shabazz Napier', '2017-10-10 02:00:00', 'Sacramento', 0, 0, 0, 0, 0);
INSERT INTO ATTENDS VALUES ('Shabazz Napier', '2017-10-12 02:00:00', 'Phoenix', 0, 0, 0, 0, 0);
INSERT INTO ATTENDS VALUES ('Shabazz Napier', '2017-10-19 02:00:00', 'Phoenix', 10, 3, 3, 0, 2);
INSERT INTO ATTENDS VALUES ('Shabazz Napier', '2017-10-20 23:00:00', 'Indiana', 2, 0, 0, 0, 0);
INSERT INTO ATTENDS VALUES ('Shabazz Napier', '2017-10-22 00:30:00', 'Milwaukee', 3, 1, 0, 0, 0);
INSERT INTO ATTENDS VALUES ('Shabazz Napier', '2017-10-25 02:00:00', 'Portland', 0, 1, 0, 0, 1);
INSERT INTO ATTENDS VALUES ('Shabazz Napier', '2017-10-27 02:00:00', 'Portland', 3, 2, 3, 0, 0);
INSERT INTO ATTENDS VALUES ('Shabazz Napier', '2017-10-29 02:00:00', 'Portland', 0, 0, 0, 0, 0);
INSERT INTO ATTENDS VALUES ('Shabazz Napier', '2017-10-31 02:00:00', 'Portland', 0, 0, 0, 0, 0);
INSERT INTO PLAYERHAS VALUES ('Malcolm Brogdon', 'USA', 25, 13, 'Milwaukee Bucks');
INSERT INTO CAREER VALUES ('Malcolm Brogdon', 0, 0, '2016/2/36');
INSERT INTO ATTENDS VALUES ('Malcolm Brogdon', '2017-10-03 00:30:00', 'Dallas', 9, 1, 3, 0, 0);
INSERT INTO ATTENDS VALUES ('Malcolm Brogdon', '2017-10-05 00:00:00', 'Milwaukee', 5, 1, 4, 0, 0);
INSERT INTO ATTENDS VALUES ('Malcolm Brogdon', '2017-10-07 00:00:00', 'Chicago', 7, 0, 5, 0, 1);
INSERT INTO ATTENDS VALUES ('Malcolm Brogdon', '2017-10-14 00:30:00', 'Milwaukee', 0, 1, 1, 0, 0);
INSERT INTO ATTENDS VALUES ('Malcolm Brogdon', '2017-10-18 23:30:00', 'Boston', 19, 1, 4, 0, 0);
INSERT INTO ATTENDS VALUES ('Malcolm Brogdon', '2017-10-20 23:00:00', 'Milwaukee', 16, 2, 1, 0, 2);
INSERT INTO ATTENDS VALUES ('Malcolm Brogdon', '2017-10-22 00:30:00', 'Milwaukee', 13, 1, 6, 0, 4);
INSERT INTO ATTENDS VALUES ('Malcolm Brogdon', '2017-10-27 00:00:00', 'Milwaukee', 15, 6, 5, 1, 0);
INSERT INTO ATTENDS VALUES ('Malcolm Brogdon', '2017-10-29 19:30:00', 'Atlanta', 16, 1, 4, 0, 2);
INSERT INTO ATTENDS VALUES ('Malcolm Brogdon', '2017-11-01 00:00:00', 'Milwaukee', 4, 1, 4, 0, 1);
INSERT INTO PLAYERHAS VALUES ('DeAndre'' Bembry', 'USA', 23, 95, 'Atlanta Hawks');
INSERT INTO CAREER VALUES ('DeAndre'' Bembry', 0, 0, '2016/1/21');
INSERT INTO ATTENDS VALUES ('DeAndre'' Bembry', '2017-10-01 22:00:00', 'Miami', 0, 0, 0, 0, 0);
INSERT INTO ATTENDS VALUES ('DeAndre'' Bembry', '2017-10-04 23:00:00', 'Cleveland', 0, 0, 0, 0, 0);
INSERT INTO ATTENDS VALUES ('DeAndre'' Bembry', '2017-10-06 23:00:00', 'Detroit', 2, 5, 4, 0, 1);
INSERT INTO ATTENDS VALUES ('DeAndre'' Bembry', '2017-10-09 23:30:00', 'Atlanta', 7, 3, 4, 2, 1);
INSERT INTO ATTENDS VALUES ('DeAndre'' Bembry', '2017-10-12 23:30:00', 'Atlanta', 6, 2, 2, 0, 1);
INSERT INTO ATTENDS VALUES ('DeAndre'' Bembry', '2017-10-19 00:30:00', 'Dallas', 6, 6, 1, 1, 2);
INSERT INTO PLAYERHAS VALUES ('Bradley Beal', 'USA', 24, 3, 'Washington Wizards');
INSERT INTO CAREER VALUES ('Bradley Beal', 0, 1, '2012/1/3');
INSERT INTO ATTENDS VALUES ('Bradley Beal', '2017-10-06 23:00:00', 'Washington', 13, 1, 1, 0, 0);
INSERT INTO ATTENDS VALUES ('Bradley Beal', '2017-10-08 19:00:00', 'Washington', 11, 1, 1, 1, 0);
INSERT INTO ATTENDS VALUES ('Bradley Beal', '2017-10-11 23:30:00', 'Miami', 15, 4, 4, 0, 1);
INSERT INTO ATTENDS VALUES ('Bradley Beal', '2017-10-13 23:30:00', 'New York', 24, 4, 4, 0, 1);
INSERT INTO ATTENDS VALUES ('Bradley Beal', '2017-10-18 23:00:00', 'Washington', 25, 6, 4, 1, 3);
INSERT INTO ATTENDS VALUES ('Bradley Beal', '2017-10-20 23:00:00', 'Washington', 25, 4, 4, 3, 0);
INSERT INTO ATTENDS VALUES ('Bradley Beal', '2017-10-24 01:00:00', 'Denver', 20, 5, 2, 0, 1);
INSERT INTO ATTENDS VALUES ('Bradley Beal', '2017-10-26 02:30:00', 'Los Angeles', 28, 6, 2, 1, 3);
INSERT INTO ATTENDS VALUES ('Bradley Beal', '2017-10-28 02:30:00', 'Golden State', 4, 3, 2, 0, 1);
INSERT INTO ATTENDS VALUES ('Bradley Beal', '2017-10-29 22:00:00', 'Sacramento', 15, 3, 4, 0, 0);
INSERT INTO PLAYERHAS VALUES ('PJ Tucker', 'USA', 33, 4, 'Houston Rockets');
INSERT INTO CAREER VALUES ('PJ Tucker', 0, 0, '2006/2/35');
INSERT INTO ATTENDS VALUES ('PJ Tucker', '2017-10-04 00:00:00', 'Oklahoma City', 5, 7, 1, 2, 1);
INSERT INTO ATTENDS VALUES ('PJ Tucker', '2017-10-09 23:30:00', 'New York', 6, 2, 0, 0, 0);
INSERT INTO ATTENDS VALUES ('PJ Tucker', '2017-10-12 01:30:00', 'Memphis', 3, 9, 0, 1, 0);
INSERT INTO ATTENDS VALUES ('PJ Tucker', '2017-10-14 00:00:00', 'Houston', 8, 6, 3, 0, 0);
INSERT INTO ATTENDS VALUES ('PJ Tucker', '2017-10-18 02:30:00', 'Golden State', 20, 6, 0, 0, 1);
INSERT INTO ATTENDS VALUES ('PJ Tucker', '2017-10-19 02:00:00', 'Sacramento', 6, 2, 1, 1, 0);
INSERT INTO ATTENDS VALUES ('PJ Tucker', '2017-10-22 00:00:00', 'Houston', 3, 4, 1, 0, 2);
INSERT INTO ATTENDS VALUES ('PJ Tucker', '2017-10-24 00:00:00', 'Houston', 3, 8, 3, 0, 1);
INSERT INTO ATTENDS VALUES ('PJ Tucker', '2017-10-25 23:00:00', 'Philadelphia', 3, 5, 0, 0, 4);
INSERT INTO ATTENDS VALUES ('PJ Tucker', '2017-10-27 23:00:00', 'Charlotte', 9, 13, 2, 1, 0);
INSERT INTO ATTENDS VALUES ('PJ Tucker', '2017-10-29 00:00:00', 'Memphis', 3, 4, 0, 0, 0);
INSERT INTO ATTENDS VALUES ('PJ Tucker', '2017-10-31 00:00:00', 'Houston', 5, 5, 2, 0, 2);
INSERT INTO PLAYERHAS VALUES ('Anthony Davis', 'USA', 25, 23, 'New Orleans Pelicans');
INSERT INTO CAREER VALUES ('Anthony Davis', 0, 5, '2012/1/1');
INSERT INTO ATTENDS VALUES ('Anthony Davis', '2017-10-04 00:00:00', 'New Orleans', 24, 11, 3, 4, 0);
INSERT INTO ATTENDS VALUES ('Anthony Davis', '2017-10-07 00:00:00', 'Oklahoma City', 14, 7, 0, 2, 0);
INSERT INTO ATTENDS VALUES ('Anthony Davis', '2017-10-08 23:00:00', 'Chicago', 37, 15, 3, 1, 3);
INSERT INTO ATTENDS VALUES ('Anthony Davis', '2017-10-14 00:00:00', 'Memphis', 7, 3, 1, 0, 1);
INSERT INTO ATTENDS VALUES ('Anthony Davis', '2017-10-19 00:00:00', 'Memphis', 33, 18, 0, 1, 0);
INSERT INTO ATTENDS VALUES ('Anthony Davis', '2017-10-21 01:30:00', 'New Orleans', 35, 15, 5, 1, 3);
INSERT INTO ATTENDS VALUES ('Anthony Davis', '2017-10-23 01:30:00', 'Los Angeles', 27, 17, 3, 3, 3);
INSERT INTO ATTENDS VALUES ('Anthony Davis', '2017-10-25 02:00:00', 'Portland', 2, 1, 0, 1, 0);
INSERT INTO ATTENDS VALUES ('Anthony Davis', '2017-10-27 02:30:00', 'Sacramento', 0, 0, 0, 0, 0);
INSERT INTO ATTENDS VALUES ('Anthony Davis', '2017-10-28 23:00:00', 'New Orleans', 30, 14, 2, 3, 1);
INSERT INTO ATTENDS VALUES ('Anthony Davis', '2017-10-31 00:00:00', 'New Orleans', 39, 10, 2, 3, 0);
INSERT INTO PLAYERHAS VALUES ('Michael Kidd-Gilchrist', 'USA', 24, 14, 'Charlotte Hornets');
INSERT INTO CAREER VALUES ('Michael Kidd-Gilchrist', 0, 0, '2012/1/2');
INSERT INTO ATTENDS VALUES ('Michael Kidd-Gilchrist', '2017-10-02 23:30:00', 'Boston', 6, 6, 2, 0, 0);
INSERT INTO ATTENDS VALUES ('Michael Kidd-Gilchrist', '2017-10-04 23:00:00', 'Detroit', 9, 5, 0, 1, 1);
INSERT INTO ATTENDS VALUES ('Michael Kidd-Gilchrist', '2017-10-09 23:30:00', 'Miami', 0, 0, 0, 0, 0);
INSERT INTO ATTENDS VALUES ('Michael Kidd-Gilchrist', '2017-10-11 23:00:00', 'Charlotte', 0, 0, 0, 0, 0);
INSERT INTO ATTENDS VALUES ('Michael Kidd-Gilchrist', '2017-10-13 22:00:00', 'Charlotte', 0, 0, 0, 0, 0);
INSERT INTO ATTENDS VALUES ('Michael Kidd-Gilchrist', '2017-10-18 23:00:00', 'Detroit', 0, 0, 0, 0, 0);
INSERT INTO ATTENDS VALUES ('Michael Kidd-Gilchrist', '2017-10-20 23:00:00', 'Charlotte', 0, 0, 0, 0, 0);
INSERT INTO ATTENDS VALUES ('Michael Kidd-Gilchrist', '2017-10-24 00:00:00', 'Milwaukee', 0, 0, 0, 0, 0);
INSERT INTO ATTENDS VALUES ('Michael Kidd-Gilchrist', '2017-10-25 23:00:00', 'Charlotte', 2, 0, 0, 0, 0);
INSERT INTO ATTENDS VALUES ('Michael Kidd-Gilchrist', '2017-10-27 23:00:00', 'Charlotte', 4, 7, 1, 1, 1);
INSERT INTO ATTENDS VALUES ('Michael Kidd-Gilchrist', '2017-10-29 22:00:00', 'Charlotte', 10, 5, 0, 2, 0);
INSERT INTO ATTENDS VALUES ('Michael Kidd-Gilchrist', '2017-10-31 00:00:00', 'Memphis', 10, 6, 0, 1, 1);
INSERT INTO PLAYERHAS VALUES ('Raul Neto', 'Brazil', 26, 25, 'Utah Jazz');
INSERT INTO CAREER VALUES ('Raul Neto', 0, 0, '2013/2/47');
INSERT INTO ATTENDS VALUES ('Raul Neto', '2017-10-07 01:00:00', 'Utah', 0, 0, 0, 0, 0);
INSERT INTO ATTENDS VALUES ('Raul Neto', '2017-10-10 02:00:00', 'Phoenix', 6, 1, 2, 0, 3);
INSERT INTO ATTENDS VALUES ('Raul Neto', '2017-10-11 02:30:00', 'Los Angeles', 0, 0, 0, 0, 0);
INSERT INTO ATTENDS VALUES ('Raul Neto', '2017-10-21 00:00:00', 'Minnesota', 0, 0, 0, 0, 0);
INSERT INTO ATTENDS VALUES ('Raul Neto', '2017-10-22 01:00:00', 'Utah', 4, 1, 1, 0, 1);
INSERT INTO ATTENDS VALUES ('Raul Neto', '2017-10-25 02:30:00', 'LA', 5, 1, 0, 0, 2);
INSERT INTO ATTENDS VALUES ('Raul Neto', '2017-10-26 02:00:00', 'Phoenix', 0, 2, 2, 1, 0);
INSERT INTO ATTENDS VALUES ('Raul Neto', '2017-10-29 01:00:00', 'Utah', 0, 0, 0, 0, 0);
INSERT INTO ATTENDS VALUES ('Raul Neto', '2017-10-31 01:00:00', 'Utah', 0, 1, 0, 0, 0);
INSERT INTO PLAYERHAS VALUES ('Solomon Hill', 'USA', 27, 44, 'New Orleans Pelicans');
INSERT INTO CAREER VALUES ('Solomon Hill', 0, 0, '2013/1/23');
INSERT INTO ATTENDS VALUES ('Solomon Hill', '2017-10-04 00:00:00', 'New Orleans', 0, 0, 0, 0, 0);
INSERT INTO ATTENDS VALUES ('Solomon Hill', '2017-10-07 00:00:00', 'Oklahoma City', 0, 0, 0, 0, 0);
INSERT INTO ATTENDS VALUES ('Solomon Hill', '2017-10-14 00:00:00', 'Memphis', 0, 0, 0, 0, 0);
INSERT INTO PLAYERHAS VALUES ('Alexis Ajinca', 'France', 30, 42, 'New Orleans Pelicans');
INSERT INTO CAREER VALUES ('Alexis Ajinca', 0, 0, '2008/1/20');
INSERT INTO ATTENDS VALUES ('Alexis Ajinca', '2017-10-04 00:00:00', 'New Orleans', 0, 0, 0, 0, 0);
INSERT INTO ATTENDS VALUES ('Alexis Ajinca', '2017-10-07 00:00:00', 'Oklahoma City', 0, 2, 0, 0, 0);
INSERT INTO ATTENDS VALUES ('Alexis Ajinca', '2017-10-08 23:00:00', 'Chicago', 0, 0, 0, 0, 0);
INSERT INTO ATTENDS VALUES ('Alexis Ajinca', '2017-10-14 00:00:00', 'Memphis', 0, 1, 0, 0, 0);
INSERT INTO PLAYERHAS VALUES ('Ryan Anderson', 'USA', 30, 33, 'Houston Rockets');
INSERT INTO CAREER VALUES ('Ryan Anderson', 0, 0, '2008/1/21');
INSERT INTO ATTENDS VALUES ('Ryan Anderson', '2017-10-04 00:00:00', 'Oklahoma City', 10, 1, 0, 0, 0);
INSERT INTO ATTENDS VALUES ('Ryan Anderson', '2017-10-09 23:30:00', 'New York', 9, 3, 0, 1, 1);
INSERT INTO ATTENDS VALUES ('Ryan Anderson', '2017-10-12 01:30:00', 'Memphis', 5, 1, 0, 0, 0);
INSERT INTO ATTENDS VALUES ('Ryan Anderson', '2017-10-14 00:00:00', 'Houston', 13, 7, 1, 0, 0);
INSERT INTO ATTENDS VALUES ('Ryan Anderson', '2017-10-18 02:30:00', 'Golden State', 13, 8, 1, 1, 1);
INSERT INTO ATTENDS VALUES ('Ryan Anderson', '2017-10-19 02:00:00', 'Sacramento', 10, 5, 0, 0, 0);
INSERT INTO ATTENDS VALUES ('Ryan Anderson', '2017-10-22 00:00:00', 'Houston', 3, 10, 1, 0, 0);
INSERT INTO ATTENDS VALUES ('Ryan Anderson', '2017-10-24 00:00:00', 'Houston', 5, 6, 2, 0, 0);
INSERT INTO ATTENDS VALUES ('Ryan Anderson', '2017-10-25 23:00:00', 'Philadelphia', 14, 1, 0, 1, 1);
INSERT INTO ATTENDS VALUES ('Ryan Anderson', '2017-10-27 23:00:00', 'Charlotte', 21, 6, 1, 1, 1);
INSERT INTO ATTENDS VALUES ('Ryan Anderson', '2017-10-29 00:00:00', 'Memphis', 22, 7, 0, 2, 0);
INSERT INTO ATTENDS VALUES ('Ryan Anderson', '2017-10-31 00:00:00', 'Houston', 11, 3, 0, 0, 0);
INSERT INTO PLAYERHAS VALUES ('JaVale McGee', 'USA', 30, 1, 'Golden State Warriors');
INSERT INTO CAREER VALUES ('JaVale McGee', 0, 0, '2008/1/18');
INSERT INTO ATTENDS VALUES ('JaVale McGee', '2017-10-01 00:30:00', 'Golden State', 1, 5, 1, 1, 0);
INSERT INTO ATTENDS VALUES ('JaVale McGee', '2017-10-05 06:00:00', 'Golden State', 3, 3, 1, 2, 1);
INSERT INTO ATTENDS VALUES ('JaVale McGee', '2017-10-08 11:00:00', 'Minnesota', 8, 3, 0, 2, 1);
INSERT INTO ATTENDS VALUES ('JaVale McGee', '2017-10-14 02:30:00', 'Golden State', 2, 4, 2, 0, 0);
INSERT INTO ATTENDS VALUES ('JaVale McGee', '2017-10-18 02:30:00', 'Golden State', 0, 0, 0, 0, 0);
INSERT INTO ATTENDS VALUES ('JaVale McGee', '2017-10-21 01:30:00', 'New Orleans', 2, 4, 1, 0, 0);
INSERT INTO ATTENDS VALUES ('JaVale McGee', '2017-10-22 00:00:00', 'Memphis', 4, 0, 0, 0, 0);
INSERT INTO ATTENDS VALUES ('JaVale McGee', '2017-10-24 00:30:00', 'Dallas', 6, 4, 2, 1, 0);
INSERT INTO ATTENDS VALUES ('JaVale McGee', '2017-10-28 02:30:00', 'Golden State', 0, 4, 1, 1, 1);
INSERT INTO ATTENDS VALUES ('JaVale McGee', '2017-10-30 00:30:00', 'Golden State', 6, 4, 0, 3, 0);
INSERT INTO ATTENDS VALUES ('JaVale McGee', '2017-10-31 02:30:00', 'LA', 10, 3, 0, 2, 1);
INSERT INTO PLAYERHAS VALUES ('Darrun Hilliard', 'USA', 25, 24, 'San Antonio Spurs');
INSERT INTO CAREER VALUES ('Darrun Hilliard', 0, 0, '2015/2/38');
INSERT INTO ATTENDS VALUES ('Darrun Hilliard', '2017-10-03 02:00:00', 'Sacramento', 7, 2, 0, 1, 1);
INSERT INTO ATTENDS VALUES ('Darrun Hilliard', '2017-10-07 00:30:00', 'San Antonio', 6, 0, 0, 1, 0);
INSERT INTO ATTENDS VALUES ('Darrun Hilliard', '2017-10-08 20:00:00', 'San Antonio', 8, 1, 1, 0, 0);
INSERT INTO ATTENDS VALUES ('Darrun Hilliard', '2017-10-11 00:30:00', 'San Antonio', 3, 1, 0, 0, 0);
INSERT INTO ATTENDS VALUES ('Darrun Hilliard', '2017-10-14 00:00:00', 'Houston', 0, 0, 0, 0, 0);
INSERT INTO PLAYERHAS VALUES ('Serge Ibaka', 'Democratic Republic of the Congo', 28, 9, 'Toronto Raptors');
INSERT INTO CAREER VALUES ('Serge Ibaka', 0, 0, '2008/1/24');
INSERT INTO ATTENDS VALUES ('Serge Ibaka', '2017-10-02 02:00:00', 'Toronto', 12, 4, 0, 0, 0);
INSERT INTO ATTENDS VALUES ('Serge Ibaka', '2017-10-04 05:00:00', 'LA', 7, 4, 1, 2, 0);
INSERT INTO ATTENDS VALUES ('Serge Ibaka', '2017-10-06 02:00:00', 'Portland', 2, 4, 0, 1, 0);
INSERT INTO ATTENDS VALUES ('Serge Ibaka', '2017-10-10 23:00:00', 'Toronto', 14, 5, 1, 2, 0);
INSERT INTO ATTENDS VALUES ('Serge Ibaka', '2017-10-14 00:00:00', 'Chicago', 0, 0, 0, 0, 0);
INSERT INTO ATTENDS VALUES ('Serge Ibaka', '2017-10-19 23:30:00', 'Toronto', 8, 4, 0, 2, 0);
INSERT INTO ATTENDS VALUES ('Serge Ibaka', '2017-10-21 23:30:00', 'Toronto', 21, 5, 2, 2, 0);
INSERT INTO ATTENDS VALUES ('Serge Ibaka', '2017-10-24 00:30:00', 'San Antonio', 13, 4, 0, 0, 0);
INSERT INTO ATTENDS VALUES ('Serge Ibaka', '2017-10-26 02:30:00', 'Golden State', 15, 4, 0, 2, 0);
INSERT INTO ATTENDS VALUES ('Serge Ibaka', '2017-10-28 02:30:00', 'Los Angeles', 18, 8, 0, 0, 0);
INSERT INTO ATTENDS VALUES ('Serge Ibaka', '2017-10-31 02:00:00', 'Portland', 0, 0, 0, 0, 0);
INSERT INTO PLAYERHAS VALUES ('Nicolas Batum', 'France', 29, 5, 'Charlotte Hornets');
INSERT INTO CAREER VALUES ('Nicolas Batum', 0, 0, '2008/1/25');
INSERT INTO ATTENDS VALUES ('Nicolas Batum', '2017-10-02 23:30:00', 'Boston', 10, 0, 2, 1, 0);
INSERT INTO ATTENDS VALUES ('Nicolas Batum', '2017-10-04 23:00:00', 'Detroit', 0, 0, 0, 0, 0);
INSERT INTO ATTENDS VALUES ('Nicolas Batum', '2017-10-09 23:30:00', 'Miami', 0, 0, 0, 0, 0);
INSERT INTO ATTENDS VALUES ('Nicolas Batum', '2017-10-11 23:00:00', 'Charlotte', 0, 0, 0, 0, 0);
INSERT INTO ATTENDS VALUES ('Nicolas Batum', '2017-10-13 22:00:00', 'Charlotte', 0, 0, 0, 0, 0);
INSERT INTO PLAYERHAS VALUES ('Courtney Lee', 'USA', 32, 5, 'New York Knicks');
INSERT INTO CAREER VALUES ('Courtney Lee', 0, 0, '2008/1/22');
INSERT INTO ATTENDS VALUES ('Courtney Lee', '2017-10-03 23:30:00', 'New York', 12, 2, 0, 0, 4);
INSERT INTO ATTENDS VALUES ('Courtney Lee', '2017-10-06 23:00:00', 'Washington', 12, 4, 1, 0, 0);
INSERT INTO ATTENDS VALUES ('Courtney Lee', '2017-10-08 23:30:00', 'Brooklyn', 5, 0, 1, 0, 1);
INSERT INTO ATTENDS VALUES ('Courtney Lee', '2017-10-09 23:30:00', 'New York', 6, 2, 1, 0, 0);
INSERT INTO ATTENDS VALUES ('Courtney Lee', '2017-10-13 23:30:00', 'New York', 1, 4, 2, 0, 0);
INSERT INTO ATTENDS VALUES ('Courtney Lee', '2017-10-20 00:00:00', 'Oklahoma City', 9, 2, 3, 0, 1);
INSERT INTO ATTENDS VALUES ('Courtney Lee', '2017-10-22 00:00:00', 'New York', 4, 2, 1, 0, 2);
INSERT INTO ATTENDS VALUES ('Courtney Lee', '2017-10-24 23:30:00', 'Boston', 13, 2, 3, 0, 1);
INSERT INTO ATTENDS VALUES ('Courtney Lee', '2017-10-27 23:30:00', 'New York', 13, 3, 1, 0, 1);
INSERT INTO ATTENDS VALUES ('Courtney Lee', '2017-10-29 23:00:00', 'Cleveland', 15, 10, 3, 0, 2);
INSERT INTO ATTENDS VALUES ('Courtney Lee', '2017-10-30 23:30:00', 'New York', 12, 2, 4, 0, 1);
INSERT INTO PLAYERHAS VALUES ('Kosta Koufos', 'USA', 29, 41, 'Sacramento Kings');
INSERT INTO CAREER VALUES ('Kosta Koufos', 0, 0, '2008/1/23');
INSERT INTO ATTENDS VALUES ('Kosta Koufos', '2017-10-03 02:00:00', 'Sacramento', 4, 5, 1, 0, 0);
INSERT INTO ATTENDS VALUES ('Kosta Koufos', '2017-10-07 00:30:00', 'San Antonio', 0, 0, 0, 0, 0);
INSERT INTO ATTENDS VALUES ('Kosta Koufos', '2017-10-09 01:00:00', 'Los Angeles', 4, 7, 1, 0, 0);
INSERT INTO ATTENDS VALUES ('Kosta Koufos', '2017-10-10 02:00:00', 'Sacramento', 0, 0, 0, 0, 0);
INSERT INTO ATTENDS VALUES ('Kosta Koufos', '2017-10-13 02:30:00', 'LA', 2, 10, 2, 2, 2);
INSERT INTO ATTENDS VALUES ('Kosta Koufos', '2017-10-14 02:30:00', 'Golden State', 0, 0, 0, 0, 0);
INSERT INTO ATTENDS VALUES ('Kosta Koufos', '2017-10-19 02:00:00', 'Sacramento', 2, 6, 0, 1, 0);
INSERT INTO ATTENDS VALUES ('Kosta Koufos', '2017-10-21 00:30:00', 'Dallas', 3, 5, 0, 1, 1);
INSERT INTO ATTENDS VALUES ('Kosta Koufos', '2017-10-22 01:00:00', 'Denver', 2, 3, 1, 1, 1);
INSERT INTO ATTENDS VALUES ('Kosta Koufos', '2017-10-24 02:00:00', 'Phoenix', 7, 9, 2, 1, 0);
INSERT INTO ATTENDS VALUES ('Kosta Koufos', '2017-10-27 02:30:00', 'Sacramento', 8, 8, 2, 1, 3);
INSERT INTO ATTENDS VALUES ('Kosta Koufos', '2017-10-29 22:00:00', 'Sacramento', 7, 10, 0, 0, 0);
INSERT INTO ATTENDS VALUES ('Kosta Koufos', '2017-10-31 23:00:00', 'Indiana', 5, 7, 2, 1, 1);
INSERT INTO PLAYERHAS VALUES ('Pat Connaughton', 'USA', 25, 5, 'Portland Trail Blazers');
INSERT INTO CAREER VALUES ('Pat Connaughton', 0, 0, '2015/2/41');
INSERT INTO ATTENDS VALUES ('Pat Connaughton', '2017-10-04 02:00:00', 'Portland', 4, 2, 3, 0, 0);
INSERT INTO ATTENDS VALUES ('Pat Connaughton', '2017-10-06 02:00:00', 'Portland', 10, 1, 1, 0, 0);
INSERT INTO ATTENDS VALUES ('Pat Connaughton', '2017-10-08 19:30:00', 'LA', 5, 0, 0, 1, 1);
INSERT INTO ATTENDS VALUES ('Pat Connaughton', '2017-10-10 02:00:00', 'Sacramento', 6, 1, 2, 0, 2);
INSERT INTO ATTENDS VALUES ('Pat Connaughton', '2017-10-12 02:00:00', 'Phoenix', 6, 2, 2, 1, 0);
INSERT INTO ATTENDS VALUES ('Pat Connaughton', '2017-10-19 02:00:00', 'Phoenix', 24, 2, 2, 0, 0);
INSERT INTO ATTENDS VALUES ('Pat Connaughton', '2017-10-20 23:00:00', 'Indiana', 8, 3, 1, 0, 0);
INSERT INTO ATTENDS VALUES ('Pat Connaughton', '2017-10-22 00:30:00', 'Milwaukee', 3, 0, 1, 0, 0);
INSERT INTO ATTENDS VALUES ('Pat Connaughton', '2017-10-25 02:00:00', 'Portland', 8, 6, 0, 0, 0);
INSERT INTO ATTENDS VALUES ('Pat Connaughton', '2017-10-27 02:00:00', 'Portland', 3, 2, 0, 0, 0);
INSERT INTO ATTENDS VALUES ('Pat Connaughton', '2017-10-29 02:00:00', 'Portland', 13, 4, 1, 0, 0);
INSERT INTO ATTENDS VALUES ('Pat Connaughton', '2017-10-31 02:00:00', 'Portland', 6, 0, 0, 0, 0);
INSERT INTO PLAYERHAS VALUES ('George Hill', 'USA', 32, 3, 'Cleveland Cavaliers');
INSERT INTO CAREER VALUES ('George Hill', 0, 0, '2008/1/26');
INSERT INTO ATTENDS VALUES ('George Hill', '2017-10-03 02:00:00', 'Sacramento', 5, 0, 5, 0, 0);
INSERT INTO ATTENDS VALUES ('George Hill', '2017-10-07 00:30:00', 'San Antonio', 0, 0, 0, 0, 0);
INSERT INTO ATTENDS VALUES ('George Hill', '2017-10-09 01:00:00', 'Los Angeles', 7, 8, 3, 0, 1);
INSERT INTO ATTENDS VALUES ('George Hill', '2017-10-10 02:00:00', 'Sacramento', 0, 0, 0, 0, 0);
INSERT INTO ATTENDS VALUES ('George Hill', '2017-10-13 02:30:00', 'LA', 3, 0, 3, 0, 1);
INSERT INTO ATTENDS VALUES ('George Hill', '2017-10-14 02:30:00', 'Golden State', 0, 0, 0, 0, 0);
INSERT INTO ATTENDS VALUES ('George Hill', '2017-10-19 02:00:00', 'Sacramento', 16, 3, 3, 0, 0);
INSERT INTO ATTENDS VALUES ('George Hill', '2017-10-21 00:30:00', 'Dallas', 21, 5, 2, 0, 2);
INSERT INTO ATTENDS VALUES ('George Hill', '2017-10-22 01:00:00', 'Denver', 4, 0, 1, 0, 0);
INSERT INTO ATTENDS VALUES ('George Hill', '2017-10-24 02:00:00', 'Phoenix', 2, 3, 4, 0, 2);
INSERT INTO ATTENDS VALUES ('George Hill', '2017-10-27 02:30:00', 'Sacramento', 6, 3, 5, 0, 0);
INSERT INTO ATTENDS VALUES ('George Hill', '2017-10-31 23:00:00', 'Indiana', 8, 6, 2, 0, 0);
INSERT INTO PLAYERHAS VALUES ('Chris McCullough', 'USA', 23, 1, 'Washington Wizards');
INSERT INTO CAREER VALUES ('Chris McCullough', 0, 0, '2015/1/29');
INSERT INTO ATTENDS VALUES ('Chris McCullough', '2017-10-06 23:00:00', 'Washington', 0, 0, 0, 0, 0);
INSERT INTO ATTENDS VALUES ('Chris McCullough', '2017-10-08 19:00:00', 'Washington', 6, 2, 0, 0, 1);
INSERT INTO ATTENDS VALUES ('Chris McCullough', '2017-10-11 23:30:00', 'Miami', 0, 0, 0, 0, 0);
INSERT INTO ATTENDS VALUES ('Chris McCullough', '2017-10-13 23:30:00', 'New York', 5, 3, 0, 0, 1);
INSERT INTO ATTENDS VALUES ('Chris McCullough', '2017-10-18 23:00:00', 'Washington', 0, 0, 0, 0, 0);
INSERT INTO ATTENDS VALUES ('Chris McCullough', '2017-10-20 23:00:00', 'Washington', 0, 0, 0, 0, 0);
INSERT INTO ATTENDS VALUES ('Chris McCullough', '2017-10-24 01:00:00', 'Denver', 0, 0, 0, 0, 0);
INSERT INTO ATTENDS VALUES ('Chris McCullough', '2017-10-26 02:30:00', 'Los Angeles', 0, 0, 0, 0, 0);
INSERT INTO ATTENDS VALUES ('Chris McCullough', '2017-10-28 02:30:00', 'Golden State', 0, 0, 0, 0, 0);
INSERT INTO ATTENDS VALUES ('Chris McCullough', '2017-10-29 22:00:00', 'Sacramento', 5, 3, 0, 0, 0);
INSERT INTO PLAYERHAS VALUES ('Josh Richardson', 'USA', 24, 0, 'Miami Heat');
INSERT INTO CAREER VALUES ('Josh Richardson', 0, 0, '2015/2/40');
INSERT INTO ATTENDS VALUES ('Josh Richardson', '2017-10-01 22:00:00', 'Miami', 12, 3, 2, 4, 1);
INSERT INTO ATTENDS VALUES ('Josh Richardson', '2017-10-05 23:30:00', 'Brooklyn', 6, 2, 3, 0, 1);
INSERT INTO ATTENDS VALUES ('Josh Richardson', '2017-10-07 23:00:00', 'Orlando', 19, 2, 4, 1, 4);
INSERT INTO ATTENDS VALUES ('Josh Richardson', '2017-10-09 23:30:00', 'Miami', 18, 4, 0, 2, 1);
INSERT INTO ATTENDS VALUES ('Josh Richardson', '2017-10-11 23:30:00', 'Miami', 13, 2, 1, 1, 0);
INSERT INTO ATTENDS VALUES ('Josh Richardson', '2017-10-14 00:30:00', 'Philadelphia', 0, 0, 0, 0, 0);
INSERT INTO ATTENDS VALUES ('Josh Richardson', '2017-10-18 23:00:00', 'Orlando', 10, 2, 2, 1, 0);
INSERT INTO ATTENDS VALUES ('Josh Richardson', '2017-10-22 00:00:00', 'Miami', 12, 8, 4, 1, 0);
INSERT INTO ATTENDS VALUES ('Josh Richardson', '2017-10-23 23:30:00', 'Miami', 21, 4, 2, 2, 2);
INSERT INTO ATTENDS VALUES ('Josh Richardson', '2017-10-26 00:00:00', 'Miami', 6, 5, 3, 0, 3);
INSERT INTO ATTENDS VALUES ('Josh Richardson', '2017-10-29 00:00:00', 'Miami', 16, 0, 3, 1, 0);
INSERT INTO ATTENDS VALUES ('Josh Richardson', '2017-10-30 23:30:00', 'Miami', 5, 1, 1, 2, 2);
INSERT INTO PLAYERHAS VALUES ('Willy Hernangomez', 'Spain', 24, 41, 'Charlotte Hornets');
INSERT INTO CAREER VALUES ('Willy Hernangomez', 0, 0, '2015/2/35');
INSERT INTO ATTENDS VALUES ('Willy Hernangomez', '2017-10-03 23:30:00', 'New York', 6, 10, 1, 0, 1);
INSERT INTO ATTENDS VALUES ('Willy Hernangomez', '2017-10-06 23:00:00', 'Washington', 4, 3, 1, 0, 0);
INSERT INTO ATTENDS VALUES ('Willy Hernangomez', '2017-10-08 23:30:00', 'Brooklyn', 17, 12, 2, 0, 0);
INSERT INTO ATTENDS VALUES ('Willy Hernangomez', '2017-10-09 23:30:00', 'New York', 0, 0, 0, 0, 0);
INSERT INTO ATTENDS VALUES ('Willy Hernangomez', '2017-10-13 23:30:00', 'New York', 3, 2, 1, 1, 0);
INSERT INTO ATTENDS VALUES ('Willy Hernangomez', '2017-10-20 00:00:00', 'Oklahoma City', 3, 0, 0, 1, 0);
INSERT INTO ATTENDS VALUES ('Willy Hernangomez', '2017-10-22 00:00:00', 'New York', 0, 0, 0, 0, 0);
INSERT INTO ATTENDS VALUES ('Willy Hernangomez', '2017-10-24 23:30:00', 'Boston', 12, 1, 0, 0, 2);
INSERT INTO ATTENDS VALUES ('Willy Hernangomez', '2017-10-27 23:30:00', 'New York', 4, 4, 1, 0, 2);
INSERT INTO ATTENDS VALUES ('Willy Hernangomez', '2017-10-29 23:00:00', 'Cleveland', 0, 0, 0, 0, 0);
INSERT INTO ATTENDS VALUES ('Willy Hernangomez', '2017-10-30 23:30:00', 'New York', 0, 0, 0, 1, 0);
INSERT INTO PLAYERHAS VALUES ('Ramon Sessions', 'USA', 32, 9, 'Washington Wizards');
INSERT INTO CAREER VALUES ('Ramon Sessions', 0, 0, '2007/2/56');
INSERT INTO ATTENDS VALUES ('Ramon Sessions', '2017-10-03 23:30:00', 'New York', 4, 2, 5, 0, 1);
INSERT INTO ATTENDS VALUES ('Ramon Sessions', '2017-10-06 23:00:00', 'Washington', 9, 5, 5, 0, 1);
INSERT INTO ATTENDS VALUES ('Ramon Sessions', '2017-10-08 23:30:00', 'Brooklyn', 12, 3, 5, 0, 1);
INSERT INTO ATTENDS VALUES ('Ramon Sessions', '2017-10-09 23:30:00', 'New York', 2, 3, 1, 0, 0);
INSERT INTO ATTENDS VALUES ('Ramon Sessions', '2017-10-13 23:30:00', 'New York', 3, 0, 3, 0, 0);
INSERT INTO ATTENDS VALUES ('Ramon Sessions', '2017-10-20 00:00:00', 'Oklahoma City', 3, 2, 1, 1, 1);
INSERT INTO ATTENDS VALUES ('Ramon Sessions', '2017-10-22 00:00:00', 'New York', 10, 7, 5, 0, 0);
INSERT INTO ATTENDS VALUES ('Ramon Sessions', '2017-10-24 23:30:00', 'Boston', 8, 1, 7, 0, 3);
INSERT INTO ATTENDS VALUES ('Ramon Sessions', '2017-10-27 23:30:00', 'New York', 0, 0, 0, 0, 0);
INSERT INTO ATTENDS VALUES ('Ramon Sessions', '2017-10-29 23:00:00', 'Cleveland', 0, 0, 0, 0, 0);
INSERT INTO ATTENDS VALUES ('Ramon Sessions', '2017-10-30 23:30:00', 'New York', 0, 0, 0, 0, 0);
INSERT INTO PLAYERHAS VALUES ('Lucas Nogueira', 'Brazil', 25, 92, 'Toronto Raptors');
INSERT INTO CAREER VALUES ('Lucas Nogueira', 0, 0, '2013/1/16');
INSERT INTO ATTENDS VALUES ('Lucas Nogueira', '2017-10-02 02:00:00', 'Toronto', 4, 4, 2, 3, 2);
INSERT INTO ATTENDS VALUES ('Lucas Nogueira', '2017-10-04 05:00:00', 'LA', 2, 4, 1, 2, 0);
INSERT INTO ATTENDS VALUES ('Lucas Nogueira', '2017-10-06 02:00:00', 'Portland', 0, 3, 0, 2, 0);
INSERT INTO ATTENDS VALUES ('Lucas Nogueira', '2017-10-10 23:00:00', 'Toronto', 3, 0, 0, 0, 0);
INSERT INTO ATTENDS VALUES ('Lucas Nogueira', '2017-10-14 00:00:00', 'Chicago', 3, 1, 1, 1, 0);
INSERT INTO ATTENDS VALUES ('Lucas Nogueira', '2017-10-19 23:30:00', 'Toronto', 0, 0, 0, 0, 0);
INSERT INTO ATTENDS VALUES ('Lucas Nogueira', '2017-10-21 23:30:00', 'Toronto', 10, 9, 0, 2, 2);
INSERT INTO ATTENDS VALUES ('Lucas Nogueira', '2017-10-24 00:30:00', 'San Antonio', 4, 6, 0, 0, 2);
INSERT INTO ATTENDS VALUES ('Lucas Nogueira', '2017-10-26 02:30:00', 'Golden State', 0, 0, 0, 0, 0);
INSERT INTO ATTENDS VALUES ('Lucas Nogueira', '2017-10-28 02:30:00', 'Los Angeles', 0, 0, 0, 0, 0);
INSERT INTO ATTENDS VALUES ('Lucas Nogueira', '2017-10-31 02:00:00', 'Portland', 17, 9, 2, 5, 2);
INSERT INTO PLAYERHAS VALUES ('Marvin Williams', 'USA', 31, 2, 'Charlotte Hornets');
INSERT INTO CAREER VALUES ('Marvin Williams', 0, 0, '2005/1/2');
INSERT INTO ATTENDS VALUES ('Marvin Williams', '2017-10-02 23:30:00', 'Boston', 5, 5, 1, 0, 0);
INSERT INTO ATTENDS VALUES ('Marvin Williams', '2017-10-04 23:00:00', 'Detroit', 9, 4, 0, 2, 1);
INSERT INTO ATTENDS VALUES ('Marvin Williams', '2017-10-09 23:30:00', 'Miami', 12, 2, 1, 0, 0);
INSERT INTO ATTENDS VALUES ('Marvin Williams', '2017-10-11 23:00:00', 'Charlotte', 2, 6, 0, 0, 0);
INSERT INTO ATTENDS VALUES ('Marvin Williams', '2017-10-13 22:00:00', 'Charlotte', 11, 3, 1, 0, 0);
INSERT INTO ATTENDS VALUES ('Marvin Williams', '2017-10-18 23:00:00', 'Detroit', 7, 2, 0, 0, 0);
INSERT INTO ATTENDS VALUES ('Marvin Williams', '2017-10-20 23:00:00', 'Charlotte', 0, 3, 1, 1, 1);
INSERT INTO ATTENDS VALUES ('Marvin Williams', '2017-10-24 00:00:00', 'Milwaukee', 9, 0, 1, 0, 2);
INSERT INTO ATTENDS VALUES ('Marvin Williams', '2017-10-25 23:00:00', 'Charlotte', 9, 4, 0, 0, 2);
INSERT INTO ATTENDS VALUES ('Marvin Williams', '2017-10-27 23:00:00', 'Charlotte', 3, 2, 1, 0, 0);
INSERT INTO ATTENDS VALUES ('Marvin Williams', '2017-10-29 22:00:00', 'Charlotte', 13, 11, 3, 1, 0);
INSERT INTO ATTENDS VALUES ('Marvin Williams', '2017-10-31 00:00:00', 'Memphis', 9, 8, 2, 1, 0);
INSERT INTO PLAYERHAS VALUES ('Raymond Felton', 'USA', 33, 2, 'Oklahoma City Thunder');
INSERT INTO CAREER VALUES ('Raymond Felton', 0, 0, '2005/1/5');
INSERT INTO ATTENDS VALUES ('Raymond Felton', '2017-10-04 00:00:00', 'Oklahoma City', 9, 2, 3, 0, 0);
INSERT INTO ATTENDS VALUES ('Raymond Felton', '2017-10-07 00:00:00', 'Oklahoma City', 3, 0, 3, 0, 0);
INSERT INTO ATTENDS VALUES ('Raymond Felton', '2017-10-11 01:00:00', 'Denver', 0, 0, 0, 0, 0);
INSERT INTO ATTENDS VALUES ('Raymond Felton', '2017-10-20 00:00:00', 'Oklahoma City', 2, 0, 3, 0, 3);
INSERT INTO ATTENDS VALUES ('Raymond Felton', '2017-10-22 01:00:00', 'Utah', 8, 1, 1, 0, 2);
INSERT INTO ATTENDS VALUES ('Raymond Felton', '2017-10-22 23:00:00', 'Oklahoma City', 12, 1, 2, 0, 0);
INSERT INTO ATTENDS VALUES ('Raymond Felton', '2017-10-26 00:00:00', 'Oklahoma City', 9, 0, 3, 0, 0);
INSERT INTO ATTENDS VALUES ('Raymond Felton', '2017-10-28 00:00:00', 'Minnesota', 7, 1, 1, 0, 1);
INSERT INTO ATTENDS VALUES ('Raymond Felton', '2017-10-29 00:00:00', 'Chicago', 12, 8, 3, 1, 2);
INSERT INTO ATTENDS VALUES ('Raymond Felton', '2017-11-01 00:00:00', 'Milwaukee', 9, 1, 6, 0, 0);
INSERT INTO PLAYERHAS VALUES ('Chris Paul', 'USA', 33, 3, 'Houston Rockets');
INSERT INTO CAREER VALUES ('Chris Paul', 0, 9, '2005/1/4');
INSERT INTO ATTENDS VALUES ('Chris Paul', '2017-10-04 00:00:00', 'Oklahoma City', 11, 2, 7, 0, 2);
INSERT INTO ATTENDS VALUES ('Chris Paul', '2017-10-09 23:30:00', 'New York', 0, 0, 0, 0, 0);
INSERT INTO ATTENDS VALUES ('Chris Paul', '2017-10-12 01:30:00', 'Memphis', 9, 1, 6, 0, 2);
INSERT INTO ATTENDS VALUES ('Chris Paul', '2017-10-14 00:00:00', 'Houston', 0, 0, 0, 0, 0);
INSERT INTO ATTENDS VALUES ('Chris Paul', '2017-10-18 02:30:00', 'Golden State', 4, 8, 10, 1, 2);
INSERT INTO ATTENDS VALUES ('Chris Paul', '2017-10-19 02:00:00', 'Sacramento', 0, 0, 0, 0, 0);
INSERT INTO ATTENDS VALUES ('Chris Paul', '2017-10-29 00:00:00', 'Memphis', 0, 0, 0, 0, 0);
INSERT INTO PLAYERHAS VALUES ('E''Twaun Moore', 'USA', 29, 55, 'New Orleans Pelicans');
INSERT INTO CAREER VALUES ('E''Twaun Moore', 0, 0, '2011/2/55');
INSERT INTO ATTENDS VALUES ('E''Twaun Moore', '2017-10-04 00:00:00', 'New Orleans', 15, 1, 3, 0, 1);
INSERT INTO ATTENDS VALUES ('E''Twaun Moore', '2017-10-07 00:00:00', 'Oklahoma City', 1, 1, 4, 0, 0);
INSERT INTO ATTENDS VALUES ('E''Twaun Moore', '2017-10-08 23:00:00', 'Chicago', 9, 9, 2, 0, 0);
INSERT INTO ATTENDS VALUES ('E''Twaun Moore', '2017-10-14 00:00:00', 'Memphis', 2, 1, 0, 1, 1);
INSERT INTO ATTENDS VALUES ('E''Twaun Moore', '2017-10-19 00:00:00', 'Memphis', 11, 2, 4, 0, 1);
INSERT INTO ATTENDS VALUES ('E''Twaun Moore', '2017-10-21 01:30:00', 'New Orleans', 0, 2, 2, 0, 0);
INSERT INTO ATTENDS VALUES ('E''Twaun Moore', '2017-10-23 01:30:00', 'Los Angeles', 19, 2, 0, 0, 0);
INSERT INTO ATTENDS VALUES ('E''Twaun Moore', '2017-10-25 02:00:00', 'Portland', 8, 2, 2, 1, 2);
INSERT INTO ATTENDS VALUES ('E''Twaun Moore', '2017-10-27 02:30:00', 'Sacramento', 12, 3, 1, 0, 1);
INSERT INTO ATTENDS VALUES ('E''Twaun Moore', '2017-10-28 23:00:00', 'New Orleans', 24, 2, 2, 0, 0);
INSERT INTO ATTENDS VALUES ('E''Twaun Moore', '2017-10-31 00:00:00', 'New Orleans', 8, 4, 3, 0, 3);
INSERT INTO PLAYERHAS VALUES ('DeAndre Liggins', 'USA', 30, 34, 'New Orleans Pelicans');
INSERT INTO CAREER VALUES ('DeAndre Liggins', 0, 0, '2011/2/53');
INSERT INTO ATTENDS VALUES ('DeAndre Liggins', '2017-10-11 23:30:00', 'Miami', 0, 0, 0, 0, 0);
INSERT INTO ATTENDS VALUES ('DeAndre Liggins', '2017-10-14 00:30:00', 'Philadelphia', 5, 3, 0, 0, 1);
INSERT INTO ATTENDS VALUES ('DeAndre Liggins', '2017-10-22 00:30:00', 'Milwaukee', 0, 1, 0, 1, 0);
INSERT INTO ATTENDS VALUES ('DeAndre Liggins', '2017-10-24 00:00:00', 'Milwaukee', 5, 1, 1, 1, 1);
INSERT INTO ATTENDS VALUES ('DeAndre Liggins', '2017-10-27 00:00:00', 'Milwaukee', 0, 1, 1, 1, 0);
INSERT INTO ATTENDS VALUES ('DeAndre Liggins', '2017-10-29 19:30:00', 'Atlanta', 0, 0, 0, 0, 0);
INSERT INTO ATTENDS VALUES ('DeAndre Liggins', '2017-11-01 00:00:00', 'Milwaukee', 6, 1, 0, 0, 0);
INSERT INTO PLAYERHAS VALUES ('Isaiah Thomas', 'USA', 29, 3, 'Cleveland Cavaliers');
INSERT INTO CAREER VALUES ('Isaiah Thomas', 0, 2, '2011/2/60');
INSERT INTO ATTENDS VALUES ('Isaiah Thomas', '2017-10-04 23:00:00', 'Cleveland', 0, 0, 0, 0, 0);
INSERT INTO ATTENDS VALUES ('Isaiah Thomas', '2017-10-06 23:30:00', 'Cleveland', 0, 0, 0, 0, 0);
INSERT INTO ATTENDS VALUES ('Isaiah Thomas', '2017-10-11 00:00:00', 'Cleveland', 0, 0, 0, 0, 0);
INSERT INTO ATTENDS VALUES ('Isaiah Thomas', '2017-10-13 23:00:00', 'Orlando', 0, 0, 0, 0, 0);
INSERT INTO PLAYERHAS VALUES ('Georgios Papagiannis', 'Greece', 20, 19, 'Portland Trail Blazers');
INSERT INTO CAREER VALUES ('Georgios Papagiannis', 0, 0, '2016/1/13');
INSERT INTO ATTENDS VALUES ('Georgios Papagiannis', '2017-10-03 02:00:00', 'Sacramento', 8, 7, 0, 1, 0);
INSERT INTO ATTENDS VALUES ('Georgios Papagiannis', '2017-10-07 00:30:00', 'San Antonio', 10, 3, 2, 0, 0);
INSERT INTO ATTENDS VALUES ('Georgios Papagiannis', '2017-10-09 01:00:00', 'Los Angeles', 0, 0, 0, 0, 0);
INSERT INTO ATTENDS VALUES ('Georgios Papagiannis', '2017-10-10 02:00:00', 'Sacramento', 8, 4, 0, 1, 0);
INSERT INTO ATTENDS VALUES ('Georgios Papagiannis', '2017-10-13 02:30:00', 'LA', 0, 0, 0, 0, 0);
INSERT INTO ATTENDS VALUES ('Georgios Papagiannis', '2017-10-14 02:30:00', 'Golden State', 13, 7, 2, 1, 0);
INSERT INTO ATTENDS VALUES ('Georgios Papagiannis', '2017-10-19 02:00:00', 'Sacramento', 0, 0, 0, 0, 0);
INSERT INTO ATTENDS VALUES ('Georgios Papagiannis', '2017-10-29 22:00:00', 'Sacramento', 0, 1, 0, 0, 0);
INSERT INTO ATTENDS VALUES ('Georgios Papagiannis', '2017-10-31 23:00:00', 'Indiana', 4, 1, 1, 1, 0);
INSERT INTO PLAYERHAS VALUES ('Paul Zipser', 'Germany', 24, 16, 'Chicago Bulls');
INSERT INTO CAREER VALUES ('Paul Zipser', 0, 0, '2016/2/48');
INSERT INTO ATTENDS VALUES ('Paul Zipser', '2017-10-04 00:00:00', 'New Orleans', 10, 3, 2, 0, 0);
INSERT INTO ATTENDS VALUES ('Paul Zipser', '2017-10-05 00:30:00', 'Dallas', 12, 3, 2, 0, 2);
INSERT INTO ATTENDS VALUES ('Paul Zipser', '2017-10-07 00:00:00', 'Chicago', 4, 7, 2, 1, 1);
INSERT INTO ATTENDS VALUES ('Paul Zipser', '2017-10-08 23:00:00', 'Chicago', 2, 1, 0, 1, 0);
INSERT INTO ATTENDS VALUES ('Paul Zipser', '2017-10-11 00:00:00', 'Cleveland', 5, 1, 1, 0, 0);
INSERT INTO ATTENDS VALUES ('Paul Zipser', '2017-10-19 23:30:00', 'Toronto', 7, 5, 3, 0, 1);
INSERT INTO ATTENDS VALUES ('Paul Zipser', '2017-10-22 00:00:00', 'Chicago', 3, 4, 1, 0, 1);
INSERT INTO ATTENDS VALUES ('Paul Zipser', '2017-10-24 23:00:00', 'Cleveland', 11, 7, 4, 0, 0);
INSERT INTO ATTENDS VALUES ('Paul Zipser', '2017-10-27 00:00:00', 'Chicago', 0, 0, 0, 0, 0);
INSERT INTO ATTENDS VALUES ('Paul Zipser', '2017-10-29 00:00:00', 'Chicago', 3, 3, 0, 0, 1);
INSERT INTO PLAYERHAS VALUES ('TJ Warren', 'USA', 24, 12, 'Phoenix Suns');
INSERT INTO CAREER VALUES ('TJ Warren', 0, 0, '2014/1/14');
INSERT INTO ATTENDS VALUES ('TJ Warren', '2017-10-04 02:00:00', 'Portland', 24, 6, 1, 1, 2);
INSERT INTO ATTENDS VALUES ('TJ Warren', '2017-10-07 01:00:00', 'Utah', 8, 4, 0, 0, 0);
INSERT INTO ATTENDS VALUES ('TJ Warren', '2017-10-12 02:00:00', 'Phoenix', 0, 0, 0, 0, 0);
INSERT INTO ATTENDS VALUES ('TJ Warren', '2017-10-19 02:00:00', 'Phoenix', 8, 4, 0, 1, 0);
INSERT INTO ATTENDS VALUES ('TJ Warren', '2017-10-21 02:00:00', 'Phoenix', 24, 8, 4, 0, 2);
INSERT INTO ATTENDS VALUES ('TJ Warren', '2017-10-22 02:30:00', 'LA', 9, 3, 2, 0, 0);
INSERT INTO ATTENDS VALUES ('TJ Warren', '2017-10-24 02:00:00', 'Phoenix', 4, 4, 1, 2, 1);
INSERT INTO ATTENDS VALUES ('TJ Warren', '2017-10-26 02:00:00', 'Phoenix', 27, 5, 1, 0, 1);
INSERT INTO ATTENDS VALUES ('TJ Warren', '2017-10-29 02:00:00', 'Portland', 12, 7, 1, 1, 1);
INSERT INTO ATTENDS VALUES ('TJ Warren', '2017-10-31 23:30:00', 'Brooklyn', 20, 11, 0, 1, 0);
INSERT INTO PLAYERHAS VALUES ('Aaron Gordon', 'USA', 22, 00, 'Orlando Magic');
INSERT INTO CAREER VALUES ('Aaron Gordon', 0, 0, '2014/1/4');
INSERT INTO ATTENDS VALUES ('Aaron Gordon', '2017-10-03 00:00:00', 'Memphis', 8, 3, 1, 1, 1);
INSERT INTO ATTENDS VALUES ('Aaron Gordon', '2017-10-05 23:00:00', 'Orlando', 17, 10, 0, 0, 0);
INSERT INTO ATTENDS VALUES ('Aaron Gordon', '2017-10-07 23:00:00', 'Orlando', 19, 6, 1, 1, 0);
INSERT INTO ATTENDS VALUES ('Aaron Gordon', '2017-10-10 00:30:00', 'Dallas', 0, 0, 0, 0, 0);
INSERT INTO ATTENDS VALUES ('Aaron Gordon', '2017-10-11 00:30:00', 'San Antonio', 27, 11, 1, 0, 1);
INSERT INTO ATTENDS VALUES ('Aaron Gordon', '2017-10-13 23:00:00', 'Orlando', 21, 7, 0, 0, 0);
INSERT INTO ATTENDS VALUES ('Aaron Gordon', '2017-10-18 23:00:00', 'Orlando', 14, 9, 3, 2, 0);
INSERT INTO ATTENDS VALUES ('Aaron Gordon', '2017-10-24 23:00:00', 'Orlando', 41, 14, 2, 0, 0);
INSERT INTO ATTENDS VALUES ('Aaron Gordon', '2017-10-27 23:00:00', 'Orlando', 16, 6, 2, 1, 0);
INSERT INTO ATTENDS VALUES ('Aaron Gordon', '2017-10-29 22:00:00', 'Charlotte', 17, 9, 4, 2, 2);
INSERT INTO ATTENDS VALUES ('Aaron Gordon', '2017-10-31 00:00:00', 'New Orleans', 17, 7, 1, 0, 2);
INSERT INTO PLAYERHAS VALUES ('Marcus Smart', 'USA', 24, 36, 'Boston Celtics');
INSERT INTO CAREER VALUES ('Marcus Smart', 0, 0, '2014/1/6');
INSERT INTO ATTENDS VALUES ('Marcus Smart', '2017-10-02 23:30:00', 'Boston', 9, 4, 1, 0, 0);
INSERT INTO ATTENDS VALUES ('Marcus Smart', '2017-10-06 23:00:00', 'Philadelphia', 11, 4, 3, 0, 3);
INSERT INTO ATTENDS VALUES ('Marcus Smart', '2017-10-09 23:30:00', 'Boston', 12, 6, 2, 0, 2);
INSERT INTO ATTENDS VALUES ('Marcus Smart', '2017-10-11 23:00:00', 'Charlotte', 9, 1, 2, 1, 1);
INSERT INTO ATTENDS VALUES ('Marcus Smart', '2017-10-18 00:00:00', 'Cleveland', 12, 9, 3, 2, 2);
INSERT INTO ATTENDS VALUES ('Marcus Smart', '2017-10-18 23:30:00', 'Boston', 12, 7, 4, 0, 3);
INSERT INTO ATTENDS VALUES ('Marcus Smart', '2017-10-27 00:00:00', 'Milwaukee', 8, 1, 4, 0, 1);
INSERT INTO ATTENDS VALUES ('Marcus Smart', '2017-10-29 00:00:00', 'Miami', 16, 4, 4, 0, 2);
INSERT INTO ATTENDS VALUES ('Marcus Smart', '2017-10-30 23:30:00', 'Boston', 9, 3, 7, 0, 1);
INSERT INTO PLAYERHAS VALUES ('Kyle Anderson', 'USA', 24, 1, 'San Antonio Spurs');
INSERT INTO CAREER VALUES ('Kyle Anderson', 0, 0, '2014/1/30');
INSERT INTO ATTENDS VALUES ('Kyle Anderson', '2017-10-03 02:00:00', 'Sacramento', 10, 4, 1, 0, 0);
INSERT INTO ATTENDS VALUES ('Kyle Anderson', '2017-10-07 00:30:00', 'San Antonio', 0, 0, 0, 0, 0);
INSERT INTO ATTENDS VALUES ('Kyle Anderson', '2017-10-08 20:00:00', 'San Antonio', 0, 0, 0, 0, 0);
INSERT INTO ATTENDS VALUES ('Kyle Anderson', '2017-10-11 00:30:00', 'San Antonio', 7, 1, 0, 0, 0);
INSERT INTO ATTENDS VALUES ('Kyle Anderson', '2017-10-14 00:00:00', 'Houston', 13, 4, 3, 0, 1);
INSERT INTO ATTENDS VALUES ('Kyle Anderson', '2017-10-19 01:30:00', 'San Antonio', 12, 9, 1, 1, 0);
INSERT INTO ATTENDS VALUES ('Kyle Anderson', '2017-10-22 00:00:00', 'Chicago', 4, 8, 1, 0, 0);
INSERT INTO ATTENDS VALUES ('Kyle Anderson', '2017-10-24 00:30:00', 'San Antonio', 10, 4, 1, 2, 0);
INSERT INTO ATTENDS VALUES ('Kyle Anderson', '2017-10-26 00:00:00', 'Miami', 12, 10, 2, 0, 1);
INSERT INTO ATTENDS VALUES ('Kyle Anderson', '2017-10-27 23:00:00', 'Orlando', 4, 6, 3, 0, 1);
INSERT INTO ATTENDS VALUES ('Kyle Anderson', '2017-10-29 20:30:00', 'Indiana', 8, 8, 3, 1, 1);
INSERT INTO ATTENDS VALUES ('Kyle Anderson', '2017-10-30 23:30:00', 'Boston', 5, 5, 2, 0, 0);
INSERT INTO PLAYERHAS VALUES ('Dwight Powell', 'Canada', 26, 7, 'Dallas Mavericks');
INSERT INTO CAREER VALUES ('Dwight Powell', 0, 0, '2014/2/45');
INSERT INTO ATTENDS VALUES ('Dwight Powell', '2017-10-03 00:30:00', 'Dallas', 9, 3, 0, 0, 0);
INSERT INTO ATTENDS VALUES ('Dwight Powell', '2017-10-05 00:30:00', 'Dallas', 3, 4, 0, 0, 1);
INSERT INTO ATTENDS VALUES ('Dwight Powell', '2017-10-05 23:00:00', 'Orlando', 11, 6, 0, 0, 1);
INSERT INTO ATTENDS VALUES ('Dwight Powell', '2017-10-10 00:30:00', 'Dallas', 6, 1, 0, 1, 0);
INSERT INTO ATTENDS VALUES ('Dwight Powell', '2017-10-12 23:30:00', 'Atlanta', 11, 4, 4, 0, 0);
INSERT INTO ATTENDS VALUES ('Dwight Powell', '2017-10-13 22:00:00', 'Charlotte', 9, 1, 0, 0, 0);
INSERT INTO ATTENDS VALUES ('Dwight Powell', '2017-10-19 00:30:00', 'Dallas', 6, 0, 0, 1, 1);
INSERT INTO ATTENDS VALUES ('Dwight Powell', '2017-10-21 00:30:00', 'Dallas', 3, 4, 1, 0, 0);
INSERT INTO ATTENDS VALUES ('Dwight Powell', '2017-10-22 00:00:00', 'Houston', 6, 5, 1, 0, 1);
INSERT INTO ATTENDS VALUES ('Dwight Powell', '2017-10-24 00:30:00', 'Dallas', 10, 2, 1, 0, 0);
INSERT INTO ATTENDS VALUES ('Dwight Powell', '2017-10-26 00:30:00', 'Dallas', 2, 4, 1, 2, 1);
INSERT INTO ATTENDS VALUES ('Dwight Powell', '2017-10-27 00:00:00', 'Memphis', 2, 9, 1, 0, 1);
INSERT INTO ATTENDS VALUES ('Dwight Powell', '2017-10-29 00:30:00', 'Dallas', 5, 6, 2, 0, 0);
INSERT INTO ATTENDS VALUES ('Dwight Powell', '2017-10-31 01:00:00', 'Utah', 7, 10, 2, 2, 0);
INSERT INTO PLAYERHAS VALUES ('Jordan Mickey', 'USA', 23, 25, 'Miami Heat');
INSERT INTO CAREER VALUES ('Jordan Mickey', 0, 0, '2015/2/33');
INSERT INTO ATTENDS VALUES ('Jordan Mickey', '2017-10-01 22:00:00', 'Miami', 2, 1, 0, 0, 0);
INSERT INTO ATTENDS VALUES ('Jordan Mickey', '2017-10-05 23:30:00', 'Brooklyn', 4, 0, 0, 1, 0);
INSERT INTO ATTENDS VALUES ('Jordan Mickey', '2017-10-07 23:00:00', 'Orlando', 0, 1, 0, 1, 1);
INSERT INTO ATTENDS VALUES ('Jordan Mickey', '2017-10-09 23:30:00', 'Miami', 3, 2, 0, 2, 0);
INSERT INTO ATTENDS VALUES ('Jordan Mickey', '2017-10-11 23:30:00', 'Miami', 12, 6, 0, 1, 2);
INSERT INTO ATTENDS VALUES ('Jordan Mickey', '2017-10-14 00:30:00', 'Philadelphia', 12, 10, 1, 0, 2);
INSERT INTO ATTENDS VALUES ('Jordan Mickey', '2017-10-18 23:00:00', 'Orlando', 0, 0, 0, 0, 0);
INSERT INTO ATTENDS VALUES ('Jordan Mickey', '2017-10-22 00:00:00', 'Miami', 8, 6, 0, 0, 0);
INSERT INTO ATTENDS VALUES ('Jordan Mickey', '2017-10-23 23:30:00', 'Miami', 2, 6, 0, 2, 0);
INSERT INTO ATTENDS VALUES ('Jordan Mickey', '2017-10-26 00:00:00', 'Miami', 0, 0, 0, 0, 0);
INSERT INTO ATTENDS VALUES ('Jordan Mickey', '2017-10-29 00:00:00', 'Miami', 0, 0, 0, 0, 0);
INSERT INTO ATTENDS VALUES ('Jordan Mickey', '2017-10-30 23:30:00', 'Miami', 0, 0, 0, 0, 0);
INSERT INTO PLAYERHAS VALUES ('Dakari Johnson', 'USA', 22, 44, 'Oklahoma City Thunder');
INSERT INTO CAREER VALUES ('Dakari Johnson', 0, 0, '2015/2/48');
INSERT INTO ATTENDS VALUES ('Dakari Johnson', '2017-10-04 00:00:00', 'Oklahoma City', 1, 2, 1, 0, 0);
INSERT INTO ATTENDS VALUES ('Dakari Johnson', '2017-10-07 00:00:00', 'Oklahoma City', 8, 3, 0, 0, 0);
INSERT INTO ATTENDS VALUES ('Dakari Johnson', '2017-10-11 01:00:00', 'Denver', 0, 5, 0, 1, 0);
INSERT INTO ATTENDS VALUES ('Dakari Johnson', '2017-10-20 00:00:00', 'Oklahoma City', 4, 4, 0, 0, 1);
INSERT INTO ATTENDS VALUES ('Dakari Johnson', '2017-10-22 01:00:00', 'Utah', 0, 0, 0, 0, 0);
INSERT INTO ATTENDS VALUES ('Dakari Johnson', '2017-10-22 23:00:00', 'Oklahoma City', 0, 0, 0, 0, 0);
INSERT INTO ATTENDS VALUES ('Dakari Johnson', '2017-10-26 00:00:00', 'Oklahoma City', 0, 0, 0, 0, 0);
INSERT INTO ATTENDS VALUES ('Dakari Johnson', '2017-10-28 00:00:00', 'Minnesota', 0, 0, 0, 0, 0);
INSERT INTO ATTENDS VALUES ('Dakari Johnson', '2017-10-29 00:00:00', 'Chicago', 2, 1, 3, 2, 0);
INSERT INTO ATTENDS VALUES ('Dakari Johnson', '2017-11-01 00:00:00', 'Milwaukee', 0, 0, 0, 0, 0);
INSERT INTO PLAYERHAS VALUES ('Jerian Grant', 'USA', 25, 2, 'Chicago Bulls');
INSERT INTO CAREER VALUES ('Jerian Grant', 0, 0, '2015/1/19');
INSERT INTO ATTENDS VALUES ('Jerian Grant', '2017-10-04 00:00:00', 'New Orleans', 11, 1, 10, 0, 1);
INSERT INTO ATTENDS VALUES ('Jerian Grant', '2017-10-05 00:30:00', 'Dallas', 5, 3, 5, 2, 0);
INSERT INTO ATTENDS VALUES ('Jerian Grant', '2017-10-07 00:00:00', 'Chicago', 4, 2, 4, 0, 0);
INSERT INTO ATTENDS VALUES ('Jerian Grant', '2017-10-08 23:00:00', 'Chicago', 11, 6, 5, 0, 0);
INSERT INTO ATTENDS VALUES ('Jerian Grant', '2017-10-11 00:00:00', 'Cleveland', 8, 6, 5, 1, 2);
INSERT INTO ATTENDS VALUES ('Jerian Grant', '2017-10-14 00:00:00', 'Chicago', 10, 9, 8, 0, 2);
INSERT INTO ATTENDS VALUES ('Jerian Grant', '2017-10-19 23:30:00', 'Toronto', 7, 2, 7, 0, 2);
INSERT INTO ATTENDS VALUES ('Jerian Grant', '2017-10-22 00:00:00', 'Chicago', 13, 4, 5, 1, 0);
INSERT INTO ATTENDS VALUES ('Jerian Grant', '2017-10-24 23:00:00', 'Cleveland', 12, 6, 10, 0, 1);
INSERT INTO ATTENDS VALUES ('Jerian Grant', '2017-10-27 00:00:00', 'Chicago', 11, 4, 7, 0, 2);
INSERT INTO ATTENDS VALUES ('Jerian Grant', '2017-10-29 00:00:00', 'Chicago', 2, 2, 4, 0, 1);
INSERT INTO PLAYERHAS VALUES ('Bobby Portis', 'USA', 23, 5, 'Chicago Bulls');
INSERT INTO CAREER VALUES ('Bobby Portis', 0, 0, '2015/1/22');
INSERT INTO ATTENDS VALUES ('Bobby Portis', '2017-10-04 00:00:00', 'New Orleans', 3, 9, 4, 0, 0);
INSERT INTO ATTENDS VALUES ('Bobby Portis', '2017-10-05 00:30:00', 'Dallas', 9, 5, 1, 2, 1);
INSERT INTO ATTENDS VALUES ('Bobby Portis', '2017-10-07 00:00:00', 'Chicago', 15, 10, 4, 1, 0);
INSERT INTO ATTENDS VALUES ('Bobby Portis', '2017-10-08 23:00:00', 'Chicago', 10, 6, 1, 0, 1);
INSERT INTO ATTENDS VALUES ('Bobby Portis', '2017-10-11 00:00:00', 'Cleveland', 7, 5, 1, 0, 0);
INSERT INTO ATTENDS VALUES ('Bobby Portis', '2017-10-14 00:00:00', 'Chicago', 12, 4, 0, 0, 0);
INSERT INTO ATTENDS VALUES ('Bobby Portis', '2017-10-19 23:30:00', 'Toronto', 0, 0, 0, 0, 0);
INSERT INTO ATTENDS VALUES ('Bobby Portis', '2017-10-24 23:00:00', 'Cleveland', 0, 0, 0, 0, 0);
INSERT INTO PLAYERHAS VALUES ('Kevon Looney', 'USA', 22, 5, 'Golden State Warriors');
INSERT INTO CAREER VALUES ('Kevon Looney', 0, 0, '2015/1/30');
INSERT INTO ATTENDS VALUES ('Kevon Looney', '2017-10-01 00:30:00', 'Golden State', 4, 2, 0, 0, 1);
INSERT INTO ATTENDS VALUES ('Kevon Looney', '2017-10-05 06:00:00', 'Golden State', 0, 0, 0, 0, 0);
INSERT INTO ATTENDS VALUES ('Kevon Looney', '2017-10-08 11:00:00', 'Minnesota', 0, 0, 0, 1, 0);
INSERT INTO ATTENDS VALUES ('Kevon Looney', '2017-10-14 02:30:00', 'Golden State', 9, 8, 0, 0, 0);
INSERT INTO ATTENDS VALUES ('Kevon Looney', '2017-10-18 02:30:00', 'Golden State', 1, 2, 0, 0, 1);
INSERT INTO ATTENDS VALUES ('Kevon Looney', '2017-10-26 02:30:00', 'Golden State', 0, 0, 0, 0, 0);
INSERT INTO ATTENDS VALUES ('Kevon Looney', '2017-10-28 02:30:00', 'Golden State', 9, 5, 0, 1, 0);
INSERT INTO ATTENDS VALUES ('Kevon Looney', '2017-10-30 00:30:00', 'Golden State', 0, 0, 0, 0, 0);
INSERT INTO PLAYERHAS VALUES ('Rondae Hollis-Jefferson', 'USA', 23, 24, 'Brooklyn Nets');
INSERT INTO CAREER VALUES ('Rondae Hollis-Jefferson', 0, 0, '2015/1/23');
INSERT INTO ATTENDS VALUES ('Rondae Hollis-Jefferson', '2017-10-03 23:30:00', 'New York', 13, 2, 1, 0, 2);
INSERT INTO ATTENDS VALUES ('Rondae Hollis-Jefferson', '2017-10-05 23:30:00', 'Brooklyn', 10, 9, 6, 0, 2);
INSERT INTO ATTENDS VALUES ('Rondae Hollis-Jefferson', '2017-10-08 23:30:00', 'Brooklyn', 7, 8, 2, 1, 1);
INSERT INTO ATTENDS VALUES ('Rondae Hollis-Jefferson', '2017-10-11 23:30:00', 'Brooklyn', 12, 4, 2, 0, 1);
INSERT INTO ATTENDS VALUES ('Rondae Hollis-Jefferson', '2017-10-18 23:00:00', 'Indiana', 14, 4, 2, 0, 1);
INSERT INTO ATTENDS VALUES ('Rondae Hollis-Jefferson', '2017-10-20 23:30:00', 'Brooklyn', 15, 4, 1, 3, 3);
INSERT INTO ATTENDS VALUES ('Rondae Hollis-Jefferson', '2017-10-22 19:30:00', 'Brooklyn', 9, 7, 0, 0, 1);
INSERT INTO ATTENDS VALUES ('Rondae Hollis-Jefferson', '2017-10-24 23:00:00', 'Orlando', 18, 5, 2, 1, 1);
INSERT INTO ATTENDS VALUES ('Rondae Hollis-Jefferson', '2017-10-25 23:30:00', 'Brooklyn', 19, 6, 2, 3, 1);
INSERT INTO ATTENDS VALUES ('Rondae Hollis-Jefferson', '2017-10-27 23:30:00', 'New York', 6, 3, 0, 0, 0);
INSERT INTO ATTENDS VALUES ('Rondae Hollis-Jefferson', '2017-10-29 22:00:00', 'Brooklyn', 18, 6, 1, 1, 0);
INSERT INTO ATTENDS VALUES ('Rondae Hollis-Jefferson', '2017-10-31 23:30:00', 'Brooklyn', 21, 7, 1, 2, 1);
INSERT INTO PLAYERHAS VALUES ('Terry Rozier', 'USA', 24, 12, 'Boston Celtics');
INSERT INTO CAREER VALUES ('Terry Rozier', 0, 0, '2015/1/16');
INSERT INTO ATTENDS VALUES ('Terry Rozier', '2017-10-02 23:30:00', 'Boston', 7, 2, 1, 0, 3);
INSERT INTO ATTENDS VALUES ('Terry Rozier', '2017-10-06 23:00:00', 'Philadelphia', 13, 2, 3, 0, 1);
INSERT INTO ATTENDS VALUES ('Terry Rozier', '2017-10-09 23:30:00', 'Boston', 15, 10, 6, 1, 1);
INSERT INTO ATTENDS VALUES ('Terry Rozier', '2017-10-11 23:00:00', 'Charlotte', 7, 2, 2, 0, 0);
INSERT INTO ATTENDS VALUES ('Terry Rozier', '2017-10-18 00:00:00', 'Cleveland', 9, 3, 2, 0, 4);
INSERT INTO ATTENDS VALUES ('Terry Rozier', '2017-10-18 23:30:00', 'Boston', 15, 7, 6, 0, 2);
INSERT INTO ATTENDS VALUES ('Terry Rozier', '2017-10-20 23:00:00', 'Philadelphia', 14, 7, 2, 0, 0);
INSERT INTO ATTENDS VALUES ('Terry Rozier', '2017-10-24 23:30:00', 'Boston', 8, 6, 6, 0, 2);
INSERT INTO ATTENDS VALUES ('Terry Rozier', '2017-10-27 00:00:00', 'Milwaukee', 4, 7, 0, 0, 2);
INSERT INTO ATTENDS VALUES ('Terry Rozier', '2017-10-29 00:00:00', 'Miami', 4, 4, 0, 0, 1);
INSERT INTO ATTENDS VALUES ('Terry Rozier', '2017-10-30 23:30:00', 'Boston', 12, 4, 0, 0, 2);
INSERT INTO PLAYERHAS VALUES ('Luc Mbah a Moute', 'Cameroon', 31, 12, 'Houston Rockets');
INSERT INTO CAREER VALUES ('Luc Mbah a Moute', 0, 0, '2008/2/37');
INSERT INTO ATTENDS VALUES ('Luc Mbah a Moute', '2017-10-04 00:00:00', 'Oklahoma City', 10, 8, 0, 1, 0);
INSERT INTO ATTENDS VALUES ('Luc Mbah a Moute', '2017-10-09 23:30:00', 'New York', 7, 4, 3, 0, 1);
INSERT INTO ATTENDS VALUES ('Luc Mbah a Moute', '2017-10-12 01:30:00', 'Memphis', 10, 2, 1, 0, 1);
INSERT INTO ATTENDS VALUES ('Luc Mbah a Moute', '2017-10-14 00:00:00', 'Houston', 7, 4, 0, 0, 2);
INSERT INTO ATTENDS VALUES ('Luc Mbah a Moute', '2017-10-18 02:30:00', 'Golden State', 14, 4, 0, 0, 0);
INSERT INTO ATTENDS VALUES ('Luc Mbah a Moute', '2017-10-19 02:00:00', 'Sacramento', 4, 4, 0, 0, 0);
INSERT INTO ATTENDS VALUES ('Luc Mbah a Moute', '2017-10-22 00:00:00', 'Houston', 6, 5, 1, 0, 2);
INSERT INTO ATTENDS VALUES ('Luc Mbah a Moute', '2017-10-24 00:00:00', 'Houston', 8, 2, 0, 0, 1);
INSERT INTO ATTENDS VALUES ('Luc Mbah a Moute', '2017-10-25 23:00:00', 'Philadelphia', 8, 3, 0, 3, 1);
INSERT INTO ATTENDS VALUES ('Luc Mbah a Moute', '2017-10-27 23:00:00', 'Charlotte', 12, 8, 2, 3, 2);
INSERT INTO ATTENDS VALUES ('Luc Mbah a Moute', '2017-10-29 00:00:00', 'Memphis', 0, 2, 3, 0, 0);
INSERT INTO ATTENDS VALUES ('Luc Mbah a Moute', '2017-10-31 00:00:00', 'Houston', 11, 2, 0, 0, 2);
INSERT INTO PLAYERHAS VALUES ('Domantas Sabonis', 'Lithuania', 22, 11, 'Indiana Pacers');
INSERT INTO CAREER VALUES ('Domantas Sabonis', 0, 0, '2016/1/11');
INSERT INTO ATTENDS VALUES ('Domantas Sabonis', '2017-10-05 00:00:00', 'Milwaukee', 8, 5, 0, 1, 0);
INSERT INTO ATTENDS VALUES ('Domantas Sabonis', '2017-10-06 23:30:00', 'Cleveland', 17, 7, 1, 0, 0);
INSERT INTO ATTENDS VALUES ('Domantas Sabonis', '2017-10-09 23:00:00', 'Detroit', 0, 0, 0, 0, 0);
INSERT INTO ATTENDS VALUES ('Domantas Sabonis', '2017-10-18 23:00:00', 'Indiana', 16, 7, 1, 0, 0);
INSERT INTO ATTENDS VALUES ('Domantas Sabonis', '2017-10-20 23:00:00', 'Indiana', 3, 8, 1, 1, 0);
INSERT INTO ATTENDS VALUES ('Domantas Sabonis', '2017-10-22 00:00:00', 'Miami', 18, 12, 2, 1, 1);
INSERT INTO ATTENDS VALUES ('Domantas Sabonis', '2017-10-25 00:00:00', 'Minnesota', 15, 11, 5, 0, 0);
INSERT INTO ATTENDS VALUES ('Domantas Sabonis', '2017-10-26 00:00:00', 'Oklahoma City', 4, 11, 2, 0, 0);
INSERT INTO ATTENDS VALUES ('Domantas Sabonis', '2017-10-29 20:30:00', 'Indiana', 22, 12, 2, 1, 1);
INSERT INTO ATTENDS VALUES ('Domantas Sabonis', '2017-10-31 23:00:00', 'Indiana', 12, 16, 5, 0, 0);
INSERT INTO PLAYERHAS VALUES ('Cheick Diallo', 'Mali', 21, 13, 'New Orleans Pelicans');
INSERT INTO CAREER VALUES ('Cheick Diallo', 0, 0, '2016/2/33');
INSERT INTO ATTENDS VALUES ('Cheick Diallo', '2017-10-04 00:00:00', 'New Orleans', 5, 5, 0, 0, 1);
INSERT INTO ATTENDS VALUES ('Cheick Diallo', '2017-10-07 00:00:00', 'Oklahoma City', 0, 0, 0, 0, 0);
INSERT INTO ATTENDS VALUES ('Cheick Diallo', '2017-10-08 23:00:00', 'Chicago', 0, 0, 0, 0, 0);
INSERT INTO ATTENDS VALUES ('Cheick Diallo', '2017-10-14 00:00:00', 'Memphis', 13, 6, 1, 1, 1);
INSERT INTO ATTENDS VALUES ('Cheick Diallo', '2017-10-19 00:00:00', 'Memphis', 0, 0, 0, 0, 0);
INSERT INTO ATTENDS VALUES ('Cheick Diallo', '2017-10-21 01:30:00', 'New Orleans', 0, 0, 0, 0, 0);
INSERT INTO ATTENDS VALUES ('Cheick Diallo', '2017-10-23 01:30:00', 'Los Angeles', 0, 0, 0, 0, 0);
INSERT INTO ATTENDS VALUES ('Cheick Diallo', '2017-10-25 02:00:00', 'Portland', 3, 4, 0, 1, 0);
INSERT INTO ATTENDS VALUES ('Cheick Diallo', '2017-10-27 02:30:00', 'Sacramento', 4, 4, 0, 0, 0);
INSERT INTO ATTENDS VALUES ('Cheick Diallo', '2017-10-28 23:00:00', 'New Orleans', 0, 1, 1, 0, 0);
INSERT INTO ATTENDS VALUES ('Cheick Diallo', '2017-10-31 00:00:00', 'New Orleans', 2, 3, 0, 0, 0);
INSERT INTO PLAYERHAS VALUES ('Quincy Acy', 'USA', 27, 13, 'Brooklyn Nets');
INSERT INTO CAREER VALUES ('Quincy Acy', 0, 0, '2012/2/37');
INSERT INTO ATTENDS VALUES ('Quincy Acy', '2017-10-03 23:30:00', 'New York', 12, 3, 1, 1, 1);
INSERT INTO ATTENDS VALUES ('Quincy Acy', '2017-10-05 23:30:00', 'Brooklyn', 9, 4, 0, 0, 1);
INSERT INTO ATTENDS VALUES ('Quincy Acy', '2017-10-08 23:30:00', 'Brooklyn', 6, 8, 0, 0, 0);
INSERT INTO ATTENDS VALUES ('Quincy Acy', '2017-10-11 23:30:00', 'Brooklyn', 5, 7, 1, 0, 1);
INSERT INTO ATTENDS VALUES ('Quincy Acy', '2017-10-18 23:00:00', 'Indiana', 9, 2, 0, 0, 0);
INSERT INTO ATTENDS VALUES ('Quincy Acy', '2017-10-20 23:30:00', 'Brooklyn', 3, 4, 1, 0, 0);
INSERT INTO ATTENDS VALUES ('Quincy Acy', '2017-10-22 19:30:00', 'Brooklyn', 3, 2, 0, 0, 1);
INSERT INTO ATTENDS VALUES ('Quincy Acy', '2017-10-24 23:00:00', 'Orlando', 5, 4, 0, 0, 1);
INSERT INTO ATTENDS VALUES ('Quincy Acy', '2017-10-25 23:30:00', 'Brooklyn', 3, 4, 0, 0, 0);
INSERT INTO ATTENDS VALUES ('Quincy Acy', '2017-10-27 23:30:00', 'New York', 12, 4, 0, 0, 0);
INSERT INTO PLAYERHAS VALUES ('Draymond Green', 'USA', 28, 23, 'Golden State Warriors');
INSERT INTO CAREER VALUES ('Draymond Green', 0, 3, '2012/2/35');
INSERT INTO ATTENDS VALUES ('Draymond Green', '2017-10-01 00:30:00', 'Golden State', 4, 8, 4, 0, 1);
INSERT INTO ATTENDS VALUES ('Draymond Green', '2017-10-05 06:00:00', 'Golden State', 5, 6, 8, 2, 0);
INSERT INTO ATTENDS VALUES ('Draymond Green', '2017-10-08 11:00:00', 'Minnesota', 11, 3, 3, 2, 3);
INSERT INTO ATTENDS VALUES ('Draymond Green', '2017-10-14 02:30:00', 'Golden State', 0, 0, 0, 0, 0);
INSERT INTO ATTENDS VALUES ('Draymond Green', '2017-10-18 02:30:00', 'Golden State', 9, 11, 13, 0, 0);
INSERT INTO ATTENDS VALUES ('Draymond Green', '2017-10-21 01:30:00', 'New Orleans', 8, 5, 9, 0, 0);
INSERT INTO ATTENDS VALUES ('Draymond Green', '2017-10-22 00:00:00', 'Memphis', 3, 7, 6, 1, 2);
INSERT INTO ATTENDS VALUES ('Draymond Green', '2017-10-24 00:30:00', 'Dallas', 10, 7, 8, 1, 2);
INSERT INTO ATTENDS VALUES ('Draymond Green', '2017-10-26 02:30:00', 'Golden State', 15, 11, 6, 1, 2);
INSERT INTO ATTENDS VALUES ('Draymond Green', '2017-10-28 02:30:00', 'Golden State', 3, 3, 6, 3, 0);
INSERT INTO ATTENDS VALUES ('Draymond Green', '2017-10-30 00:30:00', 'Golden State', 2, 13, 4, 1, 0);
INSERT INTO ATTENDS VALUES ('Draymond Green', '2017-10-31 02:30:00', 'LA', 16, 9, 6, 1, 2);
INSERT INTO PLAYERHAS VALUES ('Will Barton', 'USA', 27, 5, 'Denver Nuggets');
INSERT INTO CAREER VALUES ('Will Barton', 0, 0, '2012/2/40');
INSERT INTO ATTENDS VALUES ('Will Barton', '2017-10-01 00:30:00', 'Golden State', 6, 6, 5, 0, 1);
INSERT INTO ATTENDS VALUES ('Will Barton', '2017-10-03 02:30:00', 'Los Angeles', 7, 2, 4, 0, 0);
INSERT INTO ATTENDS VALUES ('Will Barton', '2017-10-05 02:00:00', 'Los Angeles', 10, 3, 8, 1, 1);
INSERT INTO ATTENDS VALUES ('Will Barton', '2017-10-08 20:00:00', 'San Antonio', 16, 1, 3, 2, 3);
INSERT INTO ATTENDS VALUES ('Will Barton', '2017-10-11 01:00:00', 'Denver', 26, 5, 3, 1, 3);
INSERT INTO ATTENDS VALUES ('Will Barton', '2017-10-19 01:00:00', 'Utah', 23, 6, 2, 1, 1);
INSERT INTO ATTENDS VALUES ('Will Barton', '2017-10-22 01:00:00', 'Denver', 15, 5, 3, 0, 1);
INSERT INTO ATTENDS VALUES ('Will Barton', '2017-10-24 01:00:00', 'Denver', 12, 4, 3, 0, 0);
INSERT INTO ATTENDS VALUES ('Will Barton', '2017-10-25 23:00:00', 'Charlotte', 9, 7, 6, 0, 1);
INSERT INTO ATTENDS VALUES ('Will Barton', '2017-10-27 23:30:00', 'Atlanta', 18, 6, 3, 0, 2);
INSERT INTO ATTENDS VALUES ('Will Barton', '2017-10-29 22:00:00', 'Brooklyn', 7, 2, 0, 0, 0);
INSERT INTO ATTENDS VALUES ('Will Barton', '2017-10-30 23:30:00', 'New York', 13, 4, 2, 0, 2);
INSERT INTO PLAYERHAS VALUES ('Khris Middleton', 'USA', 26, 22, 'Milwaukee Bucks');
INSERT INTO CAREER VALUES ('Khris Middleton', 0, 0, '2012/2/39');
INSERT INTO ATTENDS VALUES ('Khris Middleton', '2017-10-03 00:30:00', 'Dallas', 12, 1, 3, 0, 0);
INSERT INTO ATTENDS VALUES ('Khris Middleton', '2017-10-05 00:00:00', 'Milwaukee', 8, 4, 3, 1, 1);
INSERT INTO ATTENDS VALUES ('Khris Middleton', '2017-10-07 00:00:00', 'Chicago', 12, 4, 6, 1, 0);
INSERT INTO ATTENDS VALUES ('Khris Middleton', '2017-10-14 00:30:00', 'Milwaukee', 14, 4, 4, 0, 3);
INSERT INTO ATTENDS VALUES ('Khris Middleton', '2017-10-18 23:30:00', 'Boston', 15, 9, 6, 0, 2);
INSERT INTO ATTENDS VALUES ('Khris Middleton', '2017-10-20 23:00:00', 'Milwaukee', 8, 3, 5, 0, 0);
INSERT INTO ATTENDS VALUES ('Khris Middleton', '2017-10-22 00:30:00', 'Milwaukee', 18, 7, 3, 0, 0);
INSERT INTO ATTENDS VALUES ('Khris Middleton', '2017-10-24 00:00:00', 'Milwaukee', 20, 6, 3, 1, 1);
INSERT INTO ATTENDS VALUES ('Khris Middleton', '2017-10-27 00:00:00', 'Milwaukee', 15, 2, 2, 0, 2);
INSERT INTO ATTENDS VALUES ('Khris Middleton', '2017-10-29 19:30:00', 'Atlanta', 27, 7, 9, 0, 2);
INSERT INTO ATTENDS VALUES ('Khris Middleton', '2017-11-01 00:00:00', 'Milwaukee', 9, 7, 2, 0, 2);
INSERT INTO PLAYERHAS VALUES ('Mike Scott', 'USA', 29, 30, 'Washington Wizards');
INSERT INTO CAREER VALUES ('Mike Scott', 0, 0, '2012/2/43');
INSERT INTO ATTENDS VALUES ('Mike Scott', '2017-10-06 23:00:00', 'Washington', 12, 4, 3, 0, 0);
INSERT INTO ATTENDS VALUES ('Mike Scott', '2017-10-08 19:00:00', 'Washington', 8, 5, 0, 0, 1);
INSERT INTO ATTENDS VALUES ('Mike Scott', '2017-10-11 23:30:00', 'Miami', 13, 2, 2, 0, 0);
INSERT INTO ATTENDS VALUES ('Mike Scott', '2017-10-13 23:30:00', 'New York', 6, 2, 1, 0, 0);
INSERT INTO ATTENDS VALUES ('Mike Scott', '2017-10-18 23:00:00', 'Washington', 7, 2, 0, 0, 0);
INSERT INTO ATTENDS VALUES ('Mike Scott', '2017-10-20 23:00:00', 'Washington', 8, 0, 1, 1, 0);
INSERT INTO ATTENDS VALUES ('Mike Scott', '2017-10-24 01:00:00', 'Denver', 2, 1, 1, 0, 0);
INSERT INTO ATTENDS VALUES ('Mike Scott', '2017-10-26 02:30:00', 'Los Angeles', 4, 8, 0, 0, 1);
INSERT INTO ATTENDS VALUES ('Mike Scott', '2017-10-28 02:30:00', 'Golden State', 14, 7, 1, 0, 0);
INSERT INTO ATTENDS VALUES ('Mike Scott', '2017-10-29 22:00:00', 'Sacramento', 13, 4, 0, 0, 0);
INSERT INTO PLAYERHAS VALUES ('Denzel Valentine', 'USA', 24, 45, 'Chicago Bulls');
INSERT INTO CAREER VALUES ('Denzel Valentine', 0, 0, '2016/1/14');
INSERT INTO ATTENDS VALUES ('Denzel Valentine', '2017-10-04 00:00:00', 'New Orleans', 12, 4, 3, 0, 1);
INSERT INTO ATTENDS VALUES ('Denzel Valentine', '2017-10-05 00:30:00', 'Dallas', 5, 3, 2, 0, 0);
INSERT INTO ATTENDS VALUES ('Denzel Valentine', '2017-10-07 00:00:00', 'Chicago', 15, 2, 4, 0, 0);
INSERT INTO ATTENDS VALUES ('Denzel Valentine', '2017-10-08 23:00:00', 'Chicago', 15, 2, 2, 0, 1);
INSERT INTO ATTENDS VALUES ('Denzel Valentine', '2017-10-11 00:00:00', 'Cleveland', 14, 7, 4, 1, 2);
INSERT INTO ATTENDS VALUES ('Denzel Valentine', '2017-10-14 00:00:00', 'Chicago', 5, 2, 1, 0, 0);
INSERT INTO ATTENDS VALUES ('Denzel Valentine', '2017-10-19 23:30:00', 'Toronto', 12, 2, 0, 0, 0);
INSERT INTO ATTENDS VALUES ('Denzel Valentine', '2017-10-22 00:00:00', 'Chicago', 4, 5, 0, 0, 0);
INSERT INTO ATTENDS VALUES ('Denzel Valentine', '2017-10-24 23:00:00', 'Cleveland', 13, 4, 0, 0, 0);
INSERT INTO ATTENDS VALUES ('Denzel Valentine', '2017-10-27 00:00:00', 'Chicago', 11, 9, 5, 0, 2);
INSERT INTO ATTENDS VALUES ('Denzel Valentine', '2017-10-29 00:00:00', 'Chicago', 8, 9, 3, 0, 1);
INSERT INTO PLAYERHAS VALUES ('Tyler Ulis', 'USA', 22, 8, 'Phoenix Suns');
INSERT INTO CAREER VALUES ('Tyler Ulis', 0, 0, '2016/2/34');
INSERT INTO ATTENDS VALUES ('Tyler Ulis', '2017-10-04 02:00:00', 'Portland', 3, 1, 3, 0, 0);
INSERT INTO ATTENDS VALUES ('Tyler Ulis', '2017-10-07 01:00:00', 'Utah', 14, 2, 6, 0, 1);
INSERT INTO ATTENDS VALUES ('Tyler Ulis', '2017-10-10 02:00:00', 'Phoenix', 0, 3, 0, 0, 0);
INSERT INTO ATTENDS VALUES ('Tyler Ulis', '2017-10-12 02:00:00', 'Phoenix', 10, 3, 5, 0, 0);
INSERT INTO ATTENDS VALUES ('Tyler Ulis', '2017-10-19 02:00:00', 'Phoenix', 1, 0, 2, 0, 1);
INSERT INTO ATTENDS VALUES ('Tyler Ulis', '2017-10-21 02:00:00', 'Phoenix', 0, 0, 0, 0, 0);
INSERT INTO ATTENDS VALUES ('Tyler Ulis', '2017-10-22 02:30:00', 'LA', 2, 0, 0, 0, 0);
INSERT INTO ATTENDS VALUES ('Tyler Ulis', '2017-10-24 02:00:00', 'Phoenix', 11, 2, 3, 0, 1);
INSERT INTO ATTENDS VALUES ('Tyler Ulis', '2017-10-26 02:00:00', 'Phoenix', 13, 0, 5, 0, 2);
INSERT INTO ATTENDS VALUES ('Tyler Ulis', '2017-10-29 02:00:00', 'Portland', 8, 2, 5, 0, 4);
INSERT INTO ATTENDS VALUES ('Tyler Ulis', '2017-10-31 23:30:00', 'Brooklyn', 11, 2, 2, 0, 0);
INSERT INTO PLAYERHAS VALUES ('Zhou Qi', 'China', 22, 9, 'Houston Rockets');
INSERT INTO CAREER VALUES ('Zhou Qi', 0, 0, '2016/2/43');
INSERT INTO ATTENDS VALUES ('Zhou Qi', '2017-10-04 00:00:00', 'Oklahoma City', 3, 1, 0, 2, 0);
INSERT INTO ATTENDS VALUES ('Zhou Qi', '2017-10-09 23:30:00', 'New York', 3, 1, 0, 2, 0);
INSERT INTO ATTENDS VALUES ('Zhou Qi', '2017-10-12 01:30:00', 'Memphis', 0, 1, 0, 0, 0);
INSERT INTO ATTENDS VALUES ('Zhou Qi', '2017-10-14 00:00:00', 'Houston', 0, 2, 0, 0, 0);
INSERT INTO ATTENDS VALUES ('Zhou Qi', '2017-10-18 02:30:00', 'Golden State', 0, 0, 0, 0, 0);
INSERT INTO ATTENDS VALUES ('Zhou Qi', '2017-10-19 02:00:00', 'Sacramento', 0, 0, 0, 0, 0);
INSERT INTO ATTENDS VALUES ('Zhou Qi', '2017-10-22 00:00:00', 'Houston', 0, 3, 0, 1, 0);
INSERT INTO ATTENDS VALUES ('Zhou Qi', '2017-10-24 00:00:00', 'Houston', 0, 0, 0, 0, 0);
INSERT INTO ATTENDS VALUES ('Zhou Qi', '2017-10-25 23:00:00', 'Philadelphia', 0, 0, 0, 0, 0);
INSERT INTO ATTENDS VALUES ('Zhou Qi', '2017-10-27 23:00:00', 'Charlotte', 0, 0, 0, 0, 0);
INSERT INTO ATTENDS VALUES ('Zhou Qi', '2017-10-29 00:00:00', 'Memphis', 0, 1, 0, 0, 0);
INSERT INTO ATTENDS VALUES ('Zhou Qi', '2017-10-31 00:00:00', 'Houston', 0, 0, 0, 0, 0);
INSERT INTO PLAYERHAS VALUES ('Taurean Prince', 'USA', 24, 12, 'Atlanta Hawks');
INSERT INTO CAREER VALUES ('Taurean Prince', 0, 0, '2016/1/12');
INSERT INTO ATTENDS VALUES ('Taurean Prince', '2017-10-01 22:00:00', 'Miami', 3, 4, 1, 0, 3);
INSERT INTO ATTENDS VALUES ('Taurean Prince', '2017-10-04 23:00:00', 'Cleveland', 15, 8, 3, 0, 0);
INSERT INTO ATTENDS VALUES ('Taurean Prince', '2017-10-06 23:00:00', 'Detroit', 10, 1, 0, 0, 0);
INSERT INTO ATTENDS VALUES ('Taurean Prince', '2017-10-09 23:30:00', 'Atlanta', 12, 5, 2, 0, 3);
INSERT INTO ATTENDS VALUES ('Taurean Prince', '2017-10-12 23:30:00', 'Atlanta', 11, 4, 2, 0, 0);
INSERT INTO ATTENDS VALUES ('Taurean Prince', '2017-10-19 00:30:00', 'Dallas', 10, 10, 1, 1, 0);
INSERT INTO ATTENDS VALUES ('Taurean Prince', '2017-10-20 23:00:00', 'Charlotte', 15, 6, 2, 0, 1);
INSERT INTO ATTENDS VALUES ('Taurean Prince', '2017-10-22 19:30:00', 'Brooklyn', 9, 1, 1, 0, 1);
INSERT INTO ATTENDS VALUES ('Taurean Prince', '2017-10-23 23:30:00', 'Miami', 20, 7, 2, 0, 3);
INSERT INTO ATTENDS VALUES ('Taurean Prince', '2017-10-27 00:00:00', 'Chicago', 3, 2, 2, 0, 2);
INSERT INTO ATTENDS VALUES ('Taurean Prince', '2017-10-27 23:30:00', 'Atlanta', 19, 7, 3, 0, 2);
INSERT INTO ATTENDS VALUES ('Taurean Prince', '2017-10-29 19:30:00', 'Atlanta', 17, 5, 3, 0, 2);
INSERT INTO PLAYERHAS VALUES ('Jakob Poeltl', 'Austria', 22, 42, 'Toronto Raptors');
INSERT INTO CAREER VALUES ('Jakob Poeltl', 0, 0, '2016/1/9');
INSERT INTO ATTENDS VALUES ('Jakob Poeltl', '2017-10-02 02:00:00', 'Toronto', 7, 3, 1, 0, 0);
INSERT INTO ATTENDS VALUES ('Jakob Poeltl', '2017-10-04 05:00:00', 'LA', 3, 5, 1, 0, 1);
INSERT INTO ATTENDS VALUES ('Jakob Poeltl', '2017-10-06 02:00:00', 'Portland', 10, 4, 0, 0, 1);
INSERT INTO ATTENDS VALUES ('Jakob Poeltl', '2017-10-10 23:00:00', 'Toronto', 12, 6, 0, 0, 0);
INSERT INTO ATTENDS VALUES ('Jakob Poeltl', '2017-10-14 00:00:00', 'Chicago', 4, 5, 1, 2, 0);
INSERT INTO ATTENDS VALUES ('Jakob Poeltl', '2017-10-19 23:30:00', 'Toronto', 2, 5, 0, 0, 1);
INSERT INTO ATTENDS VALUES ('Jakob Poeltl', '2017-10-21 23:30:00', 'Toronto', 14, 5, 0, 3, 1);
INSERT INTO ATTENDS VALUES ('Jakob Poeltl', '2017-10-24 00:30:00', 'San Antonio', 10, 12, 0, 3, 1);
INSERT INTO ATTENDS VALUES ('Jakob Poeltl', '2017-10-26 02:30:00', 'Golden State', 12, 14, 2, 1, 1);
INSERT INTO ATTENDS VALUES ('Jakob Poeltl', '2017-10-28 02:30:00', 'Los Angeles', 7, 7, 1, 2, 1);
INSERT INTO ATTENDS VALUES ('Jakob Poeltl', '2017-10-31 02:00:00', 'Portland', 6, 5, 0, 1, 0);
INSERT INTO PLAYERHAS VALUES ('Jamal Murray', 'Canada', 21, 27, 'Denver Nuggets');
INSERT INTO CAREER VALUES ('Jamal Murray', 0, 0, '2016/1/7');
INSERT INTO ATTENDS VALUES ('Jamal Murray', '2017-10-01 00:30:00', 'Golden State', 9, 3, 1, 0, 1);
INSERT INTO ATTENDS VALUES ('Jamal Murray', '2017-10-03 02:30:00', 'Los Angeles', 7, 1, 3, 0, 0);
INSERT INTO ATTENDS VALUES ('Jamal Murray', '2017-10-05 02:00:00', 'Los Angeles', 20, 1, 2, 0, 3);
INSERT INTO ATTENDS VALUES ('Jamal Murray', '2017-10-08 20:00:00', 'San Antonio', 0, 0, 0, 0, 0);
INSERT INTO ATTENDS VALUES ('Jamal Murray', '2017-10-11 01:00:00', 'Denver', 5, 4, 4, 0, 0);
INSERT INTO ATTENDS VALUES ('Jamal Murray', '2017-10-19 01:00:00', 'Utah', 8, 2, 2, 0, 0);
INSERT INTO ATTENDS VALUES ('Jamal Murray', '2017-10-22 01:00:00', 'Denver', 2, 2, 2, 0, 1);
INSERT INTO ATTENDS VALUES ('Jamal Murray', '2017-10-24 01:00:00', 'Denver', 8, 3, 6, 1, 0);
INSERT INTO ATTENDS VALUES ('Jamal Murray', '2017-10-25 23:00:00', 'Charlotte', 16, 3, 5, 0, 1);
INSERT INTO ATTENDS VALUES ('Jamal Murray', '2017-10-27 23:30:00', 'Atlanta', 6, 3, 0, 0, 0);
INSERT INTO ATTENDS VALUES ('Jamal Murray', '2017-10-29 22:00:00', 'Brooklyn', 26, 1, 5, 1, 1);
INSERT INTO ATTENDS VALUES ('Jamal Murray', '2017-10-30 23:30:00', 'New York', 20, 3, 2, 0, 1);
INSERT INTO PLAYERHAS VALUES ('Jaylen Brown', 'USA', 21, 7, 'Boston Celtics');
INSERT INTO CAREER VALUES ('Jaylen Brown', 0, 0, '2016/1/3');
INSERT INTO ATTENDS VALUES ('Jaylen Brown', '2017-10-02 23:30:00', 'Boston', 6, 1, 3, 0, 1);
INSERT INTO ATTENDS VALUES ('Jaylen Brown', '2017-10-06 23:00:00', 'Philadelphia', 10, 2, 1, 0, 1);
INSERT INTO ATTENDS VALUES ('Jaylen Brown', '2017-10-09 23:30:00', 'Boston', 12, 9, 1, 0, 1);
INSERT INTO ATTENDS VALUES ('Jaylen Brown', '2017-10-11 23:00:00', 'Charlotte', 12, 4, 0, 2, 0);
INSERT INTO ATTENDS VALUES ('Jaylen Brown', '2017-10-18 00:00:00', 'Cleveland', 25, 6, 0, 0, 2);
INSERT INTO ATTENDS VALUES ('Jaylen Brown', '2017-10-18 23:30:00', 'Boston', 18, 5, 3, 0, 0);
INSERT INTO ATTENDS VALUES ('Jaylen Brown', '2017-10-20 23:00:00', 'Philadelphia', 9, 8, 0, 0, 2);
INSERT INTO ATTENDS VALUES ('Jaylen Brown', '2017-10-24 23:30:00', 'Boston', 23, 4, 0, 1, 1);
INSERT INTO ATTENDS VALUES ('Jaylen Brown', '2017-10-27 00:00:00', 'Milwaukee', 9, 9, 0, 1, 1);
INSERT INTO ATTENDS VALUES ('Jaylen Brown', '2017-10-29 00:00:00', 'Miami', 6, 5, 1, 0, 0);
INSERT INTO ATTENDS VALUES ('Jaylen Brown', '2017-10-30 23:30:00', 'Boston', 18, 4, 2, 0, 1);
INSERT INTO PLAYERHAS VALUES ('Dion Waiters', 'USA', 26, 11, 'Miami Heat');
INSERT INTO CAREER VALUES ('Dion Waiters', 0, 0, '2012/1/4');
INSERT INTO ATTENDS VALUES ('Dion Waiters', '2017-10-01 22:00:00', 'Miami', 7, 3, 4, 0, 0);
INSERT INTO ATTENDS VALUES ('Dion Waiters', '2017-10-05 23:30:00', 'Brooklyn', 2, 1, 2, 0, 1);
INSERT INTO ATTENDS VALUES ('Dion Waiters', '2017-10-07 23:00:00', 'Orlando', 17, 3, 2, 0, 2);
INSERT INTO ATTENDS VALUES ('Dion Waiters', '2017-10-09 23:30:00', 'Miami', 14, 4, 8, 0, 0);
INSERT INTO ATTENDS VALUES ('Dion Waiters', '2017-10-11 23:30:00', 'Miami', 0, 0, 0, 0, 0);
INSERT INTO ATTENDS VALUES ('Dion Waiters', '2017-10-14 00:30:00', 'Philadelphia', 13, 4, 1, 0, 0);
INSERT INTO ATTENDS VALUES ('Dion Waiters', '2017-10-18 23:00:00', 'Orlando', 15, 0, 4, 1, 2);
INSERT INTO ATTENDS VALUES ('Dion Waiters', '2017-10-22 00:00:00', 'Miami', 19, 1, 2, 1, 2);
INSERT INTO ATTENDS VALUES ('Dion Waiters', '2017-10-23 23:30:00', 'Miami', 10, 2, 1, 1, 0);
INSERT INTO ATTENDS VALUES ('Dion Waiters', '2017-10-26 00:00:00', 'Miami', 17, 2, 5, 0, 0);
INSERT INTO ATTENDS VALUES ('Dion Waiters', '2017-10-29 00:00:00', 'Miami', 5, 5, 2, 0, 1);
INSERT INTO ATTENDS VALUES ('Dion Waiters', '2017-10-30 23:30:00', 'Miami', 33, 5, 4, 0, 3);
INSERT INTO PLAYERHAS VALUES ('Kevin Durant', 'USA', 29, 35, 'Golden State Warriors');
INSERT INTO CAREER VALUES ('Kevin Durant', 1, 9, '2007/1/2');
INSERT INTO ATTENDS VALUES ('Kevin Durant', '2017-10-01 00:30:00', 'Golden State', 10, 4, 1, 0, 1);
INSERT INTO ATTENDS VALUES ('Kevin Durant', '2017-10-05 06:00:00', 'Golden State', 20, 2, 2, 1, 0);
INSERT INTO ATTENDS VALUES ('Kevin Durant', '2017-10-08 11:00:00', 'Minnesota', 22, 2, 2, 0, 1);
INSERT INTO ATTENDS VALUES ('Kevin Durant', '2017-10-14 02:30:00', 'Golden State', 0, 0, 0, 0, 0);
INSERT INTO ATTENDS VALUES ('Kevin Durant', '2017-10-18 02:30:00', 'Golden State', 20, 5, 7, 4, 0);
INSERT INTO ATTENDS VALUES ('Kevin Durant', '2017-10-21 01:30:00', 'New Orleans', 22, 8, 2, 7, 1);
INSERT INTO ATTENDS VALUES ('Kevin Durant', '2017-10-22 00:00:00', 'Memphis', 29, 13, 3, 3, 1);
INSERT INTO ATTENDS VALUES ('Kevin Durant', '2017-10-24 00:30:00', 'Dallas', 25, 8, 6, 1, 0);
INSERT INTO ATTENDS VALUES ('Kevin Durant', '2017-10-26 02:30:00', 'Golden State', 29, 4, 5, 0, 1);
INSERT INTO ATTENDS VALUES ('Kevin Durant', '2017-10-28 02:30:00', 'Golden State', 31, 11, 6, 2, 1);
INSERT INTO ATTENDS VALUES ('Kevin Durant', '2017-10-30 00:30:00', 'Golden State', 28, 6, 4, 2, 0);
INSERT INTO ATTENDS VALUES ('Kevin Durant', '2017-10-31 02:30:00', 'LA', 19, 7, 4, 0, 0);
INSERT INTO PLAYERHAS VALUES ('Al Horford', 'Dominican Republic', 32, 42, 'Boston Celtics');
INSERT INTO CAREER VALUES ('Al Horford', 0, 5, '2007/1/3');
INSERT INTO ATTENDS VALUES ('Al Horford', '2017-10-02 23:30:00', 'Boston', 7, 6, 4, 2, 0);
INSERT INTO ATTENDS VALUES ('Al Horford', '2017-10-06 23:00:00', 'Philadelphia', 7, 9, 3, 2, 0);
INSERT INTO ATTENDS VALUES ('Al Horford', '2017-10-09 23:30:00', 'Boston', 0, 0, 0, 0, 0);
INSERT INTO ATTENDS VALUES ('Al Horford', '2017-10-11 23:00:00', 'Charlotte', 15, 8, 4, 0, 0);
INSERT INTO ATTENDS VALUES ('Al Horford', '2017-10-18 00:00:00', 'Cleveland', 9, 7, 5, 1, 0);
INSERT INTO ATTENDS VALUES ('Al Horford', '2017-10-18 23:30:00', 'Boston', 13, 6, 4, 2, 3);
INSERT INTO ATTENDS VALUES ('Al Horford', '2017-10-20 23:00:00', 'Philadelphia', 17, 9, 3, 1, 0);
INSERT INTO ATTENDS VALUES ('Al Horford', '2017-10-24 23:30:00', 'Boston', 13, 13, 5, 1, 0);
INSERT INTO ATTENDS VALUES ('Al Horford', '2017-10-27 00:00:00', 'Milwaukee', 27, 9, 4, 1, 0);
INSERT INTO ATTENDS VALUES ('Al Horford', '2017-10-29 00:00:00', 'Miami', 12, 9, 3, 0, 1);
INSERT INTO ATTENDS VALUES ('Al Horford', '2017-10-30 23:30:00', 'Boston', 14, 13, 5, 0, 2);
INSERT INTO PLAYERHAS VALUES ('Corey Brewer', 'USA', 32, 3, 'Oklahoma City Thunder');
INSERT INTO CAREER VALUES ('Corey Brewer', 0, 0, '2007/1/7');
INSERT INTO ATTENDS VALUES ('Corey Brewer', '2017-10-01 02:00:00', 'Los Angeles', 6, 1, 0, 1, 4);
INSERT INTO ATTENDS VALUES ('Corey Brewer', '2017-10-03 02:30:00', 'Los Angeles', 9, 1, 1, 0, 1);
INSERT INTO ATTENDS VALUES ('Corey Brewer', '2017-10-05 02:00:00', 'Los Angeles', 2, 1, 0, 0, 0);
INSERT INTO ATTENDS VALUES ('Corey Brewer', '2017-10-09 01:00:00', 'Los Angeles', 0, 1, 1, 1, 0);
INSERT INTO ATTENDS VALUES ('Corey Brewer', '2017-10-11 02:30:00', 'Los Angeles', 0, 1, 1, 0, 0);
INSERT INTO ATTENDS VALUES ('Corey Brewer', '2017-10-14 02:30:00', 'LA', 2, 2, 2, 0, 3);
INSERT INTO ATTENDS VALUES ('Corey Brewer', '2017-10-20 02:30:00', 'Los Angeles', 2, 3, 0, 1, 0);
INSERT INTO ATTENDS VALUES ('Corey Brewer', '2017-10-21 02:00:00', 'Phoenix', 5, 2, 2, 0, 3);
INSERT INTO ATTENDS VALUES ('Corey Brewer', '2017-10-23 01:30:00', 'Los Angeles', 2, 2, 0, 0, 0);
INSERT INTO ATTENDS VALUES ('Corey Brewer', '2017-10-26 02:30:00', 'Los Angeles', 0, 0, 1, 0, 0);
INSERT INTO ATTENDS VALUES ('Corey Brewer', '2017-10-28 02:30:00', 'Los Angeles', 3, 3, 3, 1, 0);
INSERT INTO ATTENDS VALUES ('Corey Brewer', '2017-10-29 01:00:00', 'Utah', 2, 0, 0, 0, 0);
INSERT INTO ATTENDS VALUES ('Corey Brewer', '2017-11-01 02:30:00', 'Los Angeles', 0, 0, 1, 0, 0);
INSERT INTO PLAYERHAS VALUES ('Mike Conley', 'USA', 30, 11, 'Memphis Grizzlies');
INSERT INTO CAREER VALUES ('Mike Conley', 0, 0, '2007/1/4');
INSERT INTO ATTENDS VALUES ('Mike Conley', '2017-10-03 00:00:00', 'Memphis', 4, 2, 1, 1, 0);
INSERT INTO ATTENDS VALUES ('Mike Conley', '2017-10-04 23:00:00', 'Philadelphia', 0, 0, 0, 0, 0);
INSERT INTO ATTENDS VALUES ('Mike Conley', '2017-10-09 23:30:00', 'Atlanta', 7, 3, 3, 0, 2);
INSERT INTO ATTENDS VALUES ('Mike Conley', '2017-10-12 01:30:00', 'Memphis', 8, 5, 4, 0, 1);
INSERT INTO ATTENDS VALUES ('Mike Conley', '2017-10-14 00:00:00', 'Memphis', 19, 0, 2, 0, 1);
INSERT INTO ATTENDS VALUES ('Mike Conley', '2017-10-19 00:00:00', 'Memphis', 27, 5, 3, 0, 2);
INSERT INTO ATTENDS VALUES ('Mike Conley', '2017-10-22 00:00:00', 'Memphis', 10, 2, 7, 0, 0);
INSERT INTO ATTENDS VALUES ('Mike Conley', '2017-10-24 00:00:00', 'Houston', 17, 3, 4, 0, 0);
INSERT INTO ATTENDS VALUES ('Mike Conley', '2017-10-26 00:30:00', 'Dallas', 21, 5, 3, 0, 1);
INSERT INTO ATTENDS VALUES ('Mike Conley', '2017-10-27 00:00:00', 'Memphis', 22, 1, 4, 0, 1);
INSERT INTO ATTENDS VALUES ('Mike Conley', '2017-10-29 00:00:00', 'Memphis', 8, 3, 3, 1, 0);
INSERT INTO ATTENDS VALUES ('Mike Conley', '2017-10-31 00:00:00', 'Memphis', 16, 2, 6, 0, 2);
INSERT INTO PLAYERHAS VALUES ('Jeff Green', 'USA', 31, 32, 'Cleveland Cavaliers');
INSERT INTO CAREER VALUES ('Jeff Green', 0, 0, '2007/1/5');
INSERT INTO ATTENDS VALUES ('Jeff Green', '2017-10-04 23:00:00', 'Cleveland', 6, 2, 2, 1, 2);
INSERT INTO ATTENDS VALUES ('Jeff Green', '2017-10-06 23:30:00', 'Cleveland', 7, 5, 1, 0, 0);
INSERT INTO ATTENDS VALUES ('Jeff Green', '2017-10-08 19:00:00', 'Washington', 19, 7, 1, 1, 0);
INSERT INTO ATTENDS VALUES ('Jeff Green', '2017-10-11 00:00:00', 'Cleveland', 8, 3, 1, 0, 0);
INSERT INTO ATTENDS VALUES ('Jeff Green', '2017-10-13 23:00:00', 'Orlando', 8, 5, 4, 0, 3);
INSERT INTO ATTENDS VALUES ('Jeff Green', '2017-10-18 00:00:00', 'Cleveland', 6, 0, 0, 0, 0);
INSERT INTO ATTENDS VALUES ('Jeff Green', '2017-10-20 23:00:00', 'Milwaukee', 10, 1, 1, 0, 1);
INSERT INTO ATTENDS VALUES ('Jeff Green', '2017-10-22 00:00:00', 'Cleveland', 7, 1, 1, 0, 1);
INSERT INTO ATTENDS VALUES ('Jeff Green', '2017-10-24 23:00:00', 'Cleveland', 16, 2, 2, 0, 0);
INSERT INTO ATTENDS VALUES ('Jeff Green', '2017-10-25 23:30:00', 'Brooklyn', 18, 6, 3, 2, 1);
INSERT INTO ATTENDS VALUES ('Jeff Green', '2017-10-28 23:00:00', 'New Orleans', 7, 3, 1, 0, 0);
INSERT INTO ATTENDS VALUES ('Jeff Green', '2017-10-29 23:00:00', 'Cleveland', 6, 2, 0, 0, 0);
INSERT INTO PLAYERHAS VALUES ('Ersan Ilyasova', 'Turkey', 31, 23, 'Philadelphia 76ers');
INSERT INTO CAREER VALUES ('Ersan Ilyasova', 0, 0, '2005/2/36');
INSERT INTO ATTENDS VALUES ('Ersan Ilyasova', '2017-10-01 22:00:00', 'Miami', 6, 4, 0, 0, 1);
INSERT INTO ATTENDS VALUES ('Ersan Ilyasova', '2017-10-04 23:00:00', 'Cleveland', 5, 7, 1, 0, 0);
INSERT INTO ATTENDS VALUES ('Ersan Ilyasova', '2017-10-06 23:00:00', 'Detroit', 8, 1, 2, 0, 0);
INSERT INTO ATTENDS VALUES ('Ersan Ilyasova', '2017-10-09 23:30:00', 'Atlanta', 7, 5, 3, 0, 0);
INSERT INTO ATTENDS VALUES ('Ersan Ilyasova', '2017-10-12 23:30:00', 'Atlanta', 7, 3, 1, 0, 1);
INSERT INTO ATTENDS VALUES ('Ersan Ilyasova', '2017-10-19 00:30:00', 'Dallas', 6, 6, 0, 1, 1);
INSERT INTO ATTENDS VALUES ('Ersan Ilyasova', '2017-10-20 23:00:00', 'Charlotte', 0, 6, 1, 0, 1);
INSERT INTO ATTENDS VALUES ('Ersan Ilyasova', '2017-10-22 19:30:00', 'Brooklyn', 9, 7, 0, 0, 2);
INSERT INTO ATTENDS VALUES ('Ersan Ilyasova', '2017-10-23 23:30:00', 'Miami', 0, 0, 0, 0, 0);
INSERT INTO ATTENDS VALUES ('Ersan Ilyasova', '2017-10-27 00:00:00', 'Chicago', 0, 0, 0, 0, 0);
INSERT INTO ATTENDS VALUES ('Ersan Ilyasova', '2017-10-27 23:30:00', 'Atlanta', 7, 3, 2, 0, 2);
INSERT INTO PLAYERHAS VALUES ('Joakim Noah', 'USA', 33, 13, 'New York Knicks');
INSERT INTO CAREER VALUES ('Joakim Noah', 0, 2, '2007/1/9');
INSERT INTO ATTENDS VALUES ('Joakim Noah', '2017-10-03 23:30:00', 'New York', 0, 0, 0, 0, 0);
INSERT INTO ATTENDS VALUES ('Joakim Noah', '2017-10-06 23:00:00', 'Washington', 2, 5, 2, 1, 0);
INSERT INTO ATTENDS VALUES ('Joakim Noah', '2017-10-08 23:30:00', 'Brooklyn', 1, 4, 1, 0, 1);
INSERT INTO ATTENDS VALUES ('Joakim Noah', '2017-10-09 23:30:00', 'New York', 0, 0, 0, 0, 0);
INSERT INTO ATTENDS VALUES ('Joakim Noah', '2017-10-13 23:30:00', 'New York', 0, 0, 0, 0, 0);
INSERT INTO PLAYERHAS VALUES ('Avery Bradley', 'USA', 27, 11, 'Detroit Pistons');
INSERT INTO CAREER VALUES ('Avery Bradley', 0, 0, '2010/1/19');
INSERT INTO ATTENDS VALUES ('Avery Bradley', '2017-10-04 23:00:00', 'Detroit', 14, 1, 3, 2, 1);
INSERT INTO ATTENDS VALUES ('Avery Bradley', '2017-10-06 23:00:00', 'Detroit', 18, 2, 1, 0, 2);
INSERT INTO ATTENDS VALUES ('Avery Bradley', '2017-10-09 23:00:00', 'Detroit', 0, 0, 0, 0, 0);
INSERT INTO ATTENDS VALUES ('Avery Bradley', '2017-10-10 23:00:00', 'Toronto', 0, 0, 0, 0, 0);
INSERT INTO ATTENDS VALUES ('Avery Bradley', '2017-10-14 00:30:00', 'Milwaukee', 26, 0, 3, 0, 3);
INSERT INTO ATTENDS VALUES ('Avery Bradley', '2017-10-18 23:00:00', 'Detroit', 15, 2, 1, 0, 0);
INSERT INTO ATTENDS VALUES ('Avery Bradley', '2017-10-20 23:00:00', 'Washington', 18, 2, 2, 0, 1);
INSERT INTO ATTENDS VALUES ('Avery Bradley', '2017-10-22 00:00:00', 'New York', 5, 5, 3, 0, 2);
INSERT INTO ATTENDS VALUES ('Avery Bradley', '2017-10-23 23:00:00', 'Detroit', 15, 1, 3, 0, 0);
INSERT INTO ATTENDS VALUES ('Avery Bradley', '2017-10-25 23:00:00', 'Detroit', 20, 4, 3, 0, 1);
INSERT INTO ATTENDS VALUES ('Avery Bradley', '2017-10-29 02:30:00', 'LA', 12, 5, 2, 0, 4);
INSERT INTO ATTENDS VALUES ('Avery Bradley', '2017-10-30 00:30:00', 'Golden State', 23, 1, 2, 0, 3);
INSERT INTO ATTENDS VALUES ('Avery Bradley', '2017-11-01 02:30:00', 'Los Angeles', 8, 5, 0, 0, 1);
INSERT INTO PLAYERHAS VALUES ('Trevor Booker', 'USA', 30, 20, 'Indiana Pacers');
INSERT INTO CAREER VALUES ('Trevor Booker', 0, 0, '2010/1/23');
INSERT INTO ATTENDS VALUES ('Trevor Booker', '2017-10-03 23:30:00', 'New York', 6, 13, 3, 0, 1);
INSERT INTO ATTENDS VALUES ('Trevor Booker', '2017-10-05 23:30:00', 'Brooklyn', 4, 8, 3, 1, 1);
INSERT INTO ATTENDS VALUES ('Trevor Booker', '2017-10-08 23:30:00', 'Brooklyn', 10, 5, 3, 1, 1);
INSERT INTO ATTENDS VALUES ('Trevor Booker', '2017-10-11 23:30:00', 'Brooklyn', 2, 1, 0, 0, 1);
INSERT INTO ATTENDS VALUES ('Trevor Booker', '2017-10-18 23:00:00', 'Indiana', 20, 10, 0, 0, 0);
INSERT INTO ATTENDS VALUES ('Trevor Booker', '2017-10-20 23:30:00', 'Brooklyn', 17, 11, 2, 0, 0);
INSERT INTO ATTENDS VALUES ('Trevor Booker', '2017-10-22 19:30:00', 'Brooklyn', 14, 6, 4, 0, 1);
INSERT INTO ATTENDS VALUES ('Trevor Booker', '2017-10-24 23:00:00', 'Orlando', 7, 8, 3, 0, 1);
INSERT INTO ATTENDS VALUES ('Trevor Booker', '2017-10-25 23:30:00', 'Brooklyn', 6, 8, 4, 0, 0);
INSERT INTO ATTENDS VALUES ('Trevor Booker', '2017-10-27 23:30:00', 'New York', 10, 4, 0, 0, 0);
INSERT INTO ATTENDS VALUES ('Trevor Booker', '2017-10-29 22:00:00', 'Brooklyn', 8, 8, 1, 1, 1);
INSERT INTO ATTENDS VALUES ('Trevor Booker', '2017-10-31 23:30:00', 'Brooklyn', 4, 4, 0, 0, 0);
INSERT INTO PLAYERHAS VALUES ('Jordan Crawford', 'USA', 29, 27, 'New Orleans Pelicans');
INSERT INTO CAREER VALUES ('Jordan Crawford', 0, 0, '2010/1/27');
INSERT INTO ATTENDS VALUES ('Jordan Crawford', '2017-10-04 00:00:00', 'New Orleans', 5, 1, 0, 0, 0);
INSERT INTO ATTENDS VALUES ('Jordan Crawford', '2017-10-07 00:00:00', 'Oklahoma City', 2, 4, 2, 1, 0);
INSERT INTO ATTENDS VALUES ('Jordan Crawford', '2017-10-08 23:00:00', 'Chicago', 0, 0, 0, 0, 0);
INSERT INTO ATTENDS VALUES ('Jordan Crawford', '2017-10-14 00:00:00', 'Memphis', 19, 1, 4, 0, 0);
INSERT INTO ATTENDS VALUES ('Jordan Crawford', '2017-10-19 00:00:00', 'Memphis', 5, 1, 3, 0, 0);
INSERT INTO ATTENDS VALUES ('Jordan Crawford', '2017-10-21 01:30:00', 'New Orleans', 13, 2, 6, 1, 0);
INSERT INTO PLAYERHAS VALUES ('Iman Shumpert', 'USA', 27, 9, 'Sacramento Kings');
INSERT INTO CAREER VALUES ('Iman Shumpert', 0, 0, '2011/1/17');
INSERT INTO ATTENDS VALUES ('Iman Shumpert', '2017-10-04 23:00:00', 'Cleveland', 0, 1, 0, 0, 0);
INSERT INTO ATTENDS VALUES ('Iman Shumpert', '2017-10-06 23:30:00', 'Cleveland', 0, 0, 0, 0, 0);
INSERT INTO ATTENDS VALUES ('Iman Shumpert', '2017-10-11 00:00:00', 'Cleveland', 12, 1, 0, 0, 0);
INSERT INTO ATTENDS VALUES ('Iman Shumpert', '2017-10-13 23:00:00', 'Orlando', 8, 7, 1, 0, 1);
INSERT INTO ATTENDS VALUES ('Iman Shumpert', '2017-10-18 00:00:00', 'Cleveland', 4, 2, 0, 0, 1);
INSERT INTO ATTENDS VALUES ('Iman Shumpert', '2017-10-20 23:00:00', 'Milwaukee', 0, 2, 1, 0, 1);
INSERT INTO ATTENDS VALUES ('Iman Shumpert', '2017-10-22 00:00:00', 'Cleveland', 21, 7, 2, 1, 0);
INSERT INTO ATTENDS VALUES ('Iman Shumpert', '2017-10-24 23:00:00', 'Cleveland', 0, 1, 2, 0, 0);
INSERT INTO ATTENDS VALUES ('Iman Shumpert', '2017-10-25 23:30:00', 'Brooklyn', 6, 3, 0, 0, 0);
INSERT INTO ATTENDS VALUES ('Iman Shumpert', '2017-10-28 23:00:00', 'New Orleans', 5, 2, 1, 0, 0);
INSERT INTO ATTENDS VALUES ('Iman Shumpert', '2017-10-29 23:00:00', 'Cleveland', 0, 0, 0, 0, 0);
INSERT INTO PLAYERHAS VALUES ('Josh Jackson', 'USA', 21, 20, 'Phoenix Suns');
INSERT INTO CAREER VALUES ('Josh Jackson', 0, 0, '2017/1/4');
INSERT INTO ATTENDS VALUES ('Josh Jackson', '2017-10-04 02:00:00', 'Portland', 14, 3, 0, 1, 1);
INSERT INTO ATTENDS VALUES ('Josh Jackson', '2017-10-07 01:00:00', 'Utah', 11, 8, 1, 1, 1);
INSERT INTO ATTENDS VALUES ('Josh Jackson', '2017-10-10 02:00:00', 'Phoenix', 14, 4, 2, 1, 1);
INSERT INTO ATTENDS VALUES ('Josh Jackson', '2017-10-12 02:00:00', 'Phoenix', 22, 7, 2, 1, 2);
INSERT INTO ATTENDS VALUES ('Josh Jackson', '2017-10-19 02:00:00', 'Phoenix', 11, 2, 0, 0, 0);
INSERT INTO ATTENDS VALUES ('Josh Jackson', '2017-10-21 02:00:00', 'Phoenix', 12, 0, 0, 0, 1);
INSERT INTO ATTENDS VALUES ('Josh Jackson', '2017-10-22 02:30:00', 'LA', 12, 1, 1, 0, 4);
INSERT INTO ATTENDS VALUES ('Josh Jackson', '2017-10-24 02:00:00', 'Phoenix', 15, 5, 1, 0, 2);
INSERT INTO ATTENDS VALUES ('Josh Jackson', '2017-10-26 02:00:00', 'Phoenix', 4, 6, 1, 0, 1);
INSERT INTO ATTENDS VALUES ('Josh Jackson', '2017-10-29 02:00:00', 'Portland', 10, 6, 0, 0, 3);
INSERT INTO ATTENDS VALUES ('Josh Jackson', '2017-10-31 23:30:00', 'Brooklyn', 8, 6, 1, 0, 0);
INSERT INTO PLAYERHAS VALUES ('Lonzo Ball', 'USA', 20, 2, 'Los Angeles Lakers');
INSERT INTO CAREER VALUES ('Lonzo Ball', 0, 0, '2017/1/2');
INSERT INTO ATTENDS VALUES ('Lonzo Ball', '2017-10-01 02:00:00', 'Los Angeles', 5, 7, 8, 0, 2);
INSERT INTO ATTENDS VALUES ('Lonzo Ball', '2017-10-03 02:30:00', 'Los Angeles', 8, 3, 4, 1, 1);
INSERT INTO ATTENDS VALUES ('Lonzo Ball', '2017-10-05 02:00:00', 'Los Angeles', 0, 0, 0, 0, 0);
INSERT INTO ATTENDS VALUES ('Lonzo Ball', '2017-10-09 01:00:00', 'Los Angeles', 0, 0, 0, 0, 0);
INSERT INTO ATTENDS VALUES ('Lonzo Ball', '2017-10-11 02:30:00', 'Los Angeles', 0, 0, 0, 0, 0);
INSERT INTO ATTENDS VALUES ('Lonzo Ball', '2017-10-14 02:30:00', 'LA', 0, 0, 0, 0, 0);
INSERT INTO ATTENDS VALUES ('Lonzo Ball', '2017-10-20 02:30:00', 'Los Angeles', 3, 9, 4, 1, 1);
INSERT INTO ATTENDS VALUES ('Lonzo Ball', '2017-10-21 02:00:00', 'Phoenix', 29, 11, 9, 0, 1);
INSERT INTO ATTENDS VALUES ('Lonzo Ball', '2017-10-23 01:30:00', 'Los Angeles', 8, 8, 13, 0, 1);
INSERT INTO ATTENDS VALUES ('Lonzo Ball', '2017-10-26 02:30:00', 'Los Angeles', 6, 8, 10, 1, 1);
INSERT INTO ATTENDS VALUES ('Lonzo Ball', '2017-10-28 02:30:00', 'Los Angeles', 5, 7, 6, 0, 2);
INSERT INTO ATTENDS VALUES ('Lonzo Ball', '2017-10-29 01:00:00', 'Utah', 9, 2, 4, 0, 2);
INSERT INTO ATTENDS VALUES ('Lonzo Ball', '2017-11-01 02:30:00', 'Los Angeles', 13, 6, 3, 2, 0);
INSERT INTO PLAYERHAS VALUES ('Markelle Fultz', 'USA', 20, 20, 'Philadelphia 76ers');
INSERT INTO CAREER VALUES ('Markelle Fultz', 0, 0, '2017/1/1');
INSERT INTO ATTENDS VALUES ('Markelle Fultz', '2017-10-04 23:00:00', 'Philadelphia', 4, 2, 3, 0, 0);
INSERT INTO ATTENDS VALUES ('Markelle Fultz', '2017-10-06 23:00:00', 'Philadelphia', 0, 0, 0, 0, 0);
INSERT INTO ATTENDS VALUES ('Markelle Fultz', '2017-10-09 23:30:00', 'Boston', 12, 2, 2, 0, 1);
INSERT INTO ATTENDS VALUES ('Markelle Fultz', '2017-10-11 23:30:00', 'Brooklyn', 0, 0, 0, 0, 0);
INSERT INTO ATTENDS VALUES ('Markelle Fultz', '2017-10-14 00:30:00', 'Philadelphia', 0, 0, 0, 0, 0);
INSERT INTO ATTENDS VALUES ('Markelle Fultz', '2017-10-18 23:00:00', 'Washington', 10, 3, 1, 1, 0);
INSERT INTO ATTENDS VALUES ('Markelle Fultz', '2017-10-20 23:00:00', 'Philadelphia', 6, 3, 1, 0, 1);
INSERT INTO ATTENDS VALUES ('Markelle Fultz', '2017-10-21 23:30:00', 'Toronto', 6, 1, 2, 0, 0);
INSERT INTO ATTENDS VALUES ('Markelle Fultz', '2017-10-23 23:00:00', 'Detroit', 2, 2, 3, 0, 1);
INSERT INTO PLAYERHAS VALUES ('Tyson Chandler', 'USA', 35, 4, 'Phoenix Suns');
INSERT INTO CAREER VALUES ('Tyson Chandler', 0, 1, '2001/1/2');
INSERT INTO ATTENDS VALUES ('Tyson Chandler', '2017-10-04 02:00:00', 'Portland', 0, 2, 1, 0, 0);
INSERT INTO ATTENDS VALUES ('Tyson Chandler', '2017-10-07 01:00:00', 'Utah', 0, 0, 0, 0, 0);
INSERT INTO ATTENDS VALUES ('Tyson Chandler', '2017-10-10 02:00:00', 'Phoenix', 2, 5, 0, 0, 0);
INSERT INTO ATTENDS VALUES ('Tyson Chandler', '2017-10-12 02:00:00', 'Phoenix', 3, 6, 0, 0, 0);
INSERT INTO ATTENDS VALUES ('Tyson Chandler', '2017-10-19 02:00:00', 'Phoenix', 4, 3, 0, 1, 1);
INSERT INTO ATTENDS VALUES ('Tyson Chandler', '2017-10-21 02:00:00', 'Phoenix', 13, 9, 0, 1, 0);
INSERT INTO ATTENDS VALUES ('Tyson Chandler', '2017-10-22 02:30:00', 'LA', 6, 14, 0, 0, 0);
INSERT INTO ATTENDS VALUES ('Tyson Chandler', '2017-10-24 02:00:00', 'Phoenix', 9, 14, 0, 0, 1);
INSERT INTO ATTENDS VALUES ('Tyson Chandler', '2017-10-26 02:00:00', 'Phoenix', 6, 10, 2, 1, 1);
INSERT INTO ATTENDS VALUES ('Tyson Chandler', '2017-10-29 02:00:00', 'Portland', 7, 5, 2, 2, 0);
INSERT INTO ATTENDS VALUES ('Tyson Chandler', '2017-10-31 23:30:00', 'Brooklyn', 2, 13, 1, 1, 0);
INSERT INTO PLAYERHAS VALUES ('Jayson Tatum', 'USA', 20, 0, 'Boston Celtics');
INSERT INTO CAREER VALUES ('Jayson Tatum', 0, 0, '2017/1/3');
INSERT INTO ATTENDS VALUES ('Jayson Tatum', '2017-10-02 23:30:00', 'Boston', 9, 5, 5, 2, 2);
INSERT INTO ATTENDS VALUES ('Jayson Tatum', '2017-10-06 23:00:00', 'Philadelphia', 9, 5, 1, 0, 0);
INSERT INTO ATTENDS VALUES ('Jayson Tatum', '2017-10-09 23:30:00', 'Boston', 7, 2, 1, 0, 1);
INSERT INTO ATTENDS VALUES ('Jayson Tatum', '2017-10-11 23:00:00', 'Charlotte', 8, 5, 1, 0, 1);
INSERT INTO ATTENDS VALUES ('Jayson Tatum', '2017-10-18 00:00:00', 'Cleveland', 14, 10, 3, 0, 0);
INSERT INTO ATTENDS VALUES ('Jayson Tatum', '2017-10-18 23:30:00', 'Boston', 8, 9, 2, 0, 1);
INSERT INTO ATTENDS VALUES ('Jayson Tatum', '2017-10-20 23:00:00', 'Philadelphia', 15, 8, 0, 3, 0);
INSERT INTO ATTENDS VALUES ('Jayson Tatum', '2017-10-24 23:30:00', 'Boston', 22, 4, 2, 2, 4);
INSERT INTO ATTENDS VALUES ('Jayson Tatum', '2017-10-27 00:00:00', 'Milwaukee', 12, 2, 3, 0, 1);
INSERT INTO ATTENDS VALUES ('Jayson Tatum', '2017-10-29 00:00:00', 'Miami', 20, 5, 0, 0, 0);
INSERT INTO ATTENDS VALUES ('Jayson Tatum', '2017-10-30 23:30:00', 'Boston', 7, 11, 2, 3, 0);
INSERT INTO PLAYERHAS VALUES ('De''Aaron Fox', 'USA', 20, 5, 'Sacramento Kings');
INSERT INTO CAREER VALUES ('De''Aaron Fox', 0, 0, '2017/1/5');
INSERT INTO ATTENDS VALUES ('De''Aaron Fox', '2017-10-03 02:00:00', 'Sacramento', 17, 1, 3, 1, 3);
INSERT INTO ATTENDS VALUES ('De''Aaron Fox', '2017-10-07 00:30:00', 'San Antonio', 12, 2, 6, 0, 2);
INSERT INTO ATTENDS VALUES ('De''Aaron Fox', '2017-10-09 01:00:00', 'Los Angeles', 3, 0, 2, 0, 1);
INSERT INTO ATTENDS VALUES ('De''Aaron Fox', '2017-10-10 02:00:00', 'Sacramento', 0, 0, 0, 0, 0);
INSERT INTO ATTENDS VALUES ('De''Aaron Fox', '2017-10-13 02:30:00', 'LA', 0, 0, 0, 0, 0);
INSERT INTO ATTENDS VALUES ('De''Aaron Fox', '2017-10-14 02:30:00', 'Golden State', 0, 0, 0, 0, 0);
INSERT INTO ATTENDS VALUES ('De''Aaron Fox', '2017-10-19 02:00:00', 'Sacramento', 14, 4, 5, 0, 0);
INSERT INTO ATTENDS VALUES ('De''Aaron Fox', '2017-10-21 00:30:00', 'Dallas', 9, 6, 10, 0, 1);
INSERT INTO ATTENDS VALUES ('De''Aaron Fox', '2017-10-22 01:00:00', 'Denver', 18, 5, 1, 0, 0);
INSERT INTO ATTENDS VALUES ('De''Aaron Fox', '2017-10-24 02:00:00', 'Phoenix', 19, 5, 4, 0, 3);
INSERT INTO ATTENDS VALUES ('De''Aaron Fox', '2017-10-27 02:30:00', 'Sacramento', 14, 2, 5, 0, 0);
INSERT INTO ATTENDS VALUES ('De''Aaron Fox', '2017-10-29 22:00:00', 'Sacramento', 2, 4, 5, 0, 0);
INSERT INTO ATTENDS VALUES ('De''Aaron Fox', '2017-10-31 23:00:00', 'Indiana', 18, 4, 5, 0, 1);
INSERT INTO PLAYERHAS VALUES ('Pau Gasol', 'Spain', 37, 16, 'San Antonio Spurs');
INSERT INTO CAREER VALUES ('Pau Gasol', 0, 6, '2001/1/3');
INSERT INTO ATTENDS VALUES ('Pau Gasol', '2017-10-03 02:00:00', 'Sacramento', 0, 2, 3, 0, 1);
INSERT INTO ATTENDS VALUES ('Pau Gasol', '2017-10-07 00:30:00', 'San Antonio', 7, 7, 6, 0, 0);
INSERT INTO ATTENDS VALUES ('Pau Gasol', '2017-10-08 20:00:00', 'San Antonio', 0, 0, 0, 0, 0);
INSERT INTO ATTENDS VALUES ('Pau Gasol', '2017-10-11 00:30:00', 'San Antonio', 6, 7, 3, 1, 1);
INSERT INTO ATTENDS VALUES ('Pau Gasol', '2017-10-14 00:00:00', 'Houston', 5, 4, 3, 1, 1);
INSERT INTO ATTENDS VALUES ('Pau Gasol', '2017-10-19 01:30:00', 'San Antonio', 7, 7, 4, 3, 0);
INSERT INTO ATTENDS VALUES ('Pau Gasol', '2017-10-22 00:00:00', 'Chicago', 10, 7, 4, 0, 0);
INSERT INTO ATTENDS VALUES ('Pau Gasol', '2017-10-24 00:30:00', 'San Antonio', 1, 7, 4, 3, 0);
INSERT INTO ATTENDS VALUES ('Pau Gasol', '2017-10-26 00:00:00', 'Miami', 13, 9, 0, 1, 1);
INSERT INTO ATTENDS VALUES ('Pau Gasol', '2017-10-27 23:00:00', 'Orlando', 12, 11, 1, 0, 0);
INSERT INTO ATTENDS VALUES ('Pau Gasol', '2017-10-29 20:30:00', 'Indiana', 17, 7, 5, 5, 0);
INSERT INTO ATTENDS VALUES ('Pau Gasol', '2017-10-30 23:30:00', 'Boston', 11, 8, 4, 0, 1);
INSERT INTO PLAYERHAS VALUES ('Mario Chalmers', 'USA', 32, 6, 'Memphis Grizzlies');
INSERT INTO CAREER VALUES ('Mario Chalmers', 0, 0, '2008/2/34');
INSERT INTO ATTENDS VALUES ('Mario Chalmers', '2017-10-03 00:00:00', 'Memphis', 19, 1, 2, 1, 0);
INSERT INTO ATTENDS VALUES ('Mario Chalmers', '2017-10-04 23:00:00', 'Philadelphia', 8, 2, 4, 0, 0);
INSERT INTO ATTENDS VALUES ('Mario Chalmers', '2017-10-09 23:30:00', 'Atlanta', 3, 3, 2, 0, 1);
INSERT INTO ATTENDS VALUES ('Mario Chalmers', '2017-10-12 01:30:00', 'Memphis', 12, 3, 1, 1, 1);
INSERT INTO ATTENDS VALUES ('Mario Chalmers', '2017-10-14 00:00:00', 'Memphis', 6, 0, 5, 0, 1);
INSERT INTO ATTENDS VALUES ('Mario Chalmers', '2017-10-19 00:00:00', 'Memphis', 5, 2, 4, 0, 0);
INSERT INTO ATTENDS VALUES ('Mario Chalmers', '2017-10-22 00:00:00', 'Memphis', 10, 1, 3, 1, 1);
INSERT INTO ATTENDS VALUES ('Mario Chalmers', '2017-10-24 00:00:00', 'Houston', 11, 1, 4, 0, 2);
INSERT INTO ATTENDS VALUES ('Mario Chalmers', '2017-10-26 00:30:00', 'Dallas', 8, 4, 0, 0, 0);
INSERT INTO ATTENDS VALUES ('Mario Chalmers', '2017-10-27 00:00:00', 'Memphis', 0, 2, 6, 0, 1);
INSERT INTO ATTENDS VALUES ('Mario Chalmers', '2017-10-29 00:00:00', 'Memphis', 15, 2, 4, 0, 2);
INSERT INTO ATTENDS VALUES ('Mario Chalmers', '2017-10-31 00:00:00', 'Memphis', 4, 1, 1, 0, 1);
INSERT INTO PLAYERHAS VALUES ('Joe Johnson', 'USA', 36, 7, 'Houston Rockets');
INSERT INTO CAREER VALUES ('Joe Johnson', 0, 7, '2001/1/10');
INSERT INTO ATTENDS VALUES ('Joe Johnson', '2017-10-07 01:00:00', 'Utah', 11, 3, 3, 0, 0);
INSERT INTO ATTENDS VALUES ('Joe Johnson', '2017-10-10 02:00:00', 'Phoenix', 4, 3, 0, 0, 0);
INSERT INTO ATTENDS VALUES ('Joe Johnson', '2017-10-11 02:30:00', 'Los Angeles', 10, 6, 2, 1, 2);
INSERT INTO ATTENDS VALUES ('Joe Johnson', '2017-10-19 01:00:00', 'Utah', 13, 4, 1, 0, 1);
INSERT INTO ATTENDS VALUES ('Joe Johnson', '2017-10-21 00:00:00', 'Minnesota', 4, 1, 1, 0, 1);
INSERT INTO ATTENDS VALUES ('Joe Johnson', '2017-10-22 01:00:00', 'Utah', 12, 1, 2, 1, 0);
INSERT INTO ATTENDS VALUES ('Joe Johnson', '2017-10-25 02:30:00', 'LA', 10, 2, 2, 0, 1);
INSERT INTO ATTENDS VALUES ('Joe Johnson', '2017-10-26 02:00:00', 'Phoenix', 3, 6, 1, 1, 0);
INSERT INTO ATTENDS VALUES ('Joe Johnson', '2017-10-29 01:00:00', 'Utah', 1, 3, 4, 0, 1);
INSERT INTO ATTENDS VALUES ('Joe Johnson', '2017-10-31 01:00:00', 'Utah', 2, 2, 0, 0, 0);
INSERT INTO PLAYERHAS VALUES ('David West', 'USA', 37, 3, 'Golden State Warriors');
INSERT INTO CAREER VALUES ('David West', 0, 2, '2003/1/18');
INSERT INTO ATTENDS VALUES ('David West', '2017-10-01 00:30:00', 'Golden State', 6, 2, 1, 0, 0);
INSERT INTO ATTENDS VALUES ('David West', '2017-10-05 06:00:00', 'Golden State', 3, 3, 0, 0, 0);
INSERT INTO ATTENDS VALUES ('David West', '2017-10-08 11:00:00', 'Minnesota', 5, 5, 6, 1, 0);
INSERT INTO ATTENDS VALUES ('David West', '2017-10-14 02:30:00', 'Golden State', 8, 7, 3, 1, 0);
INSERT INTO ATTENDS VALUES ('David West', '2017-10-18 02:30:00', 'Golden State', 4, 1, 0, 1, 0);
INSERT INTO ATTENDS VALUES ('David West', '2017-10-21 01:30:00', 'New Orleans', 11, 1, 2, 0, 0);
INSERT INTO ATTENDS VALUES ('David West', '2017-10-22 00:00:00', 'Memphis', 4, 6, 3, 0, 2);
INSERT INTO ATTENDS VALUES ('David West', '2017-10-24 00:30:00', 'Dallas', 4, 3, 0, 3, 0);
INSERT INTO ATTENDS VALUES ('David West', '2017-10-26 02:30:00', 'Golden State', 8, 2, 1, 2, 1);
INSERT INTO ATTENDS VALUES ('David West', '2017-10-28 02:30:00', 'Golden State', 16, 4, 1, 1, 1);
INSERT INTO ATTENDS VALUES ('David West', '2017-10-30 00:30:00', 'Golden State', 4, 4, 1, 2, 0);
INSERT INTO ATTENDS VALUES ('David West', '2017-10-31 02:30:00', 'LA', 7, 3, 1, 3, 1);
INSERT INTO PLAYERHAS VALUES ('Michael Beasley', 'USA', 29, 8, 'New York Knicks');
INSERT INTO CAREER VALUES ('Michael Beasley', 0, 0, '2008/1/2');
INSERT INTO ATTENDS VALUES ('Michael Beasley', '2017-10-03 23:30:00', 'New York', 8, 10, 3, 0, 0);
INSERT INTO ATTENDS VALUES ('Michael Beasley', '2017-10-06 23:00:00', 'Washington', 7, 8, 4, 2, 2);
INSERT INTO ATTENDS VALUES ('Michael Beasley', '2017-10-08 23:30:00', 'Brooklyn', 0, 0, 0, 0, 0);
INSERT INTO ATTENDS VALUES ('Michael Beasley', '2017-10-09 23:30:00', 'New York', 17, 4, 2, 0, 3);
INSERT INTO ATTENDS VALUES ('Michael Beasley', '2017-10-13 23:30:00', 'New York', 10, 3, 0, 0, 1);
INSERT INTO ATTENDS VALUES ('Michael Beasley', '2017-10-20 00:00:00', 'Oklahoma City', 2, 0, 0, 0, 0);
INSERT INTO ATTENDS VALUES ('Michael Beasley', '2017-10-22 00:00:00', 'New York', 6, 4, 1, 0, 1);
INSERT INTO ATTENDS VALUES ('Michael Beasley', '2017-10-24 23:30:00', 'Boston', 6, 3, 2, 0, 0);
INSERT INTO ATTENDS VALUES ('Michael Beasley', '2017-10-27 23:30:00', 'New York', 4, 2, 1, 0, 0);
INSERT INTO ATTENDS VALUES ('Michael Beasley', '2017-10-29 23:00:00', 'Cleveland', 0, 0, 0, 0, 0);
INSERT INTO ATTENDS VALUES ('Michael Beasley', '2017-10-30 23:30:00', 'New York', 4, 2, 0, 0, 0);
INSERT INTO PLAYERHAS VALUES ('Derrick Rose', 'USA', 29, 25, 'Cleveland Cavaliers');
INSERT INTO CAREER VALUES ('Derrick Rose', 1, 3, '2008/1/1');
INSERT INTO ATTENDS VALUES ('Derrick Rose', '2017-10-04 23:00:00', 'Cleveland', 7, 0, 3, 0, 0);
INSERT INTO ATTENDS VALUES ('Derrick Rose', '2017-10-06 23:30:00', 'Cleveland', 15, 3, 3, 0, 1);
INSERT INTO ATTENDS VALUES ('Derrick Rose', '2017-10-11 00:00:00', 'Cleveland', 13, 5, 5, 0, 1);
INSERT INTO ATTENDS VALUES ('Derrick Rose', '2017-10-13 23:00:00', 'Orlando', 9, 1, 3, 0, 0);
INSERT INTO ATTENDS VALUES ('Derrick Rose', '2017-10-18 00:00:00', 'Cleveland', 14, 4, 2, 0, 0);
INSERT INTO ATTENDS VALUES ('Derrick Rose', '2017-10-20 23:00:00', 'Milwaukee', 12, 2, 1, 0, 2);
INSERT INTO ATTENDS VALUES ('Derrick Rose', '2017-10-29 23:00:00', 'Cleveland', 15, 3, 3, 0, 0);
INSERT INTO PLAYERHAS VALUES ('Russell Westbrook', 'USA', 29, 0, 'Oklahoma City Thunder');
INSERT INTO CAREER VALUES ('Russell Westbrook', 1, 7, '2008/1/4');
INSERT INTO ATTENDS VALUES ('Russell Westbrook', '2017-10-04 00:00:00', 'Oklahoma City', 0, 0, 0, 0, 0);
INSERT INTO ATTENDS VALUES ('Russell Westbrook', '2017-10-07 00:00:00', 'Oklahoma City', 9, 1, 4, 0, 0);
INSERT INTO ATTENDS VALUES ('Russell Westbrook', '2017-10-11 01:00:00', 'Denver', 20, 1, 7, 0, 1);
INSERT INTO ATTENDS VALUES ('Russell Westbrook', '2017-10-20 00:00:00', 'Oklahoma City', 21, 10, 16, 1, 0);
INSERT INTO ATTENDS VALUES ('Russell Westbrook', '2017-10-22 01:00:00', 'Utah', 6, 13, 9, 0, 2);
INSERT INTO ATTENDS VALUES ('Russell Westbrook', '2017-10-22 23:00:00', 'Oklahoma City', 31, 5, 10, 1, 0);
INSERT INTO ATTENDS VALUES ('Russell Westbrook', '2017-10-26 00:00:00', 'Oklahoma City', 28, 10, 16, 0, 3);
INSERT INTO ATTENDS VALUES ('Russell Westbrook', '2017-10-28 00:00:00', 'Minnesota', 27, 8, 9, 0, 2);
INSERT INTO ATTENDS VALUES ('Russell Westbrook', '2017-10-29 00:00:00', 'Chicago', 12, 13, 13, 0, 2);
INSERT INTO ATTENDS VALUES ('Russell Westbrook', '2017-11-01 00:00:00', 'Milwaukee', 12, 10, 10, 0, 0);
INSERT INTO PLAYERHAS VALUES ('Kevin Love', 'USA', 29, 0, 'Cleveland Cavaliers');
INSERT INTO CAREER VALUES ('Kevin Love', 0, 5, '2008/1/5');
INSERT INTO ATTENDS VALUES ('Kevin Love', '2017-10-04 23:00:00', 'Cleveland', 12, 5, 3, 0, 1);
INSERT INTO ATTENDS VALUES ('Kevin Love', '2017-10-06 23:30:00', 'Cleveland', 9, 7, 5, 0, 2);
INSERT INTO ATTENDS VALUES ('Kevin Love', '2017-10-11 00:00:00', 'Cleveland', 3, 8, 1, 0, 2);
INSERT INTO ATTENDS VALUES ('Kevin Love', '2017-10-13 23:00:00', 'Orlando', 0, 0, 0, 0, 0);
INSERT INTO ATTENDS VALUES ('Kevin Love', '2017-10-18 00:00:00', 'Cleveland', 15, 11, 0, 0, 0);
INSERT INTO ATTENDS VALUES ('Kevin Love', '2017-10-20 23:00:00', 'Milwaukee', 17, 12, 6, 2, 0);
INSERT INTO ATTENDS VALUES ('Kevin Love', '2017-10-22 00:00:00', 'Cleveland', 19, 9, 1, 1, 1);
INSERT INTO ATTENDS VALUES ('Kevin Love', '2017-10-24 23:00:00', 'Cleveland', 20, 12, 2, 0, 0);
INSERT INTO ATTENDS VALUES ('Kevin Love', '2017-10-25 23:30:00', 'Brooklyn', 15, 12, 0, 0, 0);
INSERT INTO ATTENDS VALUES ('Kevin Love', '2017-10-28 23:00:00', 'New Orleans', 26, 11, 1, 0, 1);
INSERT INTO ATTENDS VALUES ('Kevin Love', '2017-10-29 23:00:00', 'Cleveland', 22, 11, 1, 0, 1);
INSERT INTO PLAYERHAS VALUES ('Danilo Gallinari', 'Italy', 29, 8, 'LA Clippers');
INSERT INTO CAREER VALUES ('Danilo Gallinari', 0, 0, '2008/1/6');
INSERT INTO ATTENDS VALUES ('Danilo Gallinari', '2017-10-02 02:00:00', 'Toronto', 17, 3, 1, 0, 0);
INSERT INTO ATTENDS VALUES ('Danilo Gallinari', '2017-10-04 05:00:00', 'LA', 11, 3, 1, 0, 0);
INSERT INTO ATTENDS VALUES ('Danilo Gallinari', '2017-10-08 19:30:00', 'LA', 0, 0, 0, 0, 0);
INSERT INTO ATTENDS VALUES ('Danilo Gallinari', '2017-10-13 02:30:00', 'LA', 0, 0, 0, 0, 0);
INSERT INTO ATTENDS VALUES ('Danilo Gallinari', '2017-10-14 02:30:00', 'LA', 0, 0, 0, 0, 0);
INSERT INTO ATTENDS VALUES ('Danilo Gallinari', '2017-10-20 02:30:00', 'Los Angeles', 11, 5, 3, 1, 2);
INSERT INTO ATTENDS VALUES ('Danilo Gallinari', '2017-10-22 02:30:00', 'LA', 12, 8, 1, 0, 0);
INSERT INTO ATTENDS VALUES ('Danilo Gallinari', '2017-10-25 02:30:00', 'LA', 14, 6, 3, 0, 3);
INSERT INTO ATTENDS VALUES ('Danilo Gallinari', '2017-10-27 02:00:00', 'Portland', 16, 3, 2, 0, 0);
INSERT INTO ATTENDS VALUES ('Danilo Gallinari', '2017-10-29 02:30:00', 'LA', 13, 6, 2, 0, 0);
INSERT INTO ATTENDS VALUES ('Danilo Gallinari', '2017-10-31 02:30:00', 'LA', 19, 2, 4, 0, 0);
INSERT INTO PLAYERHAS VALUES ('Eric Gordon', 'USA', 29, 10, 'Houston Rockets');
INSERT INTO CAREER VALUES ('Eric Gordon', 0, 0, '2008/1/7');
INSERT INTO ATTENDS VALUES ('Eric Gordon', '2017-10-04 00:00:00', 'Oklahoma City', 21, 1, 0, 0, 1);
INSERT INTO ATTENDS VALUES ('Eric Gordon', '2017-10-09 23:30:00', 'New York', 18, 1, 1, 0, 1);
INSERT INTO ATTENDS VALUES ('Eric Gordon', '2017-10-12 01:30:00', 'Memphis', 12, 2, 2, 0, 1);
INSERT INTO ATTENDS VALUES ('Eric Gordon', '2017-10-14 00:00:00', 'Houston', 27, 1, 2, 0, 0);
INSERT INTO ATTENDS VALUES ('Eric Gordon', '2017-10-18 02:30:00', 'Golden State', 24, 1, 1, 2, 1);
INSERT INTO ATTENDS VALUES ('Eric Gordon', '2017-10-19 02:00:00', 'Sacramento', 25, 4, 3, 0, 0);
INSERT INTO ATTENDS VALUES ('Eric Gordon', '2017-10-22 00:00:00', 'Houston', 18, 1, 2, 0, 0);
INSERT INTO ATTENDS VALUES ('Eric Gordon', '2017-10-24 00:00:00', 'Houston', 27, 4, 7, 0, 0);
INSERT INTO ATTENDS VALUES ('Eric Gordon', '2017-10-25 23:00:00', 'Philadelphia', 29, 4, 5, 0, 0);
INSERT INTO ATTENDS VALUES ('Eric Gordon', '2017-10-27 23:00:00', 'Charlotte', 26, 2, 2, 0, 0);
INSERT INTO ATTENDS VALUES ('Eric Gordon', '2017-10-31 00:00:00', 'Houston', 25, 0, 2, 0, 1);
INSERT INTO PLAYERHAS VALUES ('Ian Mahinmi', 'France', 31, 28, 'Washington Wizards');
INSERT INTO CAREER VALUES ('Ian Mahinmi', 0, 0, '2005/1/28');
INSERT INTO ATTENDS VALUES ('Ian Mahinmi', '2017-10-06 23:00:00', 'Washington', 6, 4, 1, 0, 0);
INSERT INTO ATTENDS VALUES ('Ian Mahinmi', '2017-10-08 19:00:00', 'Washington', 1, 4, 0, 0, 0);
INSERT INTO ATTENDS VALUES ('Ian Mahinmi', '2017-10-11 23:30:00', 'Miami', 8, 7, 0, 0, 0);
INSERT INTO ATTENDS VALUES ('Ian Mahinmi', '2017-10-13 23:30:00', 'New York', 2, 3, 2, 1, 2);
INSERT INTO ATTENDS VALUES ('Ian Mahinmi', '2017-10-18 23:00:00', 'Washington', 6, 4, 1, 1, 0);
INSERT INTO ATTENDS VALUES ('Ian Mahinmi', '2017-10-20 23:00:00', 'Washington', 5, 3, 2, 0, 1);
INSERT INTO ATTENDS VALUES ('Ian Mahinmi', '2017-10-24 01:00:00', 'Denver', 4, 8, 0, 0, 1);
INSERT INTO ATTENDS VALUES ('Ian Mahinmi', '2017-10-26 02:30:00', 'Los Angeles', 2, 2, 0, 1, 0);
INSERT INTO ATTENDS VALUES ('Ian Mahinmi', '2017-10-28 02:30:00', 'Golden State', 2, 3, 0, 0, 0);
INSERT INTO ATTENDS VALUES ('Ian Mahinmi', '2017-10-29 22:00:00', 'Sacramento', 5, 3, 1, 0, 2);
INSERT INTO PLAYERHAS VALUES ('Zaza Pachulia', 'Georgia', 34, 27, 'Golden State Warriors');
INSERT INTO CAREER VALUES ('Zaza Pachulia', 0, 0, '2003/2/42');
INSERT INTO ATTENDS VALUES ('Zaza Pachulia', '2017-10-01 00:30:00', 'Golden State', 6, 6, 1, 0, 2);
INSERT INTO ATTENDS VALUES ('Zaza Pachulia', '2017-10-05 06:00:00', 'Golden State', 10, 6, 4, 1, 0);
INSERT INTO ATTENDS VALUES ('Zaza Pachulia', '2017-10-08 11:00:00', 'Minnesota', 4, 3, 1, 1, 0);
INSERT INTO ATTENDS VALUES ('Zaza Pachulia', '2017-10-14 02:30:00', 'Golden State', 5, 2, 3, 0, 0);
INSERT INTO ATTENDS VALUES ('Zaza Pachulia', '2017-10-18 02:30:00', 'Golden State', 6, 3, 0, 1, 0);
INSERT INTO ATTENDS VALUES ('Zaza Pachulia', '2017-10-21 01:30:00', 'New Orleans', 8, 9, 0, 0, 2);
INSERT INTO ATTENDS VALUES ('Zaza Pachulia', '2017-10-22 00:00:00', 'Memphis', 0, 6, 0, 0, 2);
INSERT INTO ATTENDS VALUES ('Zaza Pachulia', '2017-10-24 00:30:00', 'Dallas', 2, 7, 0, 0, 0);
INSERT INTO ATTENDS VALUES ('Zaza Pachulia', '2017-10-26 02:30:00', 'Golden State', 3, 4, 2, 0, 0);
INSERT INTO ATTENDS VALUES ('Zaza Pachulia', '2017-10-28 02:30:00', 'Golden State', 4, 9, 1, 0, 0);
INSERT INTO ATTENDS VALUES ('Zaza Pachulia', '2017-10-30 00:30:00', 'Golden State', 2, 2, 4, 1, 0);
INSERT INTO ATTENDS VALUES ('Zaza Pachulia', '2017-10-31 02:30:00', 'LA', 6, 2, 0, 0, 0);
INSERT INTO PLAYERHAS VALUES ('Dante Cunningham', 'USA', 31, 44, 'Brooklyn Nets');
INSERT INTO CAREER VALUES ('Dante Cunningham', 0, 0, '2009/2/33');
INSERT INTO ATTENDS VALUES ('Dante Cunningham', '2017-10-04 00:00:00', 'New Orleans', 5, 1, 0, 0, 0);
INSERT INTO ATTENDS VALUES ('Dante Cunningham', '2017-10-07 00:00:00', 'Oklahoma City', 0, 1, 0, 0, 1);
INSERT INTO ATTENDS VALUES ('Dante Cunningham', '2017-10-08 23:00:00', 'Chicago', 2, 1, 2, 0, 1);
INSERT INTO ATTENDS VALUES ('Dante Cunningham', '2017-10-14 00:00:00', 'Memphis', 7, 6, 0, 0, 0);
INSERT INTO ATTENDS VALUES ('Dante Cunningham', '2017-10-19 00:00:00', 'Memphis', 7, 9, 0, 1, 1);
INSERT INTO ATTENDS VALUES ('Dante Cunningham', '2017-10-21 01:30:00', 'New Orleans', 6, 6, 0, 1, 0);
INSERT INTO ATTENDS VALUES ('Dante Cunningham', '2017-10-23 01:30:00', 'Los Angeles', 6, 4, 1, 0, 1);
INSERT INTO ATTENDS VALUES ('Dante Cunningham', '2017-10-25 02:00:00', 'Portland', 0, 5, 0, 0, 1);
INSERT INTO ATTENDS VALUES ('Dante Cunningham', '2017-10-27 02:30:00', 'Sacramento', 6, 4, 1, 0, 1);
INSERT INTO ATTENDS VALUES ('Dante Cunningham', '2017-10-28 23:00:00', 'New Orleans', 2, 4, 2, 1, 2);
INSERT INTO ATTENDS VALUES ('Dante Cunningham', '2017-10-31 00:00:00', 'New Orleans', 8, 5, 1, 1, 0);
INSERT INTO PLAYERHAS VALUES ('DeMarre Carroll', 'USA', 31, 9, 'Brooklyn Nets');
INSERT INTO CAREER VALUES ('DeMarre Carroll', 0, 0, '2009/1/27');
INSERT INTO ATTENDS VALUES ('DeMarre Carroll', '2017-10-03 23:30:00', 'New York', 10, 8, 2, 1, 1);
INSERT INTO ATTENDS VALUES ('DeMarre Carroll', '2017-10-05 23:30:00', 'Brooklyn', 9, 5, 1, 0, 1);
INSERT INTO ATTENDS VALUES ('DeMarre Carroll', '2017-10-08 23:30:00', 'Brooklyn', 12, 2, 3, 1, 2);
INSERT INTO ATTENDS VALUES ('DeMarre Carroll', '2017-10-11 23:30:00', 'Brooklyn', 9, 2, 2, 0, 0);
INSERT INTO ATTENDS VALUES ('DeMarre Carroll', '2017-10-18 23:00:00', 'Indiana', 10, 9, 2, 0, 1);
INSERT INTO ATTENDS VALUES ('DeMarre Carroll', '2017-10-20 23:30:00', 'Brooklyn', 17, 8, 2, 0, 2);
INSERT INTO ATTENDS VALUES ('DeMarre Carroll', '2017-10-22 19:30:00', 'Brooklyn', 17, 3, 2, 2, 2);
INSERT INTO ATTENDS VALUES ('DeMarre Carroll', '2017-10-24 23:00:00', 'Orlando', 17, 6, 2, 1, 1);
INSERT INTO ATTENDS VALUES ('DeMarre Carroll', '2017-10-25 23:30:00', 'Brooklyn', 18, 7, 1, 0, 4);
INSERT INTO ATTENDS VALUES ('DeMarre Carroll', '2017-10-27 23:30:00', 'New York', 6, 5, 0, 0, 0);
INSERT INTO ATTENDS VALUES ('DeMarre Carroll', '2017-10-31 23:30:00', 'Brooklyn', 13, 5, 1, 1, 4);
INSERT INTO PLAYERHAS VALUES ('Wayne Ellington', 'USA', 30, 2, 'Miami Heat');
INSERT INTO CAREER VALUES ('Wayne Ellington', 0, 0, '2009/1/28');
INSERT INTO ATTENDS VALUES ('Wayne Ellington', '2017-10-01 22:00:00', 'Miami', 8, 0, 1, 0, 0);
INSERT INTO ATTENDS VALUES ('Wayne Ellington', '2017-10-05 23:30:00', 'Brooklyn', 3, 2, 0, 0, 0);
INSERT INTO ATTENDS VALUES ('Wayne Ellington', '2017-10-07 23:00:00', 'Orlando', 6, 1, 0, 0, 0);
INSERT INTO ATTENDS VALUES ('Wayne Ellington', '2017-10-09 23:30:00', 'Miami', 2, 0, 0, 0, 0);
INSERT INTO ATTENDS VALUES ('Wayne Ellington', '2017-10-11 23:30:00', 'Miami', 9, 1, 1, 0, 0);
INSERT INTO ATTENDS VALUES ('Wayne Ellington', '2017-10-14 00:30:00', 'Philadelphia', 8, 0, 1, 0, 0);
INSERT INTO ATTENDS VALUES ('Wayne Ellington', '2017-10-18 23:00:00', 'Orlando', 3, 0, 0, 0, 1);
INSERT INTO ATTENDS VALUES ('Wayne Ellington', '2017-10-22 00:00:00', 'Miami', 8, 3, 1, 0, 1);
INSERT INTO ATTENDS VALUES ('Wayne Ellington', '2017-10-23 23:30:00', 'Miami', 20, 2, 2, 0, 1);
INSERT INTO ATTENDS VALUES ('Wayne Ellington', '2017-10-26 00:00:00', 'Miami', 0, 1, 1, 0, 0);
INSERT INTO ATTENDS VALUES ('Wayne Ellington', '2017-10-29 00:00:00', 'Miami', 3, 1, 0, 0, 0);
INSERT INTO ATTENDS VALUES ('Wayne Ellington', '2017-10-30 23:30:00', 'Miami', 0, 0, 0, 0, 0);
INSERT INTO PLAYERHAS VALUES ('Dwayne Bacon', 'USA', 22, 7, 'Charlotte Hornets');
INSERT INTO CAREER VALUES ('Dwayne Bacon', 0, 0, '2017/2/40');
INSERT INTO ATTENDS VALUES ('Dwayne Bacon', '2017-10-02 23:30:00', 'Boston', 2, 2, 0, 0, 0);
INSERT INTO ATTENDS VALUES ('Dwayne Bacon', '2017-10-04 23:00:00', 'Detroit', 7, 7, 0, 0, 0);
INSERT INTO ATTENDS VALUES ('Dwayne Bacon', '2017-10-09 23:30:00', 'Miami', 12, 8, 2, 0, 0);
INSERT INTO ATTENDS VALUES ('Dwayne Bacon', '2017-10-11 23:00:00', 'Charlotte', 12, 3, 2, 0, 1);
INSERT INTO ATTENDS VALUES ('Dwayne Bacon', '2017-10-13 22:00:00', 'Charlotte', 14, 5, 4, 0, 0);
INSERT INTO ATTENDS VALUES ('Dwayne Bacon', '2017-10-18 23:00:00', 'Detroit', 8, 2, 2, 0, 0);
INSERT INTO ATTENDS VALUES ('Dwayne Bacon', '2017-10-20 23:00:00', 'Charlotte', 6, 11, 0, 0, 1);
INSERT INTO ATTENDS VALUES ('Dwayne Bacon', '2017-10-24 00:00:00', 'Milwaukee', 5, 4, 2, 0, 0);
INSERT INTO ATTENDS VALUES ('Dwayne Bacon', '2017-10-25 23:00:00', 'Charlotte', 5, 4, 2, 1, 0);
INSERT INTO ATTENDS VALUES ('Dwayne Bacon', '2017-10-27 23:00:00', 'Charlotte', 1, 4, 1, 0, 0);
INSERT INTO ATTENDS VALUES ('Dwayne Bacon', '2017-10-29 22:00:00', 'Charlotte', 4, 8, 1, 0, 1);
INSERT INTO ATTENDS VALUES ('Dwayne Bacon', '2017-10-31 00:00:00', 'Memphis', 2, 4, 1, 0, 0);
INSERT INTO PLAYERHAS VALUES ('Josh Hart', 'USA', 23, 5, 'Los Angeles Lakers');
INSERT INTO CAREER VALUES ('Josh Hart', 0, 0, '2017/1/30');
INSERT INTO ATTENDS VALUES ('Josh Hart', '2017-10-01 02:00:00', 'Los Angeles', 0, 0, 0, 0, 0);
INSERT INTO ATTENDS VALUES ('Josh Hart', '2017-10-03 02:30:00', 'Los Angeles', 0, 0, 0, 0, 0);
INSERT INTO ATTENDS VALUES ('Josh Hart', '2017-10-05 02:00:00', 'Los Angeles', 9, 4, 1, 0, 1);
INSERT INTO ATTENDS VALUES ('Josh Hart', '2017-10-09 01:00:00', 'Los Angeles', 0, 1, 0, 0, 0);
INSERT INTO ATTENDS VALUES ('Josh Hart', '2017-10-11 02:30:00', 'Los Angeles', 6, 2, 0, 0, 0);
INSERT INTO ATTENDS VALUES ('Josh Hart', '2017-10-14 02:30:00', 'LA', 9, 4, 1, 0, 0);
INSERT INTO ATTENDS VALUES ('Josh Hart', '2017-10-21 02:00:00', 'Phoenix', 0, 0, 0, 0, 0);
INSERT INTO ATTENDS VALUES ('Josh Hart', '2017-10-23 01:30:00', 'Los Angeles', 5, 4, 1, 0, 0);
INSERT INTO ATTENDS VALUES ('Josh Hart', '2017-10-26 02:30:00', 'Los Angeles', 2, 5, 0, 0, 1);
INSERT INTO ATTENDS VALUES ('Josh Hart', '2017-10-28 02:30:00', 'Los Angeles', 9, 4, 0, 1, 2);
INSERT INTO ATTENDS VALUES ('Josh Hart', '2017-10-29 01:00:00', 'Utah', 6, 2, 0, 0, 1);
INSERT INTO ATTENDS VALUES ('Josh Hart', '2017-11-01 02:30:00', 'Los Angeles', 3, 2, 1, 0, 0);
INSERT INTO PLAYERHAS VALUES ('Frank Jackson', 'USA', 20, 15, 'New Orleans Pelicans');
INSERT INTO CAREER VALUES ('Frank Jackson', 0, 0, '2017/2/31');
INSERT INTO ATTENDS VALUES ('Frank Jackson', '2017-10-04 00:00:00', 'New Orleans', 0, 0, 0, 0, 0);
INSERT INTO ATTENDS VALUES ('Frank Jackson', '2017-10-07 00:00:00', 'Oklahoma City', 0, 0, 0, 0, 0);
INSERT INTO ATTENDS VALUES ('Frank Jackson', '2017-10-14 00:00:00', 'Memphis', 0, 0, 0, 0, 0);
INSERT INTO PLAYERHAS VALUES ('Caleb Swanigan', 'USA', 21, 50, 'Portland Trail Blazers');
INSERT INTO CAREER VALUES ('Caleb Swanigan', 0, 0, '2017/1/26');
INSERT INTO ATTENDS VALUES ('Caleb Swanigan', '2017-10-04 02:00:00', 'Portland', 18, 6, 0, 0, 0);
INSERT INTO ATTENDS VALUES ('Caleb Swanigan', '2017-10-06 02:00:00', 'Portland', 6, 8, 3, 0, 1);
INSERT INTO ATTENDS VALUES ('Caleb Swanigan', '2017-10-08 19:30:00', 'LA', 5, 4, 0, 0, 0);
INSERT INTO ATTENDS VALUES ('Caleb Swanigan', '2017-10-10 02:00:00', 'Sacramento', 6, 12, 0, 0, 1);
INSERT INTO ATTENDS VALUES ('Caleb Swanigan', '2017-10-12 02:00:00', 'Phoenix', 1, 6, 0, 0, 0);
INSERT INTO ATTENDS VALUES ('Caleb Swanigan', '2017-10-19 02:00:00', 'Phoenix', 8, 4, 3, 0, 1);
INSERT INTO ATTENDS VALUES ('Caleb Swanigan', '2017-10-20 23:00:00', 'Indiana', 2, 0, 0, 0, 0);
INSERT INTO ATTENDS VALUES ('Caleb Swanigan', '2017-10-22 00:30:00', 'Milwaukee', 0, 0, 0, 0, 0);
INSERT INTO ATTENDS VALUES ('Caleb Swanigan', '2017-10-25 02:00:00', 'Portland', 5, 8, 3, 1, 0);
INSERT INTO ATTENDS VALUES ('Caleb Swanigan', '2017-10-27 02:00:00', 'Portland', 0, 1, 0, 0, 0);
INSERT INTO ATTENDS VALUES ('Caleb Swanigan', '2017-10-29 02:00:00', 'Portland', 0, 0, 0, 0, 0);
INSERT INTO ATTENDS VALUES ('Caleb Swanigan', '2017-10-31 02:00:00', 'Portland', 0, 3, 0, 0, 0);
INSERT INTO PLAYERHAS VALUES ('Semi Ojeleye', 'USA', 23, 37, 'Boston Celtics');
INSERT INTO CAREER VALUES ('Semi Ojeleye', 0, 0, '2017/2/37');
INSERT INTO ATTENDS VALUES ('Semi Ojeleye', '2017-10-02 23:30:00', 'Boston', 3, 2, 0, 0, 0);
INSERT INTO ATTENDS VALUES ('Semi Ojeleye', '2017-10-06 23:00:00', 'Philadelphia', 2, 2, 0, 0, 0);
INSERT INTO ATTENDS VALUES ('Semi Ojeleye', '2017-10-09 23:30:00', 'Boston', 16, 4, 0, 0, 0);
INSERT INTO ATTENDS VALUES ('Semi Ojeleye', '2017-10-11 23:00:00', 'Charlotte', 3, 0, 0, 0, 0);
INSERT INTO ATTENDS VALUES ('Semi Ojeleye', '2017-10-18 00:00:00', 'Cleveland', 0, 0, 0, 0, 0);
INSERT INTO ATTENDS VALUES ('Semi Ojeleye', '2017-10-18 23:30:00', 'Boston', 3, 1, 0, 0, 0);
INSERT INTO ATTENDS VALUES ('Semi Ojeleye', '2017-10-20 23:00:00', 'Philadelphia', 0, 0, 0, 0, 0);
INSERT INTO ATTENDS VALUES ('Semi Ojeleye', '2017-10-24 23:30:00', 'Boston', 0, 2, 0, 0, 0);
INSERT INTO ATTENDS VALUES ('Semi Ojeleye', '2017-10-27 00:00:00', 'Milwaukee', 0, 1, 1, 0, 0);
INSERT INTO ATTENDS VALUES ('Semi Ojeleye', '2017-10-29 00:00:00', 'Miami', 0, 0, 0, 0, 1);
INSERT INTO ATTENDS VALUES ('Semi Ojeleye', '2017-10-30 23:30:00', 'Boston', 7, 4, 0, 0, 0);
INSERT INTO PLAYERHAS VALUES ('Derrick White', 'USA', 23, 4, 'San Antonio Spurs');
INSERT INTO CAREER VALUES ('Derrick White', 0, 0, '2017/1/29');
INSERT INTO ATTENDS VALUES ('Derrick White', '2017-10-03 02:00:00', 'Sacramento', 9, 0, 0, 1, 0);
INSERT INTO ATTENDS VALUES ('Derrick White', '2017-10-07 00:30:00', 'San Antonio', 8, 1, 2, 1, 0);
INSERT INTO ATTENDS VALUES ('Derrick White', '2017-10-08 20:00:00', 'San Antonio', 9, 1, 3, 0, 0);
INSERT INTO ATTENDS VALUES ('Derrick White', '2017-10-11 00:30:00', 'San Antonio', 0, 0, 0, 0, 0);
INSERT INTO ATTENDS VALUES ('Derrick White', '2017-10-14 00:00:00', 'Houston', 2, 1, 0, 0, 1);
INSERT INTO ATTENDS VALUES ('Derrick White', '2017-10-19 01:30:00', 'San Antonio', 0, 0, 0, 0, 0);
INSERT INTO ATTENDS VALUES ('Derrick White', '2017-10-22 00:00:00', 'Chicago', 0, 0, 0, 0, 0);
INSERT INTO ATTENDS VALUES ('Derrick White', '2017-10-24 00:30:00', 'San Antonio', 0, 0, 0, 0, 0);
INSERT INTO ATTENDS VALUES ('Derrick White', '2017-10-26 00:00:00', 'Miami', 0, 0, 0, 0, 0);
INSERT INTO ATTENDS VALUES ('Derrick White', '2017-10-27 23:00:00', 'Orlando', 1, 3, 2, 0, 0);
INSERT INTO ATTENDS VALUES ('Derrick White', '2017-10-29 20:30:00', 'Indiana', 0, 0, 0, 0, 0);
INSERT INTO ATTENDS VALUES ('Derrick White', '2017-10-30 23:30:00', 'Boston', 0, 2, 0, 1, 1);
INSERT INTO PLAYERHAS VALUES ('Alec Peters', 'USA', 23, 25, 'Phoenix Suns');
INSERT INTO CAREER VALUES ('Alec Peters', 0, 0, '2017/2/54');
INSERT INTO ATTENDS VALUES ('Alec Peters', '2017-10-04 02:00:00', 'Portland', 0, 0, 0, 0, 0);
INSERT INTO ATTENDS VALUES ('Alec Peters', '2017-10-07 01:00:00', 'Utah', 0, 0, 0, 0, 0);
INSERT INTO ATTENDS VALUES ('Alec Peters', '2017-10-10 02:00:00', 'Phoenix', 7, 3, 2, 0, 0);
INSERT INTO ATTENDS VALUES ('Alec Peters', '2017-10-12 02:00:00', 'Phoenix', 5, 1, 0, 0, 0);
INSERT INTO ATTENDS VALUES ('Alec Peters', '2017-10-19 02:00:00', 'Phoenix', 3, 3, 0, 1, 0);
INSERT INTO ATTENDS VALUES ('Alec Peters', '2017-10-21 02:00:00', 'Phoenix', 0, 0, 0, 0, 0);
INSERT INTO ATTENDS VALUES ('Alec Peters', '2017-10-22 02:30:00', 'LA', 0, 0, 0, 1, 0);
INSERT INTO PLAYERHAS VALUES ('Evan Fournier', 'France', 25, 10, 'Orlando Magic');
INSERT INTO CAREER VALUES ('Evan Fournier', 0, 0, '2012/1/20');
INSERT INTO ATTENDS VALUES ('Evan Fournier', '2017-10-03 00:00:00', 'Memphis', 8, 3, 5, 1, 0);
INSERT INTO ATTENDS VALUES ('Evan Fournier', '2017-10-05 23:00:00', 'Orlando', 8, 1, 3, 0, 0);
INSERT INTO ATTENDS VALUES ('Evan Fournier', '2017-10-07 23:00:00', 'Orlando', 9, 0, 1, 0, 1);
INSERT INTO ATTENDS VALUES ('Evan Fournier', '2017-10-10 00:30:00', 'Dallas', 0, 0, 0, 0, 0);
INSERT INTO ATTENDS VALUES ('Evan Fournier', '2017-10-11 00:30:00', 'San Antonio', 0, 0, 0, 0, 0);
INSERT INTO ATTENDS VALUES ('Evan Fournier', '2017-10-13 23:00:00', 'Orlando', 11, 3, 4, 0, 1);
INSERT INTO ATTENDS VALUES ('Evan Fournier', '2017-10-18 23:00:00', 'Orlando', 23, 1, 3, 0, 1);
INSERT INTO ATTENDS VALUES ('Evan Fournier', '2017-10-20 23:30:00', 'Brooklyn', 22, 9, 5, 0, 2);
INSERT INTO ATTENDS VALUES ('Evan Fournier', '2017-10-22 00:00:00', 'Cleveland', 13, 3, 4, 2, 1);
INSERT INTO ATTENDS VALUES ('Evan Fournier', '2017-10-24 23:00:00', 'Orlando', 28, 6, 4, 0, 3);
INSERT INTO ATTENDS VALUES ('Evan Fournier', '2017-10-27 23:00:00', 'Orlando', 25, 5, 2, 0, 1);
INSERT INTO ATTENDS VALUES ('Evan Fournier', '2017-10-29 22:00:00', 'Charlotte', 23, 3, 5, 0, 1);
INSERT INTO ATTENDS VALUES ('Evan Fournier', '2017-10-31 00:00:00', 'New Orleans', 20, 3, 4, 0, 1);
INSERT INTO PLAYERHAS VALUES ('Tyler Zeller', 'USA', 28, 44, 'Brooklyn Nets');
INSERT INTO CAREER VALUES ('Tyler Zeller', 0, 0, '2012/1/17');
INSERT INTO ATTENDS VALUES ('Tyler Zeller', '2017-10-03 23:30:00', 'New York', 1, 4, 1, 0, 0);
INSERT INTO ATTENDS VALUES ('Tyler Zeller', '2017-10-05 23:30:00', 'Brooklyn', 6, 3, 0, 1, 0);
INSERT INTO ATTENDS VALUES ('Tyler Zeller', '2017-10-08 23:30:00', 'Brooklyn', 0, 0, 0, 0, 0);
INSERT INTO ATTENDS VALUES ('Tyler Zeller', '2017-10-11 23:30:00', 'Brooklyn', 0, 0, 0, 0, 0);
INSERT INTO ATTENDS VALUES ('Tyler Zeller', '2017-10-20 23:30:00', 'Brooklyn', 0, 0, 0, 0, 0);
INSERT INTO ATTENDS VALUES ('Tyler Zeller', '2017-10-22 19:30:00', 'Brooklyn', 0, 0, 0, 0, 0);
INSERT INTO ATTENDS VALUES ('Tyler Zeller', '2017-10-24 23:00:00', 'Orlando', 0, 0, 0, 0, 0);
INSERT INTO ATTENDS VALUES ('Tyler Zeller', '2017-10-25 23:30:00', 'Brooklyn', 0, 0, 0, 0, 0);
INSERT INTO ATTENDS VALUES ('Tyler Zeller', '2017-10-27 23:30:00', 'New York', 4, 3, 1, 0, 0);
INSERT INTO ATTENDS VALUES ('Tyler Zeller', '2017-10-29 22:00:00', 'Brooklyn', 4, 3, 0, 0, 0);
INSERT INTO ATTENDS VALUES ('Tyler Zeller', '2017-10-31 23:30:00', 'Brooklyn', 4, 4, 0, 0, 1);
INSERT INTO PLAYERHAS VALUES ('Noah Vonleh', 'USA', 22, 30, 'Chicago Bulls');
INSERT INTO CAREER VALUES ('Noah Vonleh', 0, 0, '2014/1/9');
INSERT INTO ATTENDS VALUES ('Noah Vonleh', '2017-10-04 02:00:00', 'Portland', 0, 0, 0, 0, 0);
INSERT INTO ATTENDS VALUES ('Noah Vonleh', '2017-10-06 02:00:00', 'Portland', 0, 0, 0, 0, 0);
INSERT INTO ATTENDS VALUES ('Noah Vonleh', '2017-10-08 19:30:00', 'LA', 0, 0, 0, 0, 0);
INSERT INTO ATTENDS VALUES ('Noah Vonleh', '2017-10-10 02:00:00', 'Sacramento', 0, 0, 0, 0, 0);
INSERT INTO ATTENDS VALUES ('Noah Vonleh', '2017-10-12 02:00:00', 'Phoenix', 0, 0, 0, 0, 0);
INSERT INTO PLAYERHAS VALUES ('Julius Randle', 'USA', 23, 30, 'Los Angeles Lakers');
INSERT INTO CAREER VALUES ('Julius Randle', 0, 0, '2014/1/7');
INSERT INTO ATTENDS VALUES ('Julius Randle', '2017-10-01 02:00:00', 'Los Angeles', 15, 7, 1, 1, 0);
INSERT INTO ATTENDS VALUES ('Julius Randle', '2017-10-03 02:30:00', 'Los Angeles', 12, 11, 2, 1, 1);
INSERT INTO ATTENDS VALUES ('Julius Randle', '2017-10-05 02:00:00', 'Los Angeles', 8, 6, 0, 2, 1);
INSERT INTO ATTENDS VALUES ('Julius Randle', '2017-10-09 01:00:00', 'Los Angeles', 17, 10, 3, 1, 3);
INSERT INTO ATTENDS VALUES ('Julius Randle', '2017-10-11 02:30:00', 'Los Angeles', 13, 4, 1, 0, 5);
INSERT INTO ATTENDS VALUES ('Julius Randle', '2017-10-14 02:30:00', 'LA', 15, 7, 2, 0, 0);
INSERT INTO ATTENDS VALUES ('Julius Randle', '2017-10-20 02:30:00', 'Los Angeles', 9, 6, 1, 1, 0);
INSERT INTO ATTENDS VALUES ('Julius Randle', '2017-10-21 02:00:00', 'Phoenix', 8, 1, 1, 0, 0);
INSERT INTO ATTENDS VALUES ('Julius Randle', '2017-10-23 01:30:00', 'Los Angeles', 11, 2, 1, 2, 1);
INSERT INTO ATTENDS VALUES ('Julius Randle', '2017-10-26 02:30:00', 'Los Angeles', 11, 9, 1, 3, 0);
INSERT INTO ATTENDS VALUES ('Julius Randle', '2017-10-28 02:30:00', 'Los Angeles', 18, 5, 3, 1, 1);
INSERT INTO ATTENDS VALUES ('Julius Randle', '2017-10-29 01:00:00', 'Utah', 6, 7, 2, 0, 0);
INSERT INTO ATTENDS VALUES ('Julius Randle', '2017-11-01 02:30:00', 'Los Angeles', 17, 7, 3, 0, 1);
INSERT INTO PLAYERHAS VALUES ('Devin Harris', 'USA', 35, 34, 'Denver Nuggets');
INSERT INTO CAREER VALUES ('Devin Harris', 0, 1, '2004/1/5');
INSERT INTO ATTENDS VALUES ('Devin Harris', '2017-10-03 00:30:00', 'Dallas', 8, 2, 1, 0, 0);
INSERT INTO ATTENDS VALUES ('Devin Harris', '2017-10-05 00:30:00', 'Dallas', 8, 1, 1, 0, 0);
INSERT INTO ATTENDS VALUES ('Devin Harris', '2017-10-05 23:00:00', 'Orlando', 0, 0, 0, 0, 0);
INSERT INTO ATTENDS VALUES ('Devin Harris', '2017-10-10 00:30:00', 'Dallas', 7, 3, 1, 0, 2);
INSERT INTO ATTENDS VALUES ('Devin Harris', '2017-10-12 23:30:00', 'Atlanta', 0, 0, 0, 0, 0);
INSERT INTO ATTENDS VALUES ('Devin Harris', '2017-10-13 22:00:00', 'Charlotte', 8, 1, 1, 1, 4);
INSERT INTO ATTENDS VALUES ('Devin Harris', '2017-10-19 00:30:00', 'Dallas', 10, 0, 2, 0, 0);
INSERT INTO ATTENDS VALUES ('Devin Harris', '2017-10-21 00:30:00', 'Dallas', 0, 0, 0, 0, 0);
INSERT INTO ATTENDS VALUES ('Devin Harris', '2017-10-26 00:30:00', 'Dallas', 6, 1, 0, 0, 0);
INSERT INTO ATTENDS VALUES ('Devin Harris', '2017-10-29 00:30:00', 'Dallas', 2, 6, 1, 0, 0);
INSERT INTO ATTENDS VALUES ('Devin Harris', '2017-10-31 01:00:00', 'Utah', 15, 2, 6, 0, 1);
INSERT INTO PLAYERHAS VALUES ('Luol Deng', 'United Kingdom', 33, 9, 'Los Angeles Lakers');
INSERT INTO CAREER VALUES ('Luol Deng', 0, 2, '2004/1/7');
INSERT INTO ATTENDS VALUES ('Luol Deng', '2017-10-01 02:00:00', 'Los Angeles', 0, 0, 0, 0, 0);
INSERT INTO ATTENDS VALUES ('Luol Deng', '2017-10-03 02:30:00', 'Los Angeles', 9, 6, 1, 0, 0);
INSERT INTO ATTENDS VALUES ('Luol Deng', '2017-10-05 02:00:00', 'Los Angeles', 4, 1, 2, 0, 0);
INSERT INTO ATTENDS VALUES ('Luol Deng', '2017-10-09 01:00:00', 'Los Angeles', 0, 0, 0, 0, 0);
INSERT INTO ATTENDS VALUES ('Luol Deng', '2017-10-11 02:30:00', 'Los Angeles', 0, 0, 0, 0, 0);
INSERT INTO ATTENDS VALUES ('Luol Deng', '2017-10-14 02:30:00', 'LA', 0, 0, 0, 0, 0);
INSERT INTO ATTENDS VALUES ('Luol Deng', '2017-10-20 02:30:00', 'Los Angeles', 2, 0, 1, 0, 1);
INSERT INTO PLAYERHAS VALUES ('Dwight Howard', 'USA', 32, 12, 'Charlotte Hornets');
INSERT INTO CAREER VALUES ('Dwight Howard', 0, 8, '2004/1/1');
INSERT INTO ATTENDS VALUES ('Dwight Howard', '2017-10-02 23:30:00', 'Boston', 7, 10, 1, 3, 1);
INSERT INTO ATTENDS VALUES ('Dwight Howard', '2017-10-04 23:00:00', 'Detroit', 12, 11, 0, 2, 1);
INSERT INTO ATTENDS VALUES ('Dwight Howard', '2017-10-09 23:30:00', 'Miami', 16, 6, 0, 0, 4);
INSERT INTO ATTENDS VALUES ('Dwight Howard', '2017-10-11 23:00:00', 'Charlotte', 12, 6, 1, 1, 0);
INSERT INTO ATTENDS VALUES ('Dwight Howard', '2017-10-13 22:00:00', 'Charlotte', 8, 12, 3, 1, 3);
INSERT INTO ATTENDS VALUES ('Dwight Howard', '2017-10-18 23:00:00', 'Detroit', 10, 15, 1, 2, 1);
INSERT INTO ATTENDS VALUES ('Dwight Howard', '2017-10-20 23:00:00', 'Charlotte', 20, 15, 0, 1, 0);
INSERT INTO ATTENDS VALUES ('Dwight Howard', '2017-10-24 00:00:00', 'Milwaukee', 8, 22, 1, 4, 0);
INSERT INTO ATTENDS VALUES ('Dwight Howard', '2017-10-25 23:00:00', 'Charlotte', 15, 20, 0, 2, 0);
INSERT INTO ATTENDS VALUES ('Dwight Howard', '2017-10-27 23:00:00', 'Charlotte', 19, 16, 2, 1, 1);
INSERT INTO ATTENDS VALUES ('Dwight Howard', '2017-10-29 22:00:00', 'Charlotte', 22, 9, 3, 1, 0);
INSERT INTO ATTENDS VALUES ('Dwight Howard', '2017-10-31 00:00:00', 'Memphis', 2, 7, 0, 1, 0);
INSERT INTO PLAYERHAS VALUES ('Emeka Okafor', 'USA', 35, 50, 'New Orleans Pelicans');
INSERT INTO CAREER VALUES ('Emeka Okafor', 0, 0, '2004/1/2');
INSERT INTO ATTENDS VALUES ('Emeka Okafor', '2017-10-04 23:00:00', 'Philadelphia', 2, 5, 0, 0, 0);
INSERT INTO ATTENDS VALUES ('Emeka Okafor', '2017-10-06 23:00:00', 'Philadelphia', 4, 1, 0, 0, 0);
INSERT INTO ATTENDS VALUES ('Emeka Okafor', '2017-10-09 23:30:00', 'Boston', 5, 2, 0, 1, 0);
INSERT INTO ATTENDS VALUES ('Emeka Okafor', '2017-10-11 23:30:00', 'Brooklyn', 0, 2, 0, 1, 0);
INSERT INTO ATTENDS VALUES ('Emeka Okafor', '2017-10-14 00:30:00', 'Philadelphia', 2, 4, 0, 3, 0);
INSERT INTO PLAYERHAS VALUES ('Shaun Livingston', 'USA', 32, 34, 'Golden State Warriors');
INSERT INTO CAREER VALUES ('Shaun Livingston', 0, 0, '2004/1/4');
INSERT INTO ATTENDS VALUES ('Shaun Livingston', '2017-10-01 00:30:00', 'Golden State', 6, 0, 0, 0, 0);
INSERT INTO ATTENDS VALUES ('Shaun Livingston', '2017-10-05 06:00:00', 'Golden State', 4, 3, 1, 0, 1);
INSERT INTO ATTENDS VALUES ('Shaun Livingston', '2017-10-08 11:00:00', 'Minnesota', 1, 1, 1, 0, 0);
INSERT INTO ATTENDS VALUES ('Shaun Livingston', '2017-10-14 02:30:00', 'Golden State', 1, 2, 3, 0, 0);
INSERT INTO ATTENDS VALUES ('Shaun Livingston', '2017-10-18 02:30:00', 'Golden State', 6, 1, 5, 0, 0);
INSERT INTO ATTENDS VALUES ('Shaun Livingston', '2017-10-21 01:30:00', 'New Orleans', 2, 5, 1, 0, 1);
INSERT INTO ATTENDS VALUES ('Shaun Livingston', '2017-10-22 00:00:00', 'Memphis', 8, 2, 0, 0, 0);
INSERT INTO ATTENDS VALUES ('Shaun Livingston', '2017-10-24 00:30:00', 'Dallas', 8, 4, 1, 0, 0);
INSERT INTO ATTENDS VALUES ('Shaun Livingston', '2017-10-26 02:30:00', 'Golden State', 0, 0, 3, 0, 0);
INSERT INTO ATTENDS VALUES ('Shaun Livingston', '2017-10-30 00:30:00', 'Golden State', 2, 1, 2, 1, 0);
INSERT INTO ATTENDS VALUES ('Shaun Livingston', '2017-10-31 02:30:00', 'LA', 8, 3, 3, 0, 0);
INSERT INTO PLAYERHAS VALUES ('Andre Iguodala', 'USA', 34, 9, 'Golden State Warriors');
INSERT INTO CAREER VALUES ('Andre Iguodala', 0, 1, '2004/1/9');
INSERT INTO ATTENDS VALUES ('Andre Iguodala', '2017-10-01 00:30:00', 'Golden State', 5, 4, 1, 1, 1);
INSERT INTO ATTENDS VALUES ('Andre Iguodala', '2017-10-05 06:00:00', 'Golden State', 2, 3, 3, 0, 0);
INSERT INTO ATTENDS VALUES ('Andre Iguodala', '2017-10-08 11:00:00', 'Minnesota', 8, 2, 1, 0, 2);
INSERT INTO ATTENDS VALUES ('Andre Iguodala', '2017-10-14 02:30:00', 'Golden State', 0, 0, 0, 0, 0);
INSERT INTO ATTENDS VALUES ('Andre Iguodala', '2017-10-21 01:30:00', 'New Orleans', 7, 7, 3, 0, 0);
INSERT INTO ATTENDS VALUES ('Andre Iguodala', '2017-10-22 00:00:00', 'Memphis', 0, 2, 2, 1, 2);
INSERT INTO ATTENDS VALUES ('Andre Iguodala', '2017-10-24 00:30:00', 'Dallas', 9, 5, 3, 0, 0);
INSERT INTO ATTENDS VALUES ('Andre Iguodala', '2017-10-26 02:30:00', 'Golden State', 0, 2, 5, 1, 1);
INSERT INTO ATTENDS VALUES ('Andre Iguodala', '2017-10-28 02:30:00', 'Golden State', 7, 2, 4, 0, 0);
INSERT INTO ATTENDS VALUES ('Andre Iguodala', '2017-10-30 00:30:00', 'Golden State', 4, 0, 6, 1, 0);
INSERT INTO ATTENDS VALUES ('Andre Iguodala', '2017-10-31 02:30:00', 'LA', 5, 3, 5, 0, 0);
INSERT INTO PLAYERHAS VALUES ('Kyle Lowry', 'USA', 32, 7, 'Toronto Raptors');
INSERT INTO CAREER VALUES ('Kyle Lowry', 0, 4, '2006/1/24');
INSERT INTO ATTENDS VALUES ('Kyle Lowry', '2017-10-02 02:00:00', 'Toronto', 17, 1, 4, 0, 1);
INSERT INTO ATTENDS VALUES ('Kyle Lowry', '2017-10-04 05:00:00', 'LA', 0, 0, 0, 0, 0);
INSERT INTO ATTENDS VALUES ('Kyle Lowry', '2017-10-06 02:00:00', 'Portland', 23, 3, 6, 0, 1);
INSERT INTO ATTENDS VALUES ('Kyle Lowry', '2017-10-10 23:00:00', 'Toronto', 7, 4, 4, 0, 0);
INSERT INTO ATTENDS VALUES ('Kyle Lowry', '2017-10-14 00:00:00', 'Chicago', 17, 2, 6, 0, 2);
INSERT INTO ATTENDS VALUES ('Kyle Lowry', '2017-10-19 23:30:00', 'Toronto', 12, 4, 9, 0, 1);
INSERT INTO ATTENDS VALUES ('Kyle Lowry', '2017-10-21 23:30:00', 'Toronto', 17, 5, 5, 0, 0);
INSERT INTO ATTENDS VALUES ('Kyle Lowry', '2017-10-24 00:30:00', 'San Antonio', 8, 2, 3, 0, 0);
INSERT INTO ATTENDS VALUES ('Kyle Lowry', '2017-10-26 02:30:00', 'Golden State', 14, 4, 9, 2, 1);
INSERT INTO ATTENDS VALUES ('Kyle Lowry', '2017-10-28 02:30:00', 'Los Angeles', 11, 10, 12, 0, 2);
INSERT INTO ATTENDS VALUES ('Kyle Lowry', '2017-10-31 02:00:00', 'Portland', 19, 10, 6, 0, 0);
INSERT INTO PLAYERHAS VALUES ('Rajon Rondo', 'USA', 32, 9, 'New Orleans Pelicans');
INSERT INTO CAREER VALUES ('Rajon Rondo', 0, 4, '2006/1/21');
INSERT INTO ATTENDS VALUES ('Rajon Rondo', '2017-10-04 00:00:00', 'New Orleans', 5, 4, 9, 0, 3);
INSERT INTO ATTENDS VALUES ('Rajon Rondo', '2017-10-07 00:00:00', 'Oklahoma City', 6, 2, 0, 0, 1);
INSERT INTO ATTENDS VALUES ('Rajon Rondo', '2017-10-14 00:00:00', 'Memphis', 0, 0, 0, 0, 0);
INSERT INTO PLAYERHAS VALUES ('Reggie Bullock', 'USA', 27, 25, 'Detroit Pistons');
INSERT INTO CAREER VALUES ('Reggie Bullock', 0, 0, '2013/1/25');
INSERT INTO ATTENDS VALUES ('Reggie Bullock', '2017-10-04 23:00:00', 'Detroit', 0, 0, 0, 0, 0);
INSERT INTO ATTENDS VALUES ('Reggie Bullock', '2017-10-09 23:00:00', 'Detroit', 13, 4, 4, 0, 1);
INSERT INTO ATTENDS VALUES ('Reggie Bullock', '2017-10-10 23:00:00', 'Toronto', 4, 3, 0, 0, 1);
INSERT INTO ATTENDS VALUES ('Reggie Bullock', '2017-10-14 00:30:00', 'Milwaukee', 0, 0, 0, 0, 0);
INSERT INTO ATTENDS VALUES ('Reggie Bullock', '2017-10-18 23:00:00', 'Detroit', 0, 0, 0, 0, 0);
INSERT INTO ATTENDS VALUES ('Reggie Bullock', '2017-10-22 00:00:00', 'New York', 0, 0, 0, 0, 0);
INSERT INTO ATTENDS VALUES ('Reggie Bullock', '2017-10-23 23:00:00', 'Detroit', 0, 0, 0, 0, 0);
INSERT INTO ATTENDS VALUES ('Reggie Bullock', '2017-10-25 23:00:00', 'Detroit', 0, 0, 0, 0, 0);
INSERT INTO ATTENDS VALUES ('Reggie Bullock', '2017-10-29 02:30:00', 'LA', 1, 1, 0, 0, 0);
INSERT INTO ATTENDS VALUES ('Reggie Bullock', '2017-10-30 00:30:00', 'Golden State', 4, 0, 2, 0, 3);
INSERT INTO ATTENDS VALUES ('Reggie Bullock', '2017-11-01 02:30:00', 'Los Angeles', 0, 2, 2, 1, 1);
INSERT INTO PLAYERHAS VALUES ('Otto Porter Jr.', 'USA', 25, 22, 'Washington Wizards');
INSERT INTO CAREER VALUES ('Otto Porter Jr.', 0, 0, '2013/1/3');
INSERT INTO ATTENDS VALUES ('Otto Porter Jr.', '2017-10-06 23:00:00', 'Washington', 7, 7, 1, 0, 4);
INSERT INTO ATTENDS VALUES ('Otto Porter Jr.', '2017-10-08 19:00:00', 'Washington', 2, 2, 1, 0, 0);
INSERT INTO ATTENDS VALUES ('Otto Porter Jr.', '2017-10-11 23:30:00', 'Miami', 11, 7, 3, 0, 1);
INSERT INTO ATTENDS VALUES ('Otto Porter Jr.', '2017-10-13 23:30:00', 'New York', 11, 8, 3, 0, 1);
INSERT INTO ATTENDS VALUES ('Otto Porter Jr.', '2017-10-18 23:00:00', 'Washington', 10, 8, 0, 1, 3);
INSERT INTO ATTENDS VALUES ('Otto Porter Jr.', '2017-10-20 23:00:00', 'Washington', 28, 9, 3, 1, 4);
INSERT INTO ATTENDS VALUES ('Otto Porter Jr.', '2017-10-24 01:00:00', 'Denver', 17, 10, 3, 1, 4);
INSERT INTO ATTENDS VALUES ('Otto Porter Jr.', '2017-10-26 02:30:00', 'Los Angeles', 12, 3, 3, 0, 2);
INSERT INTO ATTENDS VALUES ('Otto Porter Jr.', '2017-10-28 02:30:00', 'Golden State', 29, 10, 2, 1, 1);
INSERT INTO ATTENDS VALUES ('Otto Porter Jr.', '2017-10-29 22:00:00', 'Sacramento', 16, 5, 1, 1, 2);
INSERT INTO PLAYERHAS VALUES ('Darrell Arthur', 'USA', 30, 00, 'Denver Nuggets');
INSERT INTO CAREER VALUES ('Darrell Arthur', 0, 0, '2008/1/27');
INSERT INTO ATTENDS VALUES ('Darrell Arthur', '2017-10-01 00:30:00', 'Golden State', 0, 0, 0, 0, 0);
INSERT INTO ATTENDS VALUES ('Darrell Arthur', '2017-10-03 02:30:00', 'Los Angeles', 0, 0, 0, 0, 0);
INSERT INTO ATTENDS VALUES ('Darrell Arthur', '2017-10-05 02:00:00', 'Los Angeles', 2, 2, 1, 0, 0);
INSERT INTO ATTENDS VALUES ('Darrell Arthur', '2017-10-08 20:00:00', 'San Antonio', 0, 0, 0, 0, 0);
INSERT INTO ATTENDS VALUES ('Darrell Arthur', '2017-10-11 01:00:00', 'Denver', 0, 0, 0, 0, 0);
INSERT INTO ATTENDS VALUES ('Darrell Arthur', '2017-10-19 01:00:00', 'Utah', 0, 0, 0, 0, 0);
INSERT INTO ATTENDS VALUES ('Darrell Arthur', '2017-10-22 01:00:00', 'Denver', 0, 0, 0, 0, 0);
INSERT INTO ATTENDS VALUES ('Darrell Arthur', '2017-10-24 01:00:00', 'Denver', 0, 0, 0, 0, 0);
INSERT INTO ATTENDS VALUES ('Darrell Arthur', '2017-10-25 23:00:00', 'Charlotte', 0, 0, 0, 0, 0);
INSERT INTO ATTENDS VALUES ('Darrell Arthur', '2017-10-27 23:30:00', 'Atlanta', 0, 0, 0, 0, 0);
INSERT INTO ATTENDS VALUES ('Darrell Arthur', '2017-10-29 22:00:00', 'Brooklyn', 0, 0, 0, 0, 0);
INSERT INTO ATTENDS VALUES ('Darrell Arthur', '2017-10-30 23:30:00', 'New York', 0, 1, 0, 0, 1);
INSERT INTO PLAYERHAS VALUES ('Rudy Gobert', 'France', 25, 27, 'Utah Jazz');
INSERT INTO CAREER VALUES ('Rudy Gobert', 0, 0, '2013/1/27');
INSERT INTO ATTENDS VALUES ('Rudy Gobert', '2017-10-07 01:00:00', 'Utah', 9, 12, 3, 1, 1);
INSERT INTO ATTENDS VALUES ('Rudy Gobert', '2017-10-11 02:30:00', 'Los Angeles', 29, 13, 2, 2, 1);
INSERT INTO ATTENDS VALUES ('Rudy Gobert', '2017-10-19 01:00:00', 'Utah', 18, 10, 1, 1, 0);
INSERT INTO ATTENDS VALUES ('Rudy Gobert', '2017-10-21 00:00:00', 'Minnesota', 10, 13, 0, 2, 2);
INSERT INTO ATTENDS VALUES ('Rudy Gobert', '2017-10-22 01:00:00', 'Utah', 16, 13, 2, 0, 1);
INSERT INTO ATTENDS VALUES ('Rudy Gobert', '2017-10-25 02:30:00', 'LA', 12, 7, 2, 3, 0);
INSERT INTO ATTENDS VALUES ('Rudy Gobert', '2017-10-26 02:00:00', 'Phoenix', 16, 14, 1, 5, 0);
INSERT INTO ATTENDS VALUES ('Rudy Gobert', '2017-10-29 01:00:00', 'Utah', 6, 8, 0, 3, 0);
INSERT INTO ATTENDS VALUES ('Rudy Gobert', '2017-10-31 01:00:00', 'Utah', 17, 12, 6, 6, 2);
INSERT INTO PLAYERHAS VALUES ('Shabazz Muhammad', 'USA', 25, 15, 'Milwaukee Bucks');
INSERT INTO CAREER VALUES ('Shabazz Muhammad', 0, 0, '2013/1/14');
INSERT INTO ATTENDS VALUES ('Shabazz Muhammad', '2017-10-01 02:00:00', 'Los Angeles', 22, 6, 0, 0, 1);
INSERT INTO ATTENDS VALUES ('Shabazz Muhammad', '2017-10-05 06:00:00', 'Golden State', 10, 3, 1, 0, 1);
INSERT INTO ATTENDS VALUES ('Shabazz Muhammad', '2017-10-08 11:00:00', 'Minnesota', 11, 3, 1, 0, 0);
INSERT INTO ATTENDS VALUES ('Shabazz Muhammad', '2017-10-19 01:30:00', 'San Antonio', 2, 2, 0, 1, 0);
INSERT INTO ATTENDS VALUES ('Shabazz Muhammad', '2017-10-21 00:00:00', 'Minnesota', 2, 2, 1, 0, 0);
INSERT INTO ATTENDS VALUES ('Shabazz Muhammad', '2017-10-22 23:00:00', 'Oklahoma City', 2, 0, 0, 0, 0);
INSERT INTO ATTENDS VALUES ('Shabazz Muhammad', '2017-10-25 00:00:00', 'Minnesota', 14, 2, 1, 0, 1);
INSERT INTO ATTENDS VALUES ('Shabazz Muhammad', '2017-10-25 23:00:00', 'Detroit', 4, 4, 1, 0, 1);
INSERT INTO ATTENDS VALUES ('Shabazz Muhammad', '2017-10-28 00:00:00', 'Minnesota', 0, 1, 0, 0, 0);
INSERT INTO ATTENDS VALUES ('Shabazz Muhammad', '2017-10-30 23:30:00', 'Miami', 4, 1, 0, 0, 0);
INSERT INTO PLAYERHAS VALUES ('Shane Larkin', 'USA', 25, 8, 'Boston Celtics');
INSERT INTO CAREER VALUES ('Shane Larkin', 0, 0, '2013/1/18');
INSERT INTO ATTENDS VALUES ('Shane Larkin', '2017-10-02 23:30:00', 'Boston', 4, 0, 2, 0, 0);
INSERT INTO ATTENDS VALUES ('Shane Larkin', '2017-10-06 23:00:00', 'Philadelphia', 6, 1, 1, 0, 1);
INSERT INTO ATTENDS VALUES ('Shane Larkin', '2017-10-09 23:30:00', 'Boston', 7, 0, 2, 0, 0);
INSERT INTO ATTENDS VALUES ('Shane Larkin', '2017-10-11 23:00:00', 'Charlotte', 9, 2, 0, 0, 0);
INSERT INTO ATTENDS VALUES ('Shane Larkin', '2017-10-18 00:00:00', 'Cleveland', 0, 1, 0, 0, 0);
INSERT INTO ATTENDS VALUES ('Shane Larkin', '2017-10-18 23:30:00', 'Boston', 0, 0, 0, 0, 0);
INSERT INTO ATTENDS VALUES ('Shane Larkin', '2017-10-20 23:00:00', 'Philadelphia', 10, 2, 4, 0, 0);
INSERT INTO ATTENDS VALUES ('Shane Larkin', '2017-10-24 23:30:00', 'Boston', 6, 0, 4, 0, 2);
INSERT INTO ATTENDS VALUES ('Shane Larkin', '2017-10-27 00:00:00', 'Milwaukee', 0, 1, 0, 0, 0);
INSERT INTO ATTENDS VALUES ('Shane Larkin', '2017-10-29 00:00:00', 'Miami', 0, 1, 3, 0, 1);
INSERT INTO ATTENDS VALUES ('Shane Larkin', '2017-10-30 23:30:00', 'Boston', 0, 0, 0, 0, 0);
INSERT INTO PLAYERHAS VALUES ('Jamal Crawford', 'USA', 38, 11, 'Minnesota Timberwolves');
INSERT INTO CAREER VALUES ('Jamal Crawford', 0, 0, '2000/1/8');
INSERT INTO ATTENDS VALUES ('Jamal Crawford', '2017-10-01 02:00:00', 'Los Angeles', 0, 1, 4, 0, 0);
INSERT INTO ATTENDS VALUES ('Jamal Crawford', '2017-10-05 06:00:00', 'Golden State', 4, 3, 5, 0, 1);
INSERT INTO ATTENDS VALUES ('Jamal Crawford', '2017-10-08 11:00:00', 'Minnesota', 4, 1, 1, 0, 1);
INSERT INTO ATTENDS VALUES ('Jamal Crawford', '2017-10-19 01:30:00', 'San Antonio', 10, 3, 5, 1, 0);
INSERT INTO ATTENDS VALUES ('Jamal Crawford', '2017-10-21 00:00:00', 'Minnesota', 17, 0, 1, 0, 1);
INSERT INTO ATTENDS VALUES ('Jamal Crawford', '2017-10-22 23:00:00', 'Oklahoma City', 3, 0, 2, 0, 0);
INSERT INTO ATTENDS VALUES ('Jamal Crawford', '2017-10-25 00:00:00', 'Minnesota', 18, 0, 9, 0, 2);
INSERT INTO ATTENDS VALUES ('Jamal Crawford', '2017-10-25 23:00:00', 'Detroit', 8, 3, 3, 0, 0);
INSERT INTO ATTENDS VALUES ('Jamal Crawford', '2017-10-28 00:00:00', 'Minnesota', 5, 0, 0, 0, 0);
INSERT INTO ATTENDS VALUES ('Jamal Crawford', '2017-10-30 23:30:00', 'Miami', 13, 1, 3, 0, 1);
INSERT INTO PLAYERHAS VALUES ('Al Jefferson', 'USA', 33, 25, 'Indiana Pacers');
INSERT INTO CAREER VALUES ('Al Jefferson', 0, 0, '2004/1/15');
INSERT INTO ATTENDS VALUES ('Al Jefferson', '2017-10-05 00:00:00', 'Milwaukee', 0, 3, 0, 0, 0);
INSERT INTO ATTENDS VALUES ('Al Jefferson', '2017-10-06 23:30:00', 'Cleveland', 2, 3, 1, 0, 1);
INSERT INTO ATTENDS VALUES ('Al Jefferson', '2017-10-09 23:00:00', 'Detroit', 12, 6, 3, 0, 2);
INSERT INTO ATTENDS VALUES ('Al Jefferson', '2017-10-18 23:00:00', 'Indiana', 0, 0, 0, 0, 0);
INSERT INTO ATTENDS VALUES ('Al Jefferson', '2017-10-20 23:00:00', 'Indiana', 8, 2, 1, 1, 0);
INSERT INTO ATTENDS VALUES ('Al Jefferson', '2017-10-22 00:00:00', 'Miami', 14, 8, 0, 1, 0);
INSERT INTO ATTENDS VALUES ('Al Jefferson', '2017-10-25 00:00:00', 'Minnesota', 8, 3, 1, 0, 0);
INSERT INTO ATTENDS VALUES ('Al Jefferson', '2017-10-26 00:00:00', 'Oklahoma City', 5, 7, 2, 0, 2);
INSERT INTO ATTENDS VALUES ('Al Jefferson', '2017-10-29 20:30:00', 'Indiana', 6, 7, 1, 2, 1);
INSERT INTO ATTENDS VALUES ('Al Jefferson', '2017-10-31 23:00:00', 'Indiana', 4, 8, 2, 3, 1);
INSERT INTO PLAYERHAS VALUES ('JR Smith', 'USA', 32, 5, 'Cleveland Cavaliers');
INSERT INTO CAREER VALUES ('JR Smith', 0, 0, '2004/1/18');
INSERT INTO ATTENDS VALUES ('JR Smith', '2017-10-04 23:00:00', 'Cleveland', 5, 2, 3, 0, 1);
INSERT INTO ATTENDS VALUES ('JR Smith', '2017-10-06 23:30:00', 'Cleveland', 5, 0, 3, 0, 1);
INSERT INTO ATTENDS VALUES ('JR Smith', '2017-10-11 00:00:00', 'Cleveland', 1, 3, 4, 0, 0);
INSERT INTO ATTENDS VALUES ('JR Smith', '2017-10-13 23:00:00', 'Orlando', 6, 2, 1, 0, 0);
INSERT INTO ATTENDS VALUES ('JR Smith', '2017-10-18 00:00:00', 'Cleveland', 10, 4, 1, 0, 0);
INSERT INTO ATTENDS VALUES ('JR Smith', '2017-10-20 23:00:00', 'Milwaukee', 7, 4, 2, 0, 0);
INSERT INTO ATTENDS VALUES ('JR Smith', '2017-10-22 00:00:00', 'Cleveland', 2, 0, 1, 0, 0);
INSERT INTO ATTENDS VALUES ('JR Smith', '2017-10-24 23:00:00', 'Cleveland', 3, 4, 4, 0, 1);
INSERT INTO ATTENDS VALUES ('JR Smith', '2017-10-25 23:30:00', 'Brooklyn', 2, 4, 2, 0, 2);
INSERT INTO ATTENDS VALUES ('JR Smith', '2017-10-28 23:00:00', 'New Orleans', 3, 2, 2, 0, 1);
INSERT INTO ATTENDS VALUES ('JR Smith', '2017-10-29 23:00:00', 'Cleveland', 11, 3, 1, 1, 1);
INSERT INTO PLAYERHAS VALUES ('Jameer Nelson', 'USA', 36, 41, 'New Orleans Pelicans');
INSERT INTO CAREER VALUES ('Jameer Nelson', 0, 1, '2004/1/20');
INSERT INTO ATTENDS VALUES ('Jameer Nelson', '2017-10-01 00:30:00', 'Golden State', 0, 0, 0, 0, 0);
INSERT INTO ATTENDS VALUES ('Jameer Nelson', '2017-10-03 02:30:00', 'Los Angeles', 0, 0, 0, 0, 0);
INSERT INTO ATTENDS VALUES ('Jameer Nelson', '2017-10-05 02:00:00', 'Los Angeles', 2, 0, 6, 0, 1);
INSERT INTO ATTENDS VALUES ('Jameer Nelson', '2017-10-08 20:00:00', 'San Antonio', 2, 2, 5, 0, 0);
INSERT INTO ATTENDS VALUES ('Jameer Nelson', '2017-10-11 01:00:00', 'Denver', 5, 1, 4, 0, 1);
INSERT INTO ATTENDS VALUES ('Jameer Nelson', '2017-10-23 01:30:00', 'Los Angeles', 5, 1, 5, 0, 1);
INSERT INTO ATTENDS VALUES ('Jameer Nelson', '2017-10-25 02:00:00', 'Portland', 10, 2, 2, 0, 0);
INSERT INTO ATTENDS VALUES ('Jameer Nelson', '2017-10-27 02:30:00', 'Sacramento', 18, 4, 6, 1, 0);
INSERT INTO ATTENDS VALUES ('Jameer Nelson', '2017-10-28 23:00:00', 'New Orleans', 0, 3, 6, 0, 1);
INSERT INTO ATTENDS VALUES ('Jameer Nelson', '2017-10-31 00:00:00', 'New Orleans', 5, 1, 6, 0, 0);
INSERT INTO PLAYERHAS VALUES ('Eric Bledsoe', 'USA', 28, 6, 'Milwaukee Bucks');
INSERT INTO CAREER VALUES ('Eric Bledsoe', 0, 0, '2010/1/18');
INSERT INTO ATTENDS VALUES ('Eric Bledsoe', '2017-10-04 02:00:00', 'Portland', 9, 3, 3, 1, 1);
INSERT INTO ATTENDS VALUES ('Eric Bledsoe', '2017-10-07 01:00:00', 'Utah', 8, 1, 2, 0, 2);
INSERT INTO ATTENDS VALUES ('Eric Bledsoe', '2017-10-10 02:00:00', 'Phoenix', 3, 5, 7, 0, 0);
INSERT INTO ATTENDS VALUES ('Eric Bledsoe', '2017-10-12 02:00:00', 'Phoenix', 2, 5, 6, 2, 4);
INSERT INTO ATTENDS VALUES ('Eric Bledsoe', '2017-10-19 02:00:00', 'Phoenix', 15, 4, 3, 1, 2);
INSERT INTO ATTENDS VALUES ('Eric Bledsoe', '2017-10-21 02:00:00', 'Phoenix', 28, 2, 2, 1, 2);
INSERT INTO ATTENDS VALUES ('Eric Bledsoe', '2017-10-22 02:30:00', 'LA', 4, 1, 4, 0, 0);
INSERT INTO PLAYERHAS VALUES ('Joffrey Lauvergne', 'France', 26, 77, 'San Antonio Spurs');
INSERT INTO CAREER VALUES ('Joffrey Lauvergne', 0, 0, '2013/2/55');
INSERT INTO ATTENDS VALUES ('Joffrey Lauvergne', '2017-10-03 02:00:00', 'Sacramento', 12, 4, 1, 0, 1);
INSERT INTO ATTENDS VALUES ('Joffrey Lauvergne', '2017-10-07 00:30:00', 'San Antonio', 7, 10, 4, 0, 1);
INSERT INTO ATTENDS VALUES ('Joffrey Lauvergne', '2017-10-08 20:00:00', 'San Antonio', 7, 4, 3, 0, 0);
INSERT INTO ATTENDS VALUES ('Joffrey Lauvergne', '2017-10-11 00:30:00', 'San Antonio', 6, 7, 5, 0, 0);
INSERT INTO ATTENDS VALUES ('Joffrey Lauvergne', '2017-10-14 00:00:00', 'Houston', 10, 8, 2, 0, 1);
INSERT INTO ATTENDS VALUES ('Joffrey Lauvergne', '2017-10-19 01:30:00', 'San Antonio', 4, 3, 1, 0, 0);
INSERT INTO ATTENDS VALUES ('Joffrey Lauvergne', '2017-10-22 00:00:00', 'Chicago', 5, 6, 1, 0, 0);
INSERT INTO ATTENDS VALUES ('Joffrey Lauvergne', '2017-10-24 00:30:00', 'San Antonio', 9, 7, 0, 0, 1);
INSERT INTO ATTENDS VALUES ('Joffrey Lauvergne', '2017-10-26 00:00:00', 'Miami', 0, 0, 0, 0, 0);
INSERT INTO ATTENDS VALUES ('Joffrey Lauvergne', '2017-10-27 23:00:00', 'Orlando', 0, 0, 0, 0, 0);
INSERT INTO PLAYERHAS VALUES ('Gordon Hayward', 'USA', 28, 20, 'Boston Celtics');
INSERT INTO CAREER VALUES ('Gordon Hayward', 0, 1, '2010/1/9');
INSERT INTO ATTENDS VALUES ('Gordon Hayward', '2017-10-02 23:30:00', 'Boston', 5, 5, 1, 0, 0);
INSERT INTO ATTENDS VALUES ('Gordon Hayward', '2017-10-06 23:00:00', 'Philadelphia', 9, 2, 5, 0, 2);
INSERT INTO ATTENDS VALUES ('Gordon Hayward', '2017-10-09 23:30:00', 'Boston', 0, 0, 0, 0, 0);
INSERT INTO ATTENDS VALUES ('Gordon Hayward', '2017-10-11 23:00:00', 'Charlotte', 13, 6, 4, 0, 1);
INSERT INTO ATTENDS VALUES ('Gordon Hayward', '2017-10-18 00:00:00', 'Cleveland', 2, 1, 0, 0, 0);
INSERT INTO PLAYERHAS VALUES ('Paul George', 'USA', 28, 13, 'Oklahoma City Thunder');
INSERT INTO CAREER VALUES ('Paul George', 0, 5, '2010/1/10');
INSERT INTO ATTENDS VALUES ('Paul George', '2017-10-04 00:00:00', 'Oklahoma City', 15, 4, 2, 1, 1);
INSERT INTO ATTENDS VALUES ('Paul George', '2017-10-07 00:00:00', 'Oklahoma City', 25, 4, 0, 0, 2);
INSERT INTO ATTENDS VALUES ('Paul George', '2017-10-11 01:00:00', 'Denver', 19, 11, 4, 1, 5);
INSERT INTO ATTENDS VALUES ('Paul George', '2017-10-20 00:00:00', 'Oklahoma City', 28, 6, 1, 1, 1);
INSERT INTO ATTENDS VALUES ('Paul George', '2017-10-22 01:00:00', 'Utah', 22, 5, 2, 0, 5);
INSERT INTO ATTENDS VALUES ('Paul George', '2017-10-22 23:00:00', 'Oklahoma City', 14, 6, 8, 0, 4);
INSERT INTO ATTENDS VALUES ('Paul George', '2017-10-26 00:00:00', 'Oklahoma City', 10, 1, 0, 1, 0);
INSERT INTO ATTENDS VALUES ('Paul George', '2017-10-28 00:00:00', 'Minnesota', 23, 5, 4, 1, 2);
INSERT INTO ATTENDS VALUES ('Paul George', '2017-10-29 00:00:00', 'Chicago', 20, 5, 0, 0, 4);
INSERT INTO ATTENDS VALUES ('Paul George', '2017-11-01 00:00:00', 'Milwaukee', 20, 3, 0, 1, 1);
INSERT INTO PLAYERHAS VALUES ('Cole Aldrich', 'USA', 29, 45, 'Minnesota Timberwolves');
INSERT INTO CAREER VALUES ('Cole Aldrich', 0, 0, '2010/1/11');
INSERT INTO ATTENDS VALUES ('Cole Aldrich', '2017-10-01 02:00:00', 'Los Angeles', 0, 0, 0, 0, 0);
INSERT INTO ATTENDS VALUES ('Cole Aldrich', '2017-10-05 06:00:00', 'Golden State', 0, 0, 0, 0, 0);
INSERT INTO ATTENDS VALUES ('Cole Aldrich', '2017-10-08 11:00:00', 'Minnesota', 0, 5, 0, 0, 0);
INSERT INTO ATTENDS VALUES ('Cole Aldrich', '2017-10-19 01:30:00', 'San Antonio', 0, 0, 0, 0, 0);
INSERT INTO ATTENDS VALUES ('Cole Aldrich', '2017-10-21 00:00:00', 'Minnesota', 0, 0, 0, 0, 0);
INSERT INTO ATTENDS VALUES ('Cole Aldrich', '2017-10-22 23:00:00', 'Oklahoma City', 0, 0, 0, 0, 0);
INSERT INTO ATTENDS VALUES ('Cole Aldrich', '2017-10-25 00:00:00', 'Minnesota', 0, 0, 1, 0, 1);
INSERT INTO ATTENDS VALUES ('Cole Aldrich', '2017-10-25 23:00:00', 'Detroit', 0, 0, 0, 0, 0);
INSERT INTO ATTENDS VALUES ('Cole Aldrich', '2017-10-28 00:00:00', 'Minnesota', 0, 0, 0, 0, 0);
INSERT INTO ATTENDS VALUES ('Cole Aldrich', '2017-10-30 23:30:00', 'Miami', 0, 0, 0, 0, 0);
INSERT INTO PLAYERHAS VALUES ('Ed Davis', 'USA', 29, 17, 'Portland Trail Blazers');
INSERT INTO CAREER VALUES ('Ed Davis', 0, 0, '2010/1/13');
INSERT INTO ATTENDS VALUES ('Ed Davis', '2017-10-04 02:00:00', 'Portland', 4, 4, 0, 0, 0);
INSERT INTO ATTENDS VALUES ('Ed Davis', '2017-10-06 02:00:00', 'Portland', 2, 5, 2, 0, 0);
INSERT INTO ATTENDS VALUES ('Ed Davis', '2017-10-08 19:30:00', 'LA', 4, 3, 1, 0, 1);
INSERT INTO ATTENDS VALUES ('Ed Davis', '2017-10-10 02:00:00', 'Sacramento', 2, 3, 0, 0, 0);
INSERT INTO ATTENDS VALUES ('Ed Davis', '2017-10-12 02:00:00', 'Phoenix', 7, 12, 0, 0, 1);
INSERT INTO ATTENDS VALUES ('Ed Davis', '2017-10-19 02:00:00', 'Phoenix', 10, 7, 0, 1, 0);
INSERT INTO ATTENDS VALUES ('Ed Davis', '2017-10-20 23:00:00', 'Indiana', 7, 9, 1, 0, 0);
INSERT INTO ATTENDS VALUES ('Ed Davis', '2017-10-22 00:30:00', 'Milwaukee', 6, 11, 0, 2, 0);
INSERT INTO ATTENDS VALUES ('Ed Davis', '2017-10-25 02:00:00', 'Portland', 12, 10, 0, 1, 0);
INSERT INTO ATTENDS VALUES ('Ed Davis', '2017-10-27 02:00:00', 'Portland', 1, 10, 0, 0, 0);
INSERT INTO ATTENDS VALUES ('Ed Davis', '2017-10-29 02:00:00', 'Portland', 6, 11, 3, 1, 2);
INSERT INTO ATTENDS VALUES ('Ed Davis', '2017-10-31 02:00:00', 'Portland', 7, 8, 0, 0, 2);
INSERT INTO PLAYERHAS VALUES ('Patrick Patterson', 'USA', 29, 54, 'Oklahoma City Thunder');
INSERT INTO CAREER VALUES ('Patrick Patterson', 0, 0, '2010/1/14');
INSERT INTO ATTENDS VALUES ('Patrick Patterson', '2017-10-04 00:00:00', 'Oklahoma City', 0, 0, 0, 0, 0);
INSERT INTO ATTENDS VALUES ('Patrick Patterson', '2017-10-07 00:00:00', 'Oklahoma City', 0, 0, 0, 0, 0);
INSERT INTO ATTENDS VALUES ('Patrick Patterson', '2017-10-11 01:00:00', 'Denver', 0, 0, 0, 0, 0);
INSERT INTO ATTENDS VALUES ('Patrick Patterson', '2017-10-20 00:00:00', 'Oklahoma City', 0, 2, 0, 0, 0);
INSERT INTO ATTENDS VALUES ('Patrick Patterson', '2017-10-22 01:00:00', 'Utah', 0, 2, 0, 1, 1);
INSERT INTO ATTENDS VALUES ('Patrick Patterson', '2017-10-22 23:00:00', 'Oklahoma City', 0, 0, 0, 0, 0);
INSERT INTO ATTENDS VALUES ('Patrick Patterson', '2017-10-26 00:00:00', 'Oklahoma City', 3, 3, 2, 0, 0);
INSERT INTO ATTENDS VALUES ('Patrick Patterson', '2017-10-28 00:00:00', 'Minnesota', 3, 3, 1, 1, 0);
INSERT INTO ATTENDS VALUES ('Patrick Patterson', '2017-10-29 00:00:00', 'Chicago', 2, 2, 0, 0, 2);
INSERT INTO ATTENDS VALUES ('Patrick Patterson', '2017-11-01 00:00:00', 'Milwaukee', 6, 3, 1, 0, 0);
INSERT INTO PLAYERHAS VALUES ('Luke Babbitt', 'USA', 28, 22, 'Miami Heat');
INSERT INTO CAREER VALUES ('Luke Babbitt', 0, 0, '2010/1/16');
INSERT INTO ATTENDS VALUES ('Luke Babbitt', '2017-10-01 22:00:00', 'Miami', 6, 1, 2, 0, 0);
INSERT INTO ATTENDS VALUES ('Luke Babbitt', '2017-10-04 23:00:00', 'Cleveland', 9, 4, 0, 0, 1);
INSERT INTO ATTENDS VALUES ('Luke Babbitt', '2017-10-06 23:00:00', 'Detroit', 6, 3, 0, 0, 1);
INSERT INTO ATTENDS VALUES ('Luke Babbitt', '2017-10-09 23:30:00', 'Atlanta', 3, 1, 0, 0, 1);
INSERT INTO ATTENDS VALUES ('Luke Babbitt', '2017-10-12 23:30:00', 'Atlanta', 3, 1, 1, 0, 1);
INSERT INTO ATTENDS VALUES ('Luke Babbitt', '2017-10-19 00:30:00', 'Dallas', 5, 1, 0, 0, 0);
INSERT INTO ATTENDS VALUES ('Luke Babbitt', '2017-10-20 23:00:00', 'Charlotte', 7, 1, 0, 0, 1);
INSERT INTO ATTENDS VALUES ('Luke Babbitt', '2017-10-22 19:30:00', 'Brooklyn', 0, 2, 0, 0, 0);
INSERT INTO ATTENDS VALUES ('Luke Babbitt', '2017-10-23 23:30:00', 'Miami', 9, 1, 0, 0, 0);
INSERT INTO ATTENDS VALUES ('Luke Babbitt', '2017-10-27 00:00:00', 'Chicago', 0, 1, 0, 0, 0);
INSERT INTO ATTENDS VALUES ('Luke Babbitt', '2017-10-27 23:30:00', 'Atlanta', 0, 0, 0, 0, 0);
INSERT INTO ATTENDS VALUES ('Luke Babbitt', '2017-10-29 19:30:00', 'Atlanta', 5, 4, 1, 0, 0);
INSERT INTO PLAYERHAS VALUES ('Austin Rivers', 'USA', 25, 25, 'LA Clippers');
INSERT INTO CAREER VALUES ('Austin Rivers', 0, 0, '2012/1/10');
INSERT INTO ATTENDS VALUES ('Austin Rivers', '2017-10-02 02:00:00', 'Toronto', 8, 1, 3, 0, 4);
INSERT INTO ATTENDS VALUES ('Austin Rivers', '2017-10-04 05:00:00', 'LA', 0, 0, 0, 0, 0);
INSERT INTO ATTENDS VALUES ('Austin Rivers', '2017-10-08 19:30:00', 'LA', 0, 0, 0, 0, 0);
INSERT INTO ATTENDS VALUES ('Austin Rivers', '2017-10-13 02:30:00', 'LA', 0, 0, 0, 0, 0);
INSERT INTO ATTENDS VALUES ('Austin Rivers', '2017-10-14 02:30:00', 'LA', 0, 0, 0, 0, 0);
INSERT INTO ATTENDS VALUES ('Austin Rivers', '2017-10-20 02:30:00', 'Los Angeles', 2, 0, 2, 0, 2);
INSERT INTO ATTENDS VALUES ('Austin Rivers', '2017-10-22 02:30:00', 'LA', 5, 3, 4, 0, 1);
INSERT INTO ATTENDS VALUES ('Austin Rivers', '2017-10-25 02:30:00', 'LA', 16, 0, 2, 0, 1);
INSERT INTO ATTENDS VALUES ('Austin Rivers', '2017-10-27 02:00:00', 'Portland', 16, 1, 0, 0, 2);
INSERT INTO ATTENDS VALUES ('Austin Rivers', '2017-10-29 02:30:00', 'LA', 20, 4, 1, 0, 4);
INSERT INTO ATTENDS VALUES ('Austin Rivers', '2017-10-31 02:30:00', 'LA', 5, 2, 3, 0, 2);
INSERT INTO PLAYERHAS VALUES ('Harrison Barnes', 'USA', 26, 40, 'Dallas Mavericks');
INSERT INTO CAREER VALUES ('Harrison Barnes', 0, 0, '2012/1/7');
INSERT INTO ATTENDS VALUES ('Harrison Barnes', '2017-10-03 00:30:00', 'Dallas', 9, 2, 0, 0, 0);
INSERT INTO ATTENDS VALUES ('Harrison Barnes', '2017-10-05 00:30:00', 'Dallas', 17, 4, 1, 0, 0);
INSERT INTO ATTENDS VALUES ('Harrison Barnes', '2017-10-05 23:00:00', 'Orlando', 0, 0, 0, 0, 0);
INSERT INTO ATTENDS VALUES ('Harrison Barnes', '2017-10-10 00:30:00', 'Dallas', 14, 4, 0, 0, 0);
INSERT INTO ATTENDS VALUES ('Harrison Barnes', '2017-10-12 23:30:00', 'Atlanta', 0, 0, 0, 0, 0);
INSERT INTO ATTENDS VALUES ('Harrison Barnes', '2017-10-13 22:00:00', 'Charlotte', 24, 5, 2, 0, 1);
INSERT INTO ATTENDS VALUES ('Harrison Barnes', '2017-10-19 00:30:00', 'Dallas', 14, 7, 3, 0, 1);
INSERT INTO ATTENDS VALUES ('Harrison Barnes', '2017-10-21 00:30:00', 'Dallas', 24, 4, 1, 0, 0);
INSERT INTO ATTENDS VALUES ('Harrison Barnes', '2017-10-22 00:00:00', 'Houston', 14, 5, 2, 0, 1);
INSERT INTO ATTENDS VALUES ('Harrison Barnes', '2017-10-24 00:30:00', 'Dallas', 13, 7, 3, 0, 1);
INSERT INTO ATTENDS VALUES ('Harrison Barnes', '2017-10-26 00:30:00', 'Dallas', 15, 6, 3, 0, 0);
INSERT INTO ATTENDS VALUES ('Harrison Barnes', '2017-10-27 00:00:00', 'Memphis', 22, 11, 1, 0, 0);
INSERT INTO ATTENDS VALUES ('Harrison Barnes', '2017-10-29 00:30:00', 'Dallas', 25, 4, 0, 0, 1);
INSERT INTO ATTENDS VALUES ('Harrison Barnes', '2017-10-31 01:00:00', 'Utah', 6, 7, 1, 0, 0);
INSERT INTO PLAYERHAS VALUES ('Jeremy Lamb', 'USA', 26, 3, 'Charlotte Hornets');
INSERT INTO CAREER VALUES ('Jeremy Lamb', 0, 0, '2012/1/12');
INSERT INTO ATTENDS VALUES ('Jeremy Lamb', '2017-10-02 23:30:00', 'Boston', 17, 8, 3, 0, 1);
INSERT INTO ATTENDS VALUES ('Jeremy Lamb', '2017-10-04 23:00:00', 'Detroit', 18, 3, 4, 1, 1);
INSERT INTO ATTENDS VALUES ('Jeremy Lamb', '2017-10-09 23:30:00', 'Miami', 11, 3, 2, 0, 0);
INSERT INTO ATTENDS VALUES ('Jeremy Lamb', '2017-10-11 23:00:00', 'Charlotte', 0, 0, 0, 0, 0);
INSERT INTO ATTENDS VALUES ('Jeremy Lamb', '2017-10-13 22:00:00', 'Charlotte', 0, 0, 0, 0, 0);
INSERT INTO ATTENDS VALUES ('Jeremy Lamb', '2017-10-18 23:00:00', 'Detroit', 15, 4, 2, 0, 1);
INSERT INTO ATTENDS VALUES ('Jeremy Lamb', '2017-10-20 23:00:00', 'Charlotte', 15, 5, 2, 1, 0);
INSERT INTO ATTENDS VALUES ('Jeremy Lamb', '2017-10-24 00:00:00', 'Milwaukee', 17, 9, 1, 0, 0);
INSERT INTO ATTENDS VALUES ('Jeremy Lamb', '2017-10-25 23:00:00', 'Charlotte', 16, 2, 4, 1, 1);
INSERT INTO ATTENDS VALUES ('Jeremy Lamb', '2017-10-27 23:00:00', 'Charlotte', 20, 3, 3, 1, 1);
INSERT INTO ATTENDS VALUES ('Jeremy Lamb', '2017-10-29 22:00:00', 'Charlotte', 20, 6, 7, 0, 2);
INSERT INTO ATTENDS VALUES ('Jeremy Lamb', '2017-10-31 00:00:00', 'Memphis', 17, 8, 1, 0, 0);
INSERT INTO PLAYERHAS VALUES ('Meyers Leonard', 'USA', 26, 11, 'Portland Trail Blazers');
INSERT INTO CAREER VALUES ('Meyers Leonard', 0, 0, '2012/1/11');
INSERT INTO ATTENDS VALUES ('Meyers Leonard', '2017-10-04 02:00:00', 'Portland', 9, 3, 0, 0, 0);
INSERT INTO ATTENDS VALUES ('Meyers Leonard', '2017-10-06 02:00:00', 'Portland', 3, 4, 1, 0, 0);
INSERT INTO ATTENDS VALUES ('Meyers Leonard', '2017-10-08 19:30:00', 'LA', 3, 10, 2, 0, 0);
INSERT INTO ATTENDS VALUES ('Meyers Leonard', '2017-10-10 02:00:00', 'Sacramento', 0, 0, 0, 0, 0);
INSERT INTO ATTENDS VALUES ('Meyers Leonard', '2017-10-12 02:00:00', 'Phoenix', 17, 8, 1, 0, 0);
INSERT INTO ATTENDS VALUES ('Meyers Leonard', '2017-10-19 02:00:00', 'Phoenix', 6, 4, 0, 0, 0);
INSERT INTO ATTENDS VALUES ('Meyers Leonard', '2017-10-20 23:00:00', 'Indiana', 0, 0, 0, 0, 0);
INSERT INTO ATTENDS VALUES ('Meyers Leonard', '2017-10-22 00:30:00', 'Milwaukee', 0, 0, 0, 0, 0);
INSERT INTO ATTENDS VALUES ('Meyers Leonard', '2017-10-25 02:00:00', 'Portland', 5, 2, 0, 0, 1);
INSERT INTO ATTENDS VALUES ('Meyers Leonard', '2017-10-27 02:00:00', 'Portland', 0, 0, 0, 0, 0);
INSERT INTO ATTENDS VALUES ('Meyers Leonard', '2017-10-29 02:00:00', 'Portland', 0, 0, 0, 0, 0);
INSERT INTO ATTENDS VALUES ('Meyers Leonard', '2017-10-31 02:00:00', 'Portland', 0, 0, 0, 0, 0);
INSERT INTO PLAYERHAS VALUES ('Damian Lillard', 'USA', 27, 0, 'Portland Trail Blazers');
INSERT INTO CAREER VALUES ('Damian Lillard', 0, 3, '2012/1/6');
INSERT INTO ATTENDS VALUES ('Damian Lillard', '2017-10-04 02:00:00', 'Portland', 18, 2, 4, 0, 2);
INSERT INTO ATTENDS VALUES ('Damian Lillard', '2017-10-06 02:00:00', 'Portland', 16, 5, 8, 0, 0);
INSERT INTO ATTENDS VALUES ('Damian Lillard', '2017-10-08 19:30:00', 'LA', 35, 3, 3, 0, 2);
INSERT INTO ATTENDS VALUES ('Damian Lillard', '2017-10-10 02:00:00', 'Sacramento', 14, 3, 3, 0, 2);
INSERT INTO ATTENDS VALUES ('Damian Lillard', '2017-10-12 02:00:00', 'Phoenix', 13, 4, 2, 1, 2);
INSERT INTO ATTENDS VALUES ('Damian Lillard', '2017-10-19 02:00:00', 'Phoenix', 27, 5, 5, 3, 1);
INSERT INTO ATTENDS VALUES ('Damian Lillard', '2017-10-20 23:00:00', 'Indiana', 18, 7, 7, 1, 1);
INSERT INTO ATTENDS VALUES ('Damian Lillard', '2017-10-22 00:30:00', 'Milwaukee', 26, 5, 4, 0, 4);
INSERT INTO ATTENDS VALUES ('Damian Lillard', '2017-10-25 02:00:00', 'Portland', 13, 5, 7, 0, 1);
INSERT INTO ATTENDS VALUES ('Damian Lillard', '2017-10-27 02:00:00', 'Portland', 25, 2, 6, 0, 0);
INSERT INTO ATTENDS VALUES ('Damian Lillard', '2017-10-29 02:00:00', 'Portland', 25, 7, 9, 0, 1);
INSERT INTO ATTENDS VALUES ('Damian Lillard', '2017-10-31 02:00:00', 'Portland', 36, 2, 2, 1, 2);
INSERT INTO PLAYERHAS VALUES ('Andre Drummond', 'USA', 24, 0, 'Detroit Pistons');
INSERT INTO CAREER VALUES ('Andre Drummond', 0, 2, '2012/1/9');
INSERT INTO ATTENDS VALUES ('Andre Drummond', '2017-10-04 23:00:00', 'Detroit', 16, 16, 1, 1, 1);
INSERT INTO ATTENDS VALUES ('Andre Drummond', '2017-10-09 23:00:00', 'Detroit', 0, 0, 0, 0, 0);
INSERT INTO ATTENDS VALUES ('Andre Drummond', '2017-10-10 23:00:00', 'Toronto', 14, 11, 3, 0, 3);
INSERT INTO ATTENDS VALUES ('Andre Drummond', '2017-10-14 00:30:00', 'Milwaukee', 18, 22, 7, 1, 0);
INSERT INTO ATTENDS VALUES ('Andre Drummond', '2017-10-18 23:00:00', 'Detroit', 8, 13, 4, 2, 1);
INSERT INTO ATTENDS VALUES ('Andre Drummond', '2017-10-20 23:00:00', 'Washington', 9, 12, 2, 0, 1);
INSERT INTO ATTENDS VALUES ('Andre Drummond', '2017-10-22 00:00:00', 'New York', 21, 12, 1, 1, 1);
INSERT INTO ATTENDS VALUES ('Andre Drummond', '2017-10-23 23:00:00', 'Detroit', 14, 14, 1, 1, 4);
INSERT INTO ATTENDS VALUES ('Andre Drummond', '2017-10-25 23:00:00', 'Detroit', 15, 15, 4, 1, 2);
INSERT INTO ATTENDS VALUES ('Andre Drummond', '2017-10-29 02:30:00', 'LA', 15, 17, 1, 3, 2);
INSERT INTO ATTENDS VALUES ('Andre Drummond', '2017-10-30 00:30:00', 'Golden State', 8, 18, 5, 0, 5);
INSERT INTO ATTENDS VALUES ('Andre Drummond', '2017-11-01 02:30:00', 'Los Angeles', 10, 12, 5, 0, 1);
INSERT INTO PLAYERHAS VALUES ('Sterling Brown', 'USA', 23, 23, 'Milwaukee Bucks');
INSERT INTO CAREER VALUES ('Sterling Brown', 0, 0, '2017/2/46');
INSERT INTO ATTENDS VALUES ('Sterling Brown', '2017-10-03 00:30:00', 'Dallas', 0, 5, 2, 0, 2);
INSERT INTO ATTENDS VALUES ('Sterling Brown', '2017-10-05 00:00:00', 'Milwaukee', 0, 0, 0, 0, 0);
INSERT INTO ATTENDS VALUES ('Sterling Brown', '2017-10-07 00:00:00', 'Chicago', 8, 5, 2, 0, 0);
INSERT INTO ATTENDS VALUES ('Sterling Brown', '2017-10-14 00:30:00', 'Milwaukee', 9, 6, 1, 0, 0);
INSERT INTO ATTENDS VALUES ('Sterling Brown', '2017-10-18 23:30:00', 'Boston', 0, 0, 0, 0, 0);
INSERT INTO ATTENDS VALUES ('Sterling Brown', '2017-10-20 23:00:00', 'Milwaukee', 3, 0, 0, 0, 0);
INSERT INTO ATTENDS VALUES ('Sterling Brown', '2017-10-22 00:30:00', 'Milwaukee', 0, 0, 0, 0, 0);
INSERT INTO ATTENDS VALUES ('Sterling Brown', '2017-10-24 00:00:00', 'Milwaukee', 0, 0, 0, 0, 0);
INSERT INTO ATTENDS VALUES ('Sterling Brown', '2017-10-27 00:00:00', 'Milwaukee', 0, 0, 0, 0, 0);
INSERT INTO ATTENDS VALUES ('Sterling Brown', '2017-10-29 19:30:00', 'Atlanta', 0, 0, 0, 0, 0);
INSERT INTO ATTENDS VALUES ('Sterling Brown', '2017-11-01 00:00:00', 'Milwaukee', 2, 2, 2, 0, 1);
INSERT INTO PLAYERHAS VALUES ('DeAndre Jordan', 'USA', 29, 6, 'LA Clippers');
INSERT INTO CAREER VALUES ('DeAndre Jordan', 0, 1, '2008/2/35');
INSERT INTO ATTENDS VALUES ('DeAndre Jordan', '2017-10-02 02:00:00', 'Toronto', 6, 9, 2, 0, 0);
INSERT INTO ATTENDS VALUES ('DeAndre Jordan', '2017-10-04 05:00:00', 'LA', 15, 9, 0, 0, 1);
INSERT INTO ATTENDS VALUES ('DeAndre Jordan', '2017-10-08 19:30:00', 'LA', 12, 14, 0, 0, 1);
INSERT INTO ATTENDS VALUES ('DeAndre Jordan', '2017-10-13 02:30:00', 'LA', 13, 14, 1, 1, 1);
INSERT INTO ATTENDS VALUES ('DeAndre Jordan', '2017-10-14 02:30:00', 'LA', 0, 0, 0, 0, 0);
INSERT INTO ATTENDS VALUES ('DeAndre Jordan', '2017-10-20 02:30:00', 'Los Angeles', 14, 24, 1, 0, 1);
INSERT INTO ATTENDS VALUES ('DeAndre Jordan', '2017-10-22 02:30:00', 'LA', 6, 13, 0, 0, 0);
INSERT INTO ATTENDS VALUES ('DeAndre Jordan', '2017-10-25 02:30:00', 'LA', 11, 18, 1, 0, 2);
INSERT INTO ATTENDS VALUES ('DeAndre Jordan', '2017-10-27 02:00:00', 'Portland', 7, 18, 1, 3, 0);
INSERT INTO ATTENDS VALUES ('DeAndre Jordan', '2017-10-29 02:30:00', 'LA', 7, 14, 0, 3, 0);
INSERT INTO ATTENDS VALUES ('DeAndre Jordan', '2017-10-31 02:30:00', 'LA', 10, 11, 0, 0, 0);
INSERT INTO PLAYERHAS VALUES ('Darius Miller', 'USA', 28, 21, 'New Orleans Pelicans');
INSERT INTO CAREER VALUES ('Darius Miller', 0, 0, '2012/2/46');
INSERT INTO ATTENDS VALUES ('Darius Miller', '2017-10-04 00:00:00', 'New Orleans', 6, 1, 2, 0, 2);
INSERT INTO ATTENDS VALUES ('Darius Miller', '2017-10-07 00:00:00', 'Oklahoma City', 8, 0, 0, 0, 0);
INSERT INTO ATTENDS VALUES ('Darius Miller', '2017-10-08 23:00:00', 'Chicago', 7, 3, 1, 0, 0);
INSERT INTO ATTENDS VALUES ('Darius Miller', '2017-10-14 00:00:00', 'Memphis', 5, 1, 0, 0, 0);
INSERT INTO ATTENDS VALUES ('Darius Miller', '2017-10-19 00:00:00', 'Memphis', 0, 0, 0, 1, 0);
INSERT INTO ATTENDS VALUES ('Darius Miller', '2017-10-21 01:30:00', 'New Orleans', 4, 2, 2, 0, 0);
INSERT INTO ATTENDS VALUES ('Darius Miller', '2017-10-23 01:30:00', 'Los Angeles', 6, 0, 0, 0, 1);
INSERT INTO ATTENDS VALUES ('Darius Miller', '2017-10-25 02:00:00', 'Portland', 5, 2, 0, 0, 0);
INSERT INTO ATTENDS VALUES ('Darius Miller', '2017-10-27 02:30:00', 'Sacramento', 0, 0, 0, 0, 0);
INSERT INTO ATTENDS VALUES ('Darius Miller', '2017-10-28 23:00:00', 'New Orleans', 0, 0, 0, 0, 1);
INSERT INTO ATTENDS VALUES ('Darius Miller', '2017-10-31 00:00:00', 'New Orleans', 0, 0, 0, 0, 0);
INSERT INTO PLAYERHAS VALUES ('John Henson', 'USA', 27, 31, 'Milwaukee Bucks');
INSERT INTO CAREER VALUES ('John Henson', 0, 0, '2012/1/14');
INSERT INTO ATTENDS VALUES ('John Henson', '2017-10-03 00:30:00', 'Dallas', 11, 4, 2, 1, 1);
INSERT INTO ATTENDS VALUES ('John Henson', '2017-10-05 00:00:00', 'Milwaukee', 6, 8, 2, 0, 0);
INSERT INTO ATTENDS VALUES ('John Henson', '2017-10-07 00:00:00', 'Chicago', 4, 5, 2, 1, 1);
INSERT INTO ATTENDS VALUES ('John Henson', '2017-10-14 00:30:00', 'Milwaukee', 4, 2, 0, 1, 1);
INSERT INTO ATTENDS VALUES ('John Henson', '2017-10-18 23:30:00', 'Boston', 5, 6, 2, 4, 0);
INSERT INTO ATTENDS VALUES ('John Henson', '2017-10-20 23:00:00', 'Milwaukee', 4, 2, 0, 0, 0);
INSERT INTO ATTENDS VALUES ('John Henson', '2017-10-22 00:30:00', 'Milwaukee', 7, 9, 0, 3, 0);
INSERT INTO ATTENDS VALUES ('John Henson', '2017-10-24 00:00:00', 'Milwaukee', 2, 3, 0, 0, 0);
INSERT INTO ATTENDS VALUES ('John Henson', '2017-10-27 00:00:00', 'Milwaukee', 1, 3, 0, 0, 0);
INSERT INTO ATTENDS VALUES ('John Henson', '2017-10-29 19:30:00', 'Atlanta', 12, 9, 3, 3, 2);
INSERT INTO ATTENDS VALUES ('John Henson', '2017-11-01 00:00:00', 'Milwaukee', 1, 4, 0, 3, 0);
INSERT INTO PLAYERHAS VALUES ('Kyle O''Quinn', 'USA', 28, 9, 'New York Knicks');
INSERT INTO CAREER VALUES ('Kyle O''Quinn', 0, 0, '2012/2/49');
INSERT INTO ATTENDS VALUES ('Kyle O''Quinn', '2017-10-03 23:30:00', 'New York', 4, 5, 0, 2, 0);
INSERT INTO ATTENDS VALUES ('Kyle O''Quinn', '2017-10-06 23:00:00', 'Washington', 0, 0, 0, 0, 0);
INSERT INTO ATTENDS VALUES ('Kyle O''Quinn', '2017-10-08 23:30:00', 'Brooklyn', 6, 6, 0, 2, 0);
INSERT INTO ATTENDS VALUES ('Kyle O''Quinn', '2017-10-09 23:30:00', 'New York', 4, 6, 4, 1, 1);
INSERT INTO ATTENDS VALUES ('Kyle O''Quinn', '2017-10-13 23:30:00', 'New York', 5, 7, 0, 1, 1);
INSERT INTO ATTENDS VALUES ('Kyle O''Quinn', '2017-10-20 00:00:00', 'Oklahoma City', 6, 10, 2, 0, 0);
INSERT INTO ATTENDS VALUES ('Kyle O''Quinn', '2017-10-22 00:00:00', 'New York', 15, 7, 3, 0, 1);
INSERT INTO ATTENDS VALUES ('Kyle O''Quinn', '2017-10-24 23:30:00', 'Boston', 2, 2, 1, 1, 0);
INSERT INTO ATTENDS VALUES ('Kyle O''Quinn', '2017-10-27 23:30:00', 'New York', 4, 12, 3, 1, 1);
INSERT INTO ATTENDS VALUES ('Kyle O''Quinn', '2017-10-29 23:00:00', 'Cleveland', 0, 3, 1, 2, 0);
INSERT INTO ATTENDS VALUES ('Kyle O''Quinn', '2017-10-30 23:30:00', 'New York', 15, 12, 1, 5, 0);
INSERT INTO PLAYERHAS VALUES ('Monte Morris', 'USA', 22, 11, 'Denver Nuggets');
INSERT INTO CAREER VALUES ('Monte Morris', 0, 0, '2017/2/51');
INSERT INTO ATTENDS VALUES ('Monte Morris', '2017-10-01 00:30:00', 'Golden State', 0, 0, 0, 0, 0);
INSERT INTO ATTENDS VALUES ('Monte Morris', '2017-10-03 02:30:00', 'Los Angeles', 2, 0, 1, 0, 0);
INSERT INTO ATTENDS VALUES ('Monte Morris', '2017-10-05 02:00:00', 'Los Angeles', 2, 1, 0, 0, 0);
INSERT INTO ATTENDS VALUES ('Monte Morris', '2017-10-08 20:00:00', 'San Antonio', 5, 0, 0, 0, 0);
INSERT INTO ATTENDS VALUES ('Monte Morris', '2017-10-11 01:00:00', 'Denver', 0, 0, 0, 0, 0);
INSERT INTO PLAYERHAS VALUES ('Terrance Ferguson', 'USA', 20, 23, 'Oklahoma City Thunder');
INSERT INTO CAREER VALUES ('Terrance Ferguson', 0, 0, '2017/1/21');
INSERT INTO ATTENDS VALUES ('Terrance Ferguson', '2017-10-04 00:00:00', 'Oklahoma City', 8, 1, 0, 0, 1);
INSERT INTO ATTENDS VALUES ('Terrance Ferguson', '2017-10-07 00:00:00', 'Oklahoma City', 9, 3, 0, 1, 0);
INSERT INTO ATTENDS VALUES ('Terrance Ferguson', '2017-10-11 01:00:00', 'Denver', 5, 2, 2, 0, 1);
INSERT INTO ATTENDS VALUES ('Terrance Ferguson', '2017-10-20 00:00:00', 'Oklahoma City', 2, 0, 0, 0, 0);
INSERT INTO ATTENDS VALUES ('Terrance Ferguson', '2017-10-22 01:00:00', 'Utah', 0, 1, 0, 0, 0);
INSERT INTO ATTENDS VALUES ('Terrance Ferguson', '2017-10-22 23:00:00', 'Oklahoma City', 0, 0, 0, 0, 0);
INSERT INTO ATTENDS VALUES ('Terrance Ferguson', '2017-10-26 00:00:00', 'Oklahoma City', 0, 0, 0, 1, 0);
INSERT INTO ATTENDS VALUES ('Terrance Ferguson', '2017-10-28 00:00:00', 'Minnesota', 0, 0, 0, 0, 1);
INSERT INTO ATTENDS VALUES ('Terrance Ferguson', '2017-10-29 00:00:00', 'Chicago', 2, 1, 0, 0, 0);
INSERT INTO ATTENDS VALUES ('Terrance Ferguson', '2017-11-01 00:00:00', 'Milwaukee', 0, 0, 0, 0, 0);
INSERT INTO PLAYERHAS VALUES ('Brandon Knight', 'USA', 26, 11, 'Phoenix Suns');
INSERT INTO CAREER VALUES ('Brandon Knight', 0, 0, '2011/1/8');
INSERT INTO ATTENDS VALUES ('Brandon Knight', '2017-10-04 02:00:00', 'Portland', 0, 0, 0, 0, 0);
INSERT INTO ATTENDS VALUES ('Brandon Knight', '2017-10-07 01:00:00', 'Utah', 0, 0, 0, 0, 0);
INSERT INTO ATTENDS VALUES ('Brandon Knight', '2017-10-12 02:00:00', 'Phoenix', 0, 0, 0, 0, 0);
INSERT INTO PLAYERHAS VALUES ('Davis Bertans', 'Latvia', 25, 42, 'San Antonio Spurs');
INSERT INTO CAREER VALUES ('Davis Bertans', 0, 0, '2011/2/42');
INSERT INTO ATTENDS VALUES ('Davis Bertans', '2017-10-03 02:00:00', 'Sacramento', 4, 6, 2, 0, 0);
INSERT INTO ATTENDS VALUES ('Davis Bertans', '2017-10-07 00:30:00', 'San Antonio', 9, 0, 0, 2, 1);
INSERT INTO ATTENDS VALUES ('Davis Bertans', '2017-10-08 20:00:00', 'San Antonio', 10, 3, 1, 0, 3);
INSERT INTO ATTENDS VALUES ('Davis Bertans', '2017-10-11 00:30:00', 'San Antonio', 2, 1, 0, 0, 0);
INSERT INTO ATTENDS VALUES ('Davis Bertans', '2017-10-14 00:00:00', 'Houston', 0, 0, 0, 0, 1);
INSERT INTO ATTENDS VALUES ('Davis Bertans', '2017-10-19 01:30:00', 'San Antonio', 0, 2, 0, 0, 0);
INSERT INTO ATTENDS VALUES ('Davis Bertans', '2017-10-22 00:00:00', 'Chicago', 0, 0, 0, 0, 0);
INSERT INTO ATTENDS VALUES ('Davis Bertans', '2017-10-24 00:30:00', 'San Antonio', 0, 0, 0, 0, 0);
INSERT INTO ATTENDS VALUES ('Davis Bertans', '2017-10-26 00:00:00', 'Miami', 0, 0, 0, 0, 0);
INSERT INTO ATTENDS VALUES ('Davis Bertans', '2017-10-27 23:00:00', 'Orlando', 6, 1, 0, 1, 0);
INSERT INTO ATTENDS VALUES ('Davis Bertans', '2017-10-29 20:30:00', 'Indiana', 0, 0, 0, 0, 1);
INSERT INTO ATTENDS VALUES ('Davis Bertans', '2017-10-30 23:30:00', 'Boston', 3, 2, 3, 0, 0);
INSERT INTO PLAYERHAS VALUES ('Jon Leuer', 'USA', 29, 30, 'Detroit Pistons');
INSERT INTO CAREER VALUES ('Jon Leuer', 0, 0, '2011/2/40');
INSERT INTO ATTENDS VALUES ('Jon Leuer', '2017-10-04 23:00:00', 'Detroit', 10, 5, 1, 1, 0);
INSERT INTO ATTENDS VALUES ('Jon Leuer', '2017-10-06 23:00:00', 'Detroit', 6, 10, 3, 2, 1);
INSERT INTO ATTENDS VALUES ('Jon Leuer', '2017-10-09 23:00:00', 'Detroit', 0, 0, 0, 0, 0);
INSERT INTO ATTENDS VALUES ('Jon Leuer', '2017-10-10 23:00:00', 'Toronto', 6, 3, 0, 0, 0);
INSERT INTO ATTENDS VALUES ('Jon Leuer', '2017-10-14 00:30:00', 'Milwaukee', 0, 2, 2, 0, 0);
INSERT INTO ATTENDS VALUES ('Jon Leuer', '2017-10-18 23:00:00', 'Detroit', 4, 3, 0, 1, 0);
INSERT INTO ATTENDS VALUES ('Jon Leuer', '2017-10-20 23:00:00', 'Washington', 10, 1, 1, 1, 0);
INSERT INTO ATTENDS VALUES ('Jon Leuer', '2017-10-22 00:00:00', 'New York', 6, 2, 2, 0, 0);
INSERT INTO ATTENDS VALUES ('Jon Leuer', '2017-10-23 23:00:00', 'Detroit', 6, 4, 0, 0, 0);
INSERT INTO ATTENDS VALUES ('Jon Leuer', '2017-10-25 23:00:00', 'Detroit', 7, 9, 0, 0, 0);
INSERT INTO ATTENDS VALUES ('Jon Leuer', '2017-10-29 02:30:00', 'LA', 2, 5, 1, 1, 0);
INSERT INTO ATTENDS VALUES ('Jon Leuer', '2017-10-30 00:30:00', 'Golden State', 4, 4, 0, 0, 1);
INSERT INTO ATTENDS VALUES ('Jon Leuer', '2017-11-01 02:30:00', 'Los Angeles', 4, 4, 1, 0, 0);
INSERT INTO PLAYERHAS VALUES ('Kyrie Irving', 'Australia', 26, 11, 'Boston Celtics');
INSERT INTO CAREER VALUES ('Kyrie Irving', 0, 5, '2011/1/1');
INSERT INTO ATTENDS VALUES ('Kyrie Irving', '2017-10-02 23:30:00', 'Boston', 9, 4, 3, 0, 2);
INSERT INTO ATTENDS VALUES ('Kyrie Irving', '2017-10-06 23:00:00', 'Philadelphia', 21, 2, 3, 0, 1);
INSERT INTO ATTENDS VALUES ('Kyrie Irving', '2017-10-09 23:30:00', 'Boston', 0, 0, 0, 0, 0);
INSERT INTO ATTENDS VALUES ('Kyrie Irving', '2017-10-11 23:00:00', 'Charlotte', 16, 5, 10, 0, 1);
INSERT INTO ATTENDS VALUES ('Kyrie Irving', '2017-10-18 00:00:00', 'Cleveland', 22, 4, 10, 0, 3);
INSERT INTO ATTENDS VALUES ('Kyrie Irving', '2017-10-18 23:30:00', 'Boston', 17, 4, 3, 0, 3);
INSERT INTO ATTENDS VALUES ('Kyrie Irving', '2017-10-20 23:00:00', 'Philadelphia', 21, 6, 4, 0, 2);
INSERT INTO ATTENDS VALUES ('Kyrie Irving', '2017-10-24 23:30:00', 'Boston', 20, 3, 7, 0, 1);
INSERT INTO ATTENDS VALUES ('Kyrie Irving', '2017-10-27 00:00:00', 'Milwaukee', 24, 3, 7, 1, 2);
INSERT INTO ATTENDS VALUES ('Kyrie Irving', '2017-10-29 00:00:00', 'Miami', 24, 4, 3, 1, 3);
INSERT INTO ATTENDS VALUES ('Kyrie Irving', '2017-10-30 23:30:00', 'Boston', 24, 2, 6, 1, 3);
INSERT INTO PLAYERHAS VALUES ('Enes Kanter', 'Turkey', 26, 00, 'New York Knicks');
INSERT INTO CAREER VALUES ('Enes Kanter', 0, 0, '2011/1/3');
INSERT INTO ATTENDS VALUES ('Enes Kanter', '2017-10-03 23:30:00', 'New York', 17, 3, 1, 0, 0);
INSERT INTO ATTENDS VALUES ('Enes Kanter', '2017-10-06 23:00:00', 'Washington', 16, 5, 0, 0, 0);
INSERT INTO ATTENDS VALUES ('Enes Kanter', '2017-10-08 23:30:00', 'Brooklyn', 0, 0, 0, 0, 0);
INSERT INTO ATTENDS VALUES ('Enes Kanter', '2017-10-09 23:30:00', 'New York', 14, 8, 1, 0, 0);
INSERT INTO ATTENDS VALUES ('Enes Kanter', '2017-10-13 23:30:00', 'New York', 15, 7, 2, 1, 1);
INSERT INTO ATTENDS VALUES ('Enes Kanter', '2017-10-20 00:00:00', 'Oklahoma City', 10, 7, 1, 0, 3);
INSERT INTO ATTENDS VALUES ('Enes Kanter', '2017-10-22 00:00:00', 'New York', 17, 10, 0, 0, 0);
INSERT INTO ATTENDS VALUES ('Enes Kanter', '2017-10-24 23:30:00', 'Boston', 16, 19, 0, 1, 0);
INSERT INTO ATTENDS VALUES ('Enes Kanter', '2017-10-27 23:30:00', 'New York', 12, 6, 1, 2, 0);
INSERT INTO ATTENDS VALUES ('Enes Kanter', '2017-10-29 23:00:00', 'Cleveland', 18, 12, 0, 1, 1);
INSERT INTO ATTENDS VALUES ('Enes Kanter', '2017-10-30 23:30:00', 'New York', 12, 9, 2, 1, 0);
INSERT INTO PLAYERHAS VALUES ('Tristan Thompson', 'Canada', 27, 13, 'Cleveland Cavaliers');
INSERT INTO CAREER VALUES ('Tristan Thompson', 0, 0, '2011/1/4');
INSERT INTO ATTENDS VALUES ('Tristan Thompson', '2017-10-04 23:00:00', 'Cleveland', 2, 2, 0, 2, 0);
INSERT INTO ATTENDS VALUES ('Tristan Thompson', '2017-10-06 23:30:00', 'Cleveland', 2, 8, 0, 1, 0);
INSERT INTO ATTENDS VALUES ('Tristan Thompson', '2017-10-11 00:00:00', 'Cleveland', 7, 11, 1, 1, 1);
INSERT INTO ATTENDS VALUES ('Tristan Thompson', '2017-10-13 23:00:00', 'Orlando', 4, 6, 0, 0, 1);
INSERT INTO ATTENDS VALUES ('Tristan Thompson', '2017-10-18 00:00:00', 'Cleveland', 5, 6, 2, 0, 0);
INSERT INTO ATTENDS VALUES ('Tristan Thompson', '2017-10-20 23:00:00', 'Milwaukee', 8, 8, 0, 0, 0);
INSERT INTO ATTENDS VALUES ('Tristan Thompson', '2017-10-22 00:00:00', 'Cleveland', 4, 9, 1, 1, 0);
INSERT INTO ATTENDS VALUES ('Tristan Thompson', '2017-10-24 23:00:00', 'Cleveland', 5, 9, 0, 1, 0);
INSERT INTO ATTENDS VALUES ('Tristan Thompson', '2017-10-25 23:30:00', 'Brooklyn', 3, 8, 0, 0, 1);
INSERT INTO ATTENDS VALUES ('Tristan Thompson', '2017-10-28 23:00:00', 'New Orleans', 7, 4, 0, 0, 0);
INSERT INTO ATTENDS VALUES ('Tristan Thompson', '2017-10-29 23:00:00', 'Cleveland', 1, 0, 0, 1, 0);
INSERT INTO PLAYERHAS VALUES ('Jonas Valanciunas', 'Lithuania', 26, 17, 'Toronto Raptors');
INSERT INTO CAREER VALUES ('Jonas Valanciunas', 0, 0, '2011/1/5');
INSERT INTO ATTENDS VALUES ('Jonas Valanciunas', '2017-10-02 02:00:00', 'Toronto', 10, 10, 4, 0, 0);
INSERT INTO ATTENDS VALUES ('Jonas Valanciunas', '2017-10-04 05:00:00', 'LA', 11, 6, 0, 0, 1);
INSERT INTO ATTENDS VALUES ('Jonas Valanciunas', '2017-10-06 02:00:00', 'Portland', 8, 7, 0, 1, 0);
INSERT INTO ATTENDS VALUES ('Jonas Valanciunas', '2017-10-10 23:00:00', 'Toronto', 18, 11, 0, 1, 2);
INSERT INTO ATTENDS VALUES ('Jonas Valanciunas', '2017-10-14 00:00:00', 'Chicago', 11, 10, 1, 2, 0);
INSERT INTO ATTENDS VALUES ('Jonas Valanciunas', '2017-10-19 23:30:00', 'Toronto', 23, 15, 2, 0, 2);
INSERT INTO ATTENDS VALUES ('Jonas Valanciunas', '2017-10-21 23:30:00', 'Toronto', 5, 4, 0, 0, 0);
INSERT INTO PLAYERHAS VALUES ('Bismack Biyombo', 'Democratic Republic of the Congo', 25, 11, 'Orlando Magic');
INSERT INTO CAREER VALUES ('Bismack Biyombo', 0, 0, '2011/1/7');
INSERT INTO ATTENDS VALUES ('Bismack Biyombo', '2017-10-03 00:00:00', 'Memphis', 2, 3, 1, 1, 0);
INSERT INTO ATTENDS VALUES ('Bismack Biyombo', '2017-10-05 23:00:00', 'Orlando', 8, 4, 0, 1, 0);
INSERT INTO ATTENDS VALUES ('Bismack Biyombo', '2017-10-07 23:00:00', 'Orlando', 2, 9, 1, 3, 0);
INSERT INTO ATTENDS VALUES ('Bismack Biyombo', '2017-10-10 00:30:00', 'Dallas', 0, 0, 0, 0, 0);
INSERT INTO ATTENDS VALUES ('Bismack Biyombo', '2017-10-11 00:30:00', 'San Antonio', 18, 5, 1, 1, 0);
INSERT INTO ATTENDS VALUES ('Bismack Biyombo', '2017-10-13 23:00:00', 'Orlando', 8, 9, 1, 0, 0);
INSERT INTO ATTENDS VALUES ('Bismack Biyombo', '2017-10-18 23:00:00', 'Orlando', 9, 5, 0, 2, 0);
INSERT INTO ATTENDS VALUES ('Bismack Biyombo', '2017-10-20 23:30:00', 'Brooklyn', 3, 1, 0, 1, 0);
INSERT INTO ATTENDS VALUES ('Bismack Biyombo', '2017-10-22 00:00:00', 'Cleveland', 8, 5, 0, 1, 0);
INSERT INTO ATTENDS VALUES ('Bismack Biyombo', '2017-10-24 23:00:00', 'Orlando', 5, 5, 0, 1, 0);
INSERT INTO ATTENDS VALUES ('Bismack Biyombo', '2017-10-27 23:00:00', 'Orlando', 5, 8, 0, 2, 0);
INSERT INTO ATTENDS VALUES ('Bismack Biyombo', '2017-10-29 22:00:00', 'Charlotte', 2, 4, 0, 1, 1);
INSERT INTO ATTENDS VALUES ('Bismack Biyombo', '2017-10-31 00:00:00', 'New Orleans', 0, 1, 0, 0, 0);
INSERT INTO PLAYERHAS VALUES ('Abdel Nader', 'Egypt', 24, 28, 'Boston Celtics');
INSERT INTO CAREER VALUES ('Abdel Nader', 0, 0, '2016/2/58');
INSERT INTO ATTENDS VALUES ('Abdel Nader', '2017-10-02 23:30:00', 'Boston', 10, 4, 0, 0, 0);
INSERT INTO ATTENDS VALUES ('Abdel Nader', '2017-10-06 23:00:00', 'Philadelphia', 2, 2, 2, 0, 0);
INSERT INTO ATTENDS VALUES ('Abdel Nader', '2017-10-09 23:30:00', 'Boston', 15, 2, 1, 0, 1);
INSERT INTO ATTENDS VALUES ('Abdel Nader', '2017-10-11 23:00:00', 'Charlotte', 5, 0, 1, 1, 0);
INSERT INTO ATTENDS VALUES ('Abdel Nader', '2017-10-18 00:00:00', 'Cleveland', 0, 0, 0, 0, 0);
INSERT INTO ATTENDS VALUES ('Abdel Nader', '2017-10-18 23:30:00', 'Boston', 4, 0, 1, 0, 0);
INSERT INTO ATTENDS VALUES ('Abdel Nader', '2017-10-20 23:00:00', 'Philadelphia', 0, 2, 0, 0, 0);
INSERT INTO ATTENDS VALUES ('Abdel Nader', '2017-10-24 23:30:00', 'Boston', 0, 0, 0, 0, 0);
INSERT INTO ATTENDS VALUES ('Abdel Nader', '2017-10-27 00:00:00', 'Milwaukee', 0, 0, 0, 0, 0);
INSERT INTO ATTENDS VALUES ('Abdel Nader', '2017-10-29 00:00:00', 'Miami', 0, 0, 0, 0, 0);
INSERT INTO ATTENDS VALUES ('Abdel Nader', '2017-10-30 23:30:00', 'Boston', 2, 1, 1, 0, 0);
INSERT INTO PLAYERHAS VALUES ('Nick Collison', 'USA', 37, 4, 'Oklahoma City Thunder');
INSERT INTO CAREER VALUES ('Nick Collison', 0, 0, '2003/1/12');
INSERT INTO ATTENDS VALUES ('Nick Collison', '2017-10-04 00:00:00', 'Oklahoma City', 0, 0, 0, 0, 0);
INSERT INTO ATTENDS VALUES ('Nick Collison', '2017-10-07 00:00:00', 'Oklahoma City', 0, 1, 0, 0, 0);
INSERT INTO ATTENDS VALUES ('Nick Collison', '2017-10-11 01:00:00', 'Denver', 0, 0, 0, 0, 0);
INSERT INTO ATTENDS VALUES ('Nick Collison', '2017-10-20 00:00:00', 'Oklahoma City', 0, 0, 0, 0, 0);
INSERT INTO ATTENDS VALUES ('Nick Collison', '2017-10-22 01:00:00', 'Utah', 0, 0, 0, 0, 0);
INSERT INTO ATTENDS VALUES ('Nick Collison', '2017-10-22 23:00:00', 'Oklahoma City', 0, 0, 0, 0, 0);
INSERT INTO ATTENDS VALUES ('Nick Collison', '2017-10-26 00:00:00', 'Oklahoma City', 0, 0, 0, 0, 0);
INSERT INTO ATTENDS VALUES ('Nick Collison', '2017-10-28 00:00:00', 'Minnesota', 0, 0, 0, 0, 0);
INSERT INTO ATTENDS VALUES ('Nick Collison', '2017-10-29 00:00:00', 'Chicago', 0, 0, 1, 0, 0);
INSERT INTO ATTENDS VALUES ('Nick Collison', '2017-11-01 00:00:00', 'Milwaukee', 0, 0, 0, 0, 0);
INSERT INTO PLAYERHAS VALUES ('Kadeem Allen', 'USA', 25, 45, 'Boston Celtics');
INSERT INTO CAREER VALUES ('Kadeem Allen', 0, 0, '2017/2/53');
INSERT INTO ATTENDS VALUES ('Kadeem Allen', '2017-10-02 23:30:00', 'Boston', 0, 0, 0, 0, 0);
INSERT INTO ATTENDS VALUES ('Kadeem Allen', '2017-10-06 23:00:00', 'Philadelphia', 0, 0, 0, 0, 0);
INSERT INTO ATTENDS VALUES ('Kadeem Allen', '2017-10-09 23:30:00', 'Boston', 7, 0, 3, 0, 0);
INSERT INTO ATTENDS VALUES ('Kadeem Allen', '2017-10-11 23:00:00', 'Charlotte', 0, 0, 0, 0, 0);
INSERT INTO PLAYERHAS VALUES ('Markel Brown', 'USA', 26, 26, 'Houston Rockets');
INSERT INTO CAREER VALUES ('Markel Brown', 0, 0, '2014/2/44');
INSERT INTO ATTENDS VALUES ('Markel Brown', '2017-10-04 00:00:00', 'Oklahoma City', 0, 0, 0, 0, 0);
INSERT INTO ATTENDS VALUES ('Markel Brown', '2017-10-07 00:00:00', 'Oklahoma City', 0, 0, 0, 0, 0);
INSERT INTO ATTENDS VALUES ('Markel Brown', '2017-10-11 01:00:00', 'Denver', 0, 0, 0, 0, 0);
INSERT INTO PLAYERHAS VALUES ('Elfrid Payton', 'USA', 24, 2, 'Phoenix Suns');
INSERT INTO CAREER VALUES ('Elfrid Payton', 0, 0, '2014/1/10');
INSERT INTO ATTENDS VALUES ('Elfrid Payton', '2017-10-03 00:00:00', 'Memphis', 3, 5, 4, 0, 0);
INSERT INTO ATTENDS VALUES ('Elfrid Payton', '2017-10-05 23:00:00', 'Orlando', 2, 5, 5, 0, 0);
INSERT INTO ATTENDS VALUES ('Elfrid Payton', '2017-10-07 23:00:00', 'Orlando', 4, 3, 9, 1, 1);
INSERT INTO ATTENDS VALUES ('Elfrid Payton', '2017-10-10 00:30:00', 'Dallas', 0, 0, 0, 0, 0);
INSERT INTO ATTENDS VALUES ('Elfrid Payton', '2017-10-11 00:30:00', 'San Antonio', 11, 4, 9, 1, 4);
INSERT INTO ATTENDS VALUES ('Elfrid Payton', '2017-10-13 23:00:00', 'Orlando', 11, 4, 6, 0, 3);
INSERT INTO ATTENDS VALUES ('Elfrid Payton', '2017-10-18 23:00:00', 'Orlando', 13, 3, 9, 1, 3);
INSERT INTO ATTENDS VALUES ('Elfrid Payton', '2017-10-20 23:30:00', 'Brooklyn', 4, 1, 4, 0, 1);
INSERT INTO PLAYERHAS VALUES ('Jabari Bird', 'USA', 23, 26, 'Boston Celtics');
INSERT INTO CAREER VALUES ('Jabari Bird', 0, 0, '2017/2/56');
INSERT INTO ATTENDS VALUES ('Jabari Bird', '2017-10-02 23:30:00', 'Boston', 3, 1, 0, 0, 1);
INSERT INTO ATTENDS VALUES ('Jabari Bird', '2017-10-06 23:00:00', 'Philadelphia', 0, 0, 0, 0, 0);
INSERT INTO ATTENDS VALUES ('Jabari Bird', '2017-10-09 23:30:00', 'Boston', 10, 2, 0, 0, 2);
INSERT INTO ATTENDS VALUES ('Jabari Bird', '2017-10-11 23:00:00', 'Charlotte', 0, 1, 0, 0, 0);
INSERT INTO ATTENDS VALUES ('Jabari Bird', '2017-10-18 23:30:00', 'Boston', 0, 0, 0, 0, 0);
INSERT INTO ATTENDS VALUES ('Jabari Bird', '2017-10-20 23:00:00', 'Philadelphia', 3, 1, 0, 0, 0);
INSERT INTO ATTENDS VALUES ('Jabari Bird', '2017-10-24 23:30:00', 'Boston', 0, 0, 0, 0, 0);
INSERT INTO ATTENDS VALUES ('Jabari Bird', '2017-10-27 00:00:00', 'Milwaukee', 0, 0, 0, 0, 0);
INSERT INTO ATTENDS VALUES ('Jabari Bird', '2017-10-29 00:00:00', 'Miami', 0, 0, 0, 0, 0);
INSERT INTO PLAYERHAS VALUES ('Jordan Clarkson', 'USA', 26, 8, 'Cleveland Cavaliers');
INSERT INTO CAREER VALUES ('Jordan Clarkson', 0, 0, '2014/2/46');
INSERT INTO ATTENDS VALUES ('Jordan Clarkson', '2017-10-01 02:00:00', 'Los Angeles', 14, 2, 2, 0, 0);
INSERT INTO ATTENDS VALUES ('Jordan Clarkson', '2017-10-03 02:30:00', 'Los Angeles', 8, 2, 4, 0, 1);
INSERT INTO ATTENDS VALUES ('Jordan Clarkson', '2017-10-05 02:00:00', 'Los Angeles', 12, 2, 1, 0, 0);
INSERT INTO ATTENDS VALUES ('Jordan Clarkson', '2017-10-09 01:00:00', 'Los Angeles', 10, 4, 2, 0, 1);
INSERT INTO ATTENDS VALUES ('Jordan Clarkson', '2017-10-11 02:30:00', 'Los Angeles', 18, 3, 0, 0, 2);
INSERT INTO ATTENDS VALUES ('Jordan Clarkson', '2017-10-14 02:30:00', 'LA', 9, 0, 1, 0, 1);
INSERT INTO ATTENDS VALUES ('Jordan Clarkson', '2017-10-20 02:30:00', 'Los Angeles', 18, 2, 2, 0, 2);
INSERT INTO ATTENDS VALUES ('Jordan Clarkson', '2017-10-21 02:00:00', 'Phoenix', 17, 2, 1, 0, 0);
INSERT INTO ATTENDS VALUES ('Jordan Clarkson', '2017-10-23 01:30:00', 'Los Angeles', 24, 0, 5, 0, 0);
INSERT INTO ATTENDS VALUES ('Jordan Clarkson', '2017-10-26 02:30:00', 'Los Angeles', 8, 1, 4, 0, 1);
INSERT INTO ATTENDS VALUES ('Jordan Clarkson', '2017-10-28 02:30:00', 'Los Angeles', 11, 2, 0, 0, 0);
INSERT INTO ATTENDS VALUES ('Jordan Clarkson', '2017-10-29 01:00:00', 'Utah', 15, 4, 2, 0, 0);
INSERT INTO ATTENDS VALUES ('Jordan Clarkson', '2017-11-01 02:30:00', 'Los Angeles', 10, 3, 4, 0, 0);
INSERT INTO PLAYERHAS VALUES ('Jahlil Okafor', 'USA', 22, 4, 'Brooklyn Nets');
INSERT INTO CAREER VALUES ('Jahlil Okafor', 0, 0, '2015/1/3');
INSERT INTO ATTENDS VALUES ('Jahlil Okafor', '2017-10-04 23:00:00', 'Philadelphia', 13, 6, 0, 2, 0);
INSERT INTO ATTENDS VALUES ('Jahlil Okafor', '2017-10-06 23:00:00', 'Philadelphia', 11, 6, 2, 0, 1);
INSERT INTO ATTENDS VALUES ('Jahlil Okafor', '2017-10-09 23:30:00', 'Boston', 6, 5, 0, 1, 0);
INSERT INTO ATTENDS VALUES ('Jahlil Okafor', '2017-10-11 23:30:00', 'Brooklyn', 8, 2, 0, 1, 0);
INSERT INTO ATTENDS VALUES ('Jahlil Okafor', '2017-10-14 00:30:00', 'Philadelphia', 5, 2, 3, 0, 0);
INSERT INTO ATTENDS VALUES ('Jahlil Okafor', '2017-10-18 23:00:00', 'Washington', 0, 0, 0, 0, 0);
INSERT INTO ATTENDS VALUES ('Jahlil Okafor', '2017-10-20 23:00:00', 'Philadelphia', 0, 0, 0, 0, 0);
INSERT INTO ATTENDS VALUES ('Jahlil Okafor', '2017-10-21 23:30:00', 'Toronto', 10, 9, 0, 2, 0);
INSERT INTO ATTENDS VALUES ('Jahlil Okafor', '2017-10-23 23:00:00', 'Detroit', 0, 0, 0, 0, 0);
INSERT INTO ATTENDS VALUES ('Jahlil Okafor', '2017-10-25 23:00:00', 'Philadelphia', 0, 0, 0, 0, 0);
INSERT INTO ATTENDS VALUES ('Jahlil Okafor', '2017-10-31 00:00:00', 'Houston', 0, 0, 0, 0, 0);
INSERT INTO PLAYERHAS VALUES ('Tyus Jones', 'USA', 22, 1, 'Minnesota Timberwolves');
INSERT INTO CAREER VALUES ('Tyus Jones', 0, 0, '2015/1/24');
INSERT INTO ATTENDS VALUES ('Tyus Jones', '2017-10-01 02:00:00', 'Los Angeles', 2, 2, 1, 0, 0);
INSERT INTO ATTENDS VALUES ('Tyus Jones', '2017-10-05 06:00:00', 'Golden State', 10, 2, 6, 0, 1);
INSERT INTO ATTENDS VALUES ('Tyus Jones', '2017-10-08 11:00:00', 'Minnesota', 5, 3, 3, 0, 1);
INSERT INTO ATTENDS VALUES ('Tyus Jones', '2017-10-19 01:30:00', 'San Antonio', 3, 2, 1, 0, 1);
INSERT INTO ATTENDS VALUES ('Tyus Jones', '2017-10-21 00:00:00', 'Minnesota', 0, 1, 5, 0, 0);
INSERT INTO ATTENDS VALUES ('Tyus Jones', '2017-10-22 23:00:00', 'Oklahoma City', 1, 0, 0, 0, 1);
INSERT INTO ATTENDS VALUES ('Tyus Jones', '2017-10-25 00:00:00', 'Minnesota', 3, 3, 2, 0, 0);
INSERT INTO ATTENDS VALUES ('Tyus Jones', '2017-10-25 23:00:00', 'Detroit', 6, 3, 2, 0, 1);
INSERT INTO ATTENDS VALUES ('Tyus Jones', '2017-10-28 00:00:00', 'Minnesota', 0, 1, 2, 0, 0);
INSERT INTO ATTENDS VALUES ('Tyus Jones', '2017-10-30 23:30:00', 'Miami', 5, 0, 1, 0, 0);
INSERT INTO PLAYERHAS VALUES ('Emmanuel Mudiay', 'Democratic Republic of the Congo', 22, 1, 'New York Knicks');
INSERT INTO CAREER VALUES ('Emmanuel Mudiay', 0, 0, '2015/1/7');
INSERT INTO ATTENDS VALUES ('Emmanuel Mudiay', '2017-10-01 00:30:00', 'Golden State', 19, 2, 4, 0, 0);
INSERT INTO ATTENDS VALUES ('Emmanuel Mudiay', '2017-10-03 02:30:00', 'Los Angeles', 6, 4, 4, 0, 0);
INSERT INTO ATTENDS VALUES ('Emmanuel Mudiay', '2017-10-05 02:00:00', 'Los Angeles', 13, 4, 5, 0, 1);
INSERT INTO ATTENDS VALUES ('Emmanuel Mudiay', '2017-10-08 20:00:00', 'San Antonio', 4, 0, 3, 0, 0);
INSERT INTO ATTENDS VALUES ('Emmanuel Mudiay', '2017-10-11 01:00:00', 'Denver', 0, 1, 3, 0, 0);
INSERT INTO ATTENDS VALUES ('Emmanuel Mudiay', '2017-10-19 01:00:00', 'Utah', 8, 1, 2, 0, 0);
INSERT INTO ATTENDS VALUES ('Emmanuel Mudiay', '2017-10-22 01:00:00', 'Denver', 10, 8, 4, 0, 0);
INSERT INTO ATTENDS VALUES ('Emmanuel Mudiay', '2017-10-24 01:00:00', 'Denver', 15, 3, 1, 0, 1);
INSERT INTO ATTENDS VALUES ('Emmanuel Mudiay', '2017-10-25 23:00:00', 'Charlotte', 2, 4, 1, 0, 0);
INSERT INTO ATTENDS VALUES ('Emmanuel Mudiay', '2017-10-27 23:30:00', 'Atlanta', 16, 4, 4, 0, 0);
INSERT INTO ATTENDS VALUES ('Emmanuel Mudiay', '2017-10-29 22:00:00', 'Brooklyn', 15, 3, 5, 0, 0);
INSERT INTO ATTENDS VALUES ('Emmanuel Mudiay', '2017-10-30 23:30:00', 'New York', 15, 1, 1, 0, 2);
INSERT INTO PLAYERHAS VALUES ('Justin Anderson', 'USA', 24, 1, 'Philadelphia 76ers');
INSERT INTO CAREER VALUES ('Justin Anderson', 0, 0, '2015/1/21');
INSERT INTO ATTENDS VALUES ('Justin Anderson', '2017-10-04 23:00:00', 'Philadelphia', 5, 0, 0, 0, 0);
INSERT INTO ATTENDS VALUES ('Justin Anderson', '2017-10-06 23:00:00', 'Philadelphia', 10, 6, 0, 2, 1);
INSERT INTO ATTENDS VALUES ('Justin Anderson', '2017-10-09 23:30:00', 'Boston', 2, 3, 3, 0, 1);
INSERT INTO ATTENDS VALUES ('Justin Anderson', '2017-10-11 23:30:00', 'Brooklyn', 2, 2, 0, 0, 0);
INSERT INTO ATTENDS VALUES ('Justin Anderson', '2017-10-14 00:30:00', 'Philadelphia', 8, 1, 0, 0, 2);
INSERT INTO ATTENDS VALUES ('Justin Anderson', '2017-10-18 23:00:00', 'Washington', 0, 0, 0, 0, 0);
INSERT INTO ATTENDS VALUES ('Justin Anderson', '2017-10-20 23:00:00', 'Philadelphia', 0, 0, 0, 0, 0);
INSERT INTO ATTENDS VALUES ('Justin Anderson', '2017-10-21 23:30:00', 'Toronto', 12, 1, 0, 1, 0);
INSERT INTO ATTENDS VALUES ('Justin Anderson', '2017-10-23 23:00:00', 'Detroit', 0, 0, 0, 0, 0);
INSERT INTO ATTENDS VALUES ('Justin Anderson', '2017-10-25 23:00:00', 'Philadelphia', 8, 3, 0, 0, 0);
INSERT INTO ATTENDS VALUES ('Justin Anderson', '2017-10-29 00:30:00', 'Dallas', 3, 5, 1, 0, 1);
INSERT INTO ATTENDS VALUES ('Justin Anderson', '2017-10-31 00:00:00', 'Houston', 0, 0, 0, 0, 0);
INSERT INTO PLAYERHAS VALUES ('Montrezl Harrell', 'USA', 24, 5, 'LA Clippers');
INSERT INTO CAREER VALUES ('Montrezl Harrell', 0, 0, '2015/2/32');
INSERT INTO ATTENDS VALUES ('Montrezl Harrell', '2017-10-02 02:00:00', 'Toronto', 1, 2, 0, 0, 0);
INSERT INTO ATTENDS VALUES ('Montrezl Harrell', '2017-10-04 05:00:00', 'LA', 5, 1, 1, 1, 0);
INSERT INTO ATTENDS VALUES ('Montrezl Harrell', '2017-10-08 19:30:00', 'LA', 3, 1, 0, 0, 0);
INSERT INTO ATTENDS VALUES ('Montrezl Harrell', '2017-10-13 02:30:00', 'LA', 2, 2, 4, 0, 0);
INSERT INTO ATTENDS VALUES ('Montrezl Harrell', '2017-10-14 02:30:00', 'LA', 11, 3, 1, 0, 1);
INSERT INTO ATTENDS VALUES ('Montrezl Harrell', '2017-10-20 02:30:00', 'Los Angeles', 4, 0, 0, 0, 0);
INSERT INTO ATTENDS VALUES ('Montrezl Harrell', '2017-10-22 02:30:00', 'LA', 4, 2, 1, 1, 0);
INSERT INTO ATTENDS VALUES ('Montrezl Harrell', '2017-10-25 02:30:00', 'LA', 0, 0, 0, 0, 0);
INSERT INTO ATTENDS VALUES ('Montrezl Harrell', '2017-10-27 02:00:00', 'Portland', 0, 0, 0, 0, 0);
INSERT INTO ATTENDS VALUES ('Montrezl Harrell', '2017-10-29 02:30:00', 'LA', 0, 0, 0, 0, 0);
INSERT INTO ATTENDS VALUES ('Montrezl Harrell', '2017-10-31 02:30:00', 'LA', 1, 0, 1, 1, 0);
INSERT INTO PLAYERHAS VALUES ('Anthony Brown', 'USA', 25, 3, 'Minnesota Timberwolves');
INSERT INTO CAREER VALUES ('Anthony Brown', 0, 0, '2015/2/34');
INSERT INTO ATTENDS VALUES ('Anthony Brown', '2017-10-01 02:00:00', 'Los Angeles', 0, 0, 0, 0, 0);
INSERT INTO ATTENDS VALUES ('Anthony Brown', '2017-10-08 11:00:00', 'Minnesota', 0, 0, 0, 0, 0);
INSERT INTO PLAYERHAS VALUES ('Trevor Ariza', 'USA', 32, 1, 'Houston Rockets');
INSERT INTO CAREER VALUES ('Trevor Ariza', 0, 0, '2004/2/43');
INSERT INTO ATTENDS VALUES ('Trevor Ariza', '2017-10-04 00:00:00', 'Oklahoma City', 18, 1, 0, 1, 1);
INSERT INTO ATTENDS VALUES ('Trevor Ariza', '2017-10-09 23:30:00', 'New York', 14, 8, 4, 0, 0);
INSERT INTO ATTENDS VALUES ('Trevor Ariza', '2017-10-12 01:30:00', 'Memphis', 16, 8, 1, 0, 1);
INSERT INTO ATTENDS VALUES ('Trevor Ariza', '2017-10-14 00:00:00', 'Houston', 14, 5, 0, 0, 2);
INSERT INTO ATTENDS VALUES ('Trevor Ariza', '2017-10-18 02:30:00', 'Golden State', 8, 6, 5, 0, 2);
INSERT INTO ATTENDS VALUES ('Trevor Ariza', '2017-10-19 02:00:00', 'Sacramento', 2, 2, 2, 0, 0);
INSERT INTO ATTENDS VALUES ('Trevor Ariza', '2017-10-22 00:00:00', 'Houston', 8, 4, 1, 1, 4);
INSERT INTO ATTENDS VALUES ('Trevor Ariza', '2017-10-24 00:00:00', 'Houston', 2, 5, 4, 0, 1);
INSERT INTO ATTENDS VALUES ('Trevor Ariza', '2017-10-27 23:00:00', 'Charlotte', 0, 0, 0, 0, 0);
INSERT INTO ATTENDS VALUES ('Trevor Ariza', '2017-10-29 00:00:00', 'Memphis', 10, 7, 5, 0, 0);
INSERT INTO ATTENDS VALUES ('Trevor Ariza', '2017-10-31 00:00:00', 'Houston', 7, 3, 3, 0, 2);
INSERT INTO PLAYERHAS VALUES ('Stephen Curry', 'USA', 30, 30, 'Golden State Warriors');
INSERT INTO CAREER VALUES ('Stephen Curry', 2, 5, '2009/1/7');
INSERT INTO ATTENDS VALUES ('Stephen Curry', '2017-10-01 00:30:00', 'Golden State', 11, 4, 2, 0, 1);
INSERT INTO ATTENDS VALUES ('Stephen Curry', '2017-10-05 06:00:00', 'Golden State', 13, 6, 4, 1, 0);
INSERT INTO ATTENDS VALUES ('Stephen Curry', '2017-10-08 11:00:00', 'Minnesota', 40, 5, 8, 0, 3);
INSERT INTO ATTENDS VALUES ('Stephen Curry', '2017-10-14 02:30:00', 'Golden State', 18, 3, 3, 0, 1);
INSERT INTO ATTENDS VALUES ('Stephen Curry', '2017-10-18 02:30:00', 'Golden State', 22, 5, 4, 0, 1);
INSERT INTO ATTENDS VALUES ('Stephen Curry', '2017-10-21 01:30:00', 'New Orleans', 28, 3, 8, 0, 0);
INSERT INTO ATTENDS VALUES ('Stephen Curry', '2017-10-22 00:00:00', 'Memphis', 37, 6, 3, 0, 0);
INSERT INTO ATTENDS VALUES ('Stephen Curry', '2017-10-24 00:30:00', 'Dallas', 29, 2, 8, 0, 4);
INSERT INTO ATTENDS VALUES ('Stephen Curry', '2017-10-26 02:30:00', 'Golden State', 30, 4, 5, 1, 3);
INSERT INTO ATTENDS VALUES ('Stephen Curry', '2017-10-28 02:30:00', 'Golden State', 20, 5, 8, 0, 2);
INSERT INTO ATTENDS VALUES ('Stephen Curry', '2017-10-30 00:30:00', 'Golden State', 27, 6, 8, 0, 1);
INSERT INTO ATTENDS VALUES ('Stephen Curry', '2017-10-31 02:30:00', 'LA', 31, 5, 6, 1, 2);
INSERT INTO PLAYERHAS VALUES ('Ricky Rubio', 'Spain', 27, 3, 'Utah Jazz');
INSERT INTO CAREER VALUES ('Ricky Rubio', 0, 0, '2009/1/5');
INSERT INTO ATTENDS VALUES ('Ricky Rubio', '2017-10-07 01:00:00', 'Utah', 11, 5, 1, 0, 2);
INSERT INTO ATTENDS VALUES ('Ricky Rubio', '2017-10-10 02:00:00', 'Phoenix', 20, 0, 0, 0, 3);
INSERT INTO ATTENDS VALUES ('Ricky Rubio', '2017-10-11 02:30:00', 'Los Angeles', 22, 3, 6, 0, 2);
INSERT INTO ATTENDS VALUES ('Ricky Rubio', '2017-10-19 01:00:00', 'Utah', 9, 5, 10, 0, 2);
INSERT INTO ATTENDS VALUES ('Ricky Rubio', '2017-10-21 00:00:00', 'Minnesota', 19, 5, 10, 0, 2);
INSERT INTO ATTENDS VALUES ('Ricky Rubio', '2017-10-22 01:00:00', 'Utah', 16, 6, 5, 0, 1);
INSERT INTO ATTENDS VALUES ('Ricky Rubio', '2017-10-25 02:30:00', 'LA', 10, 5, 5, 0, 1);
INSERT INTO ATTENDS VALUES ('Ricky Rubio', '2017-10-26 02:00:00', 'Phoenix', 15, 4, 11, 1, 4);
INSERT INTO ATTENDS VALUES ('Ricky Rubio', '2017-10-29 01:00:00', 'Utah', 21, 7, 4, 0, 1);
INSERT INTO ATTENDS VALUES ('Ricky Rubio', '2017-10-31 01:00:00', 'Utah', 20, 2, 6, 0, 4);
INSERT INTO PLAYERHAS VALUES ('Tyreke Evans', 'USA', 28, 12, 'Memphis Grizzlies');
INSERT INTO CAREER VALUES ('Tyreke Evans', 0, 0, '2009/1/4');
INSERT INTO ATTENDS VALUES ('Tyreke Evans', '2017-10-03 00:00:00', 'Memphis', 0, 0, 0, 0, 0);
INSERT INTO ATTENDS VALUES ('Tyreke Evans', '2017-10-04 23:00:00', 'Philadelphia', 0, 0, 0, 0, 0);
INSERT INTO ATTENDS VALUES ('Tyreke Evans', '2017-10-09 23:30:00', 'Atlanta', 6, 2, 2, 1, 0);
INSERT INTO ATTENDS VALUES ('Tyreke Evans', '2017-10-12 01:30:00', 'Memphis', 8, 7, 2, 0, 0);
INSERT INTO ATTENDS VALUES ('Tyreke Evans', '2017-10-14 00:00:00', 'Memphis', 0, 1, 1, 0, 1);
INSERT INTO ATTENDS VALUES ('Tyreke Evans', '2017-10-19 00:00:00', 'Memphis', 11, 5, 2, 0, 0);
INSERT INTO ATTENDS VALUES ('Tyreke Evans', '2017-10-22 00:00:00', 'Memphis', 12, 7, 2, 0, 1);
INSERT INTO ATTENDS VALUES ('Tyreke Evans', '2017-10-24 00:00:00', 'Houston', 5, 5, 2, 0, 1);
INSERT INTO ATTENDS VALUES ('Tyreke Evans', '2017-10-26 00:30:00', 'Dallas', 13, 4, 2, 0, 1);
INSERT INTO ATTENDS VALUES ('Tyreke Evans', '2017-10-27 00:00:00', 'Memphis', 19, 6, 1, 0, 1);
INSERT INTO ATTENDS VALUES ('Tyreke Evans', '2017-10-29 00:00:00', 'Memphis', 14, 7, 4, 0, 1);
INSERT INTO ATTENDS VALUES ('Tyreke Evans', '2017-10-31 00:00:00', 'Memphis', 19, 10, 3, 0, 0);
INSERT INTO PLAYERHAS VALUES ('James Harden', 'USA', 28, 13, 'Houston Rockets');
INSERT INTO CAREER VALUES ('James Harden', 0, 6, '2009/1/3');
INSERT INTO ATTENDS VALUES ('James Harden', '2017-10-04 00:00:00', 'Oklahoma City', 16, 5, 11, 2, 3);
INSERT INTO ATTENDS VALUES ('James Harden', '2017-10-09 23:30:00', 'New York', 36, 9, 11, 0, 2);
INSERT INTO ATTENDS VALUES ('James Harden', '2017-10-12 01:30:00', 'Memphis', 18, 5, 9, 0, 2);
INSERT INTO ATTENDS VALUES ('James Harden', '2017-10-14 00:00:00', 'Houston', 15, 3, 11, 0, 3);
INSERT INTO ATTENDS VALUES ('James Harden', '2017-10-18 02:30:00', 'Golden State', 27, 6, 11, 0, 1);
INSERT INTO ATTENDS VALUES ('James Harden', '2017-10-19 02:00:00', 'Sacramento', 27, 3, 9, 0, 2);
INSERT INTO ATTENDS VALUES ('James Harden', '2017-10-22 00:00:00', 'Houston', 29, 3, 7, 0, 2);
INSERT INTO ATTENDS VALUES ('James Harden', '2017-10-24 00:00:00', 'Houston', 22, 5, 8, 0, 1);
INSERT INTO ATTENDS VALUES ('James Harden', '2017-10-25 23:00:00', 'Philadelphia', 27, 3, 13, 3, 1);
INSERT INTO ATTENDS VALUES ('James Harden', '2017-10-27 23:00:00', 'Charlotte', 27, 10, 11, 0, 1);
INSERT INTO ATTENDS VALUES ('James Harden', '2017-10-29 00:00:00', 'Memphis', 20, 4, 8, 0, 2);
INSERT INTO ATTENDS VALUES ('James Harden', '2017-10-31 00:00:00', 'Houston', 29, 4, 7, 1, 4);
INSERT INTO PLAYERHAS VALUES ('Blake Griffin', 'USA', 29, 23, 'Detroit Pistons');
INSERT INTO CAREER VALUES ('Blake Griffin', 0, 5, '2009/1/1');
INSERT INTO ATTENDS VALUES ('Blake Griffin', '2017-10-02 02:00:00', 'Toronto', 18, 3, 1, 0, 0);
INSERT INTO ATTENDS VALUES ('Blake Griffin', '2017-10-04 05:00:00', 'LA', 17, 4, 3, 1, 3);
INSERT INTO ATTENDS VALUES ('Blake Griffin', '2017-10-08 19:30:00', 'LA', 15, 4, 6, 0, 2);
INSERT INTO ATTENDS VALUES ('Blake Griffin', '2017-10-13 02:30:00', 'LA', 18, 4, 4, 0, 2);
INSERT INTO ATTENDS VALUES ('Blake Griffin', '2017-10-14 02:30:00', 'LA', 0, 0, 0, 0, 0);
INSERT INTO ATTENDS VALUES ('Blake Griffin', '2017-10-20 02:30:00', 'Los Angeles', 29, 12, 3, 0, 2);
INSERT INTO ATTENDS VALUES ('Blake Griffin', '2017-10-22 02:30:00', 'LA', 29, 8, 4, 1, 1);
INSERT INTO ATTENDS VALUES ('Blake Griffin', '2017-10-25 02:30:00', 'LA', 22, 9, 6, 1, 0);
INSERT INTO ATTENDS VALUES ('Blake Griffin', '2017-10-27 02:00:00', 'Portland', 25, 8, 5, 0, 1);
INSERT INTO ATTENDS VALUES ('Blake Griffin', '2017-10-29 02:30:00', 'LA', 19, 11, 4, 0, 0);
INSERT INTO ATTENDS VALUES ('Blake Griffin', '2017-10-31 02:30:00', 'LA', 16, 3, 4, 0, 1);
INSERT INTO PLAYERHAS VALUES ('John Collins', 'USA', 20, 20, 'Atlanta Hawks');
INSERT INTO CAREER VALUES ('John Collins', 0, 0, '2017/1/19');
INSERT INTO ATTENDS VALUES ('John Collins', '2017-10-01 22:00:00', 'Miami', 9, 15, 1, 0, 1);
INSERT INTO ATTENDS VALUES ('John Collins', '2017-10-04 23:00:00', 'Cleveland', 4, 3, 1, 1, 0);
INSERT INTO ATTENDS VALUES ('John Collins', '2017-10-06 23:00:00', 'Detroit', 10, 6, 0, 0, 0);
INSERT INTO ATTENDS VALUES ('John Collins', '2017-10-09 23:30:00', 'Atlanta', 6, 8, 0, 2, 0);
INSERT INTO ATTENDS VALUES ('John Collins', '2017-10-12 23:30:00', 'Atlanta', 9, 3, 1, 0, 1);
INSERT INTO ATTENDS VALUES ('John Collins', '2017-10-19 00:30:00', 'Dallas', 14, 5, 1, 0, 2);
INSERT INTO ATTENDS VALUES ('John Collins', '2017-10-20 23:00:00', 'Charlotte', 5, 2, 0, 2, 1);
INSERT INTO ATTENDS VALUES ('John Collins', '2017-10-22 19:30:00', 'Brooklyn', 14, 13, 0, 1, 0);
INSERT INTO ATTENDS VALUES ('John Collins', '2017-10-23 23:30:00', 'Miami', 14, 11, 2, 1, 0);
INSERT INTO ATTENDS VALUES ('John Collins', '2017-10-27 00:00:00', 'Chicago', 13, 5, 0, 1, 0);
INSERT INTO ATTENDS VALUES ('John Collins', '2017-10-27 23:30:00', 'Atlanta', 6, 8, 0, 0, 0);
INSERT INTO ATTENDS VALUES ('John Collins', '2017-10-29 19:30:00', 'Atlanta', 14, 7, 0, 1, 0);
INSERT INTO PLAYERHAS VALUES ('Zach Collins', 'USA', 20, 33, 'Portland Trail Blazers');
INSERT INTO CAREER VALUES ('Zach Collins', 0, 0, '2017/1/10');
INSERT INTO ATTENDS VALUES ('Zach Collins', '2017-10-04 02:00:00', 'Portland', 5, 8, 1, 1, 0);
INSERT INTO ATTENDS VALUES ('Zach Collins', '2017-10-06 02:00:00', 'Portland', 8, 6, 0, 1, 0);
INSERT INTO ATTENDS VALUES ('Zach Collins', '2017-10-08 19:30:00', 'LA', 12, 2, 0, 0, 0);
INSERT INTO ATTENDS VALUES ('Zach Collins', '2017-10-10 02:00:00', 'Sacramento', 7, 2, 2, 0, 0);
INSERT INTO ATTENDS VALUES ('Zach Collins', '2017-10-12 02:00:00', 'Phoenix', 8, 5, 1, 0, 0);
INSERT INTO ATTENDS VALUES ('Zach Collins', '2017-10-19 02:00:00', 'Phoenix', 0, 0, 0, 0, 0);
INSERT INTO ATTENDS VALUES ('Zach Collins', '2017-10-20 23:00:00', 'Indiana', 0, 2, 0, 0, 0);
INSERT INTO ATTENDS VALUES ('Zach Collins', '2017-10-22 00:30:00', 'Milwaukee', 0, 0, 0, 0, 0);
INSERT INTO ATTENDS VALUES ('Zach Collins', '2017-10-25 02:00:00', 'Portland', 0, 0, 0, 0, 0);
INSERT INTO ATTENDS VALUES ('Zach Collins', '2017-10-27 02:00:00', 'Portland', 0, 0, 0, 0, 0);
INSERT INTO ATTENDS VALUES ('Zach Collins', '2017-10-29 02:00:00', 'Portland', 0, 0, 1, 0, 0);
INSERT INTO ATTENDS VALUES ('Zach Collins', '2017-10-31 02:00:00', 'Portland', 0, 0, 0, 0, 0);
INSERT INTO PLAYERHAS VALUES ('Justin Patton', 'USA', 21, 24, 'Minnesota Timberwolves');
INSERT INTO CAREER VALUES ('Justin Patton', 0, 0, '2017/1/16');
INSERT INTO ATTENDS VALUES ('Justin Patton', '2017-10-01 02:00:00', 'Los Angeles', 0, 0, 0, 0, 0);
INSERT INTO ATTENDS VALUES ('Justin Patton', '2017-10-05 06:00:00', 'Golden State', 0, 0, 0, 0, 0);
INSERT INTO ATTENDS VALUES ('Justin Patton', '2017-10-08 11:00:00', 'Minnesota', 0, 0, 0, 0, 0);
INSERT INTO PLAYERHAS VALUES ('Justin Jackson', 'USA', 23, 25, 'Sacramento Kings');
INSERT INTO CAREER VALUES ('Justin Jackson', 0, 0, '2017/1/15');
INSERT INTO ATTENDS VALUES ('Justin Jackson', '2017-10-03 02:00:00', 'Sacramento', 1, 2, 0, 0, 0);
INSERT INTO ATTENDS VALUES ('Justin Jackson', '2017-10-07 00:30:00', 'San Antonio', 4, 1, 0, 0, 1);
INSERT INTO ATTENDS VALUES ('Justin Jackson', '2017-10-09 01:00:00', 'Los Angeles', 0, 0, 0, 0, 0);
INSERT INTO ATTENDS VALUES ('Justin Jackson', '2017-10-10 02:00:00', 'Sacramento', 16, 2, 1, 1, 0);
INSERT INTO ATTENDS VALUES ('Justin Jackson', '2017-10-13 02:30:00', 'LA', 0, 1, 1, 0, 1);
INSERT INTO ATTENDS VALUES ('Justin Jackson', '2017-10-14 02:30:00', 'Golden State', 4, 0, 1, 0, 0);
INSERT INTO ATTENDS VALUES ('Justin Jackson', '2017-10-19 02:00:00', 'Sacramento', 5, 2, 0, 0, 0);
INSERT INTO ATTENDS VALUES ('Justin Jackson', '2017-10-21 00:30:00', 'Dallas', 2, 4, 0, 0, 0);
INSERT INTO ATTENDS VALUES ('Justin Jackson', '2017-10-22 01:00:00', 'Denver', 5, 1, 0, 0, 0);
INSERT INTO ATTENDS VALUES ('Justin Jackson', '2017-10-24 02:00:00', 'Phoenix', 10, 1, 0, 0, 0);
INSERT INTO ATTENDS VALUES ('Justin Jackson', '2017-10-27 02:30:00', 'Sacramento', 7, 1, 1, 0, 0);
INSERT INTO ATTENDS VALUES ('Justin Jackson', '2017-10-29 22:00:00', 'Sacramento', 6, 0, 1, 1, 0);
INSERT INTO ATTENDS VALUES ('Justin Jackson', '2017-10-31 23:00:00', 'Indiana', 5, 0, 0, 0, 1);
INSERT INTO PLAYERHAS VALUES ('Harry Giles III', 'USA', 20, 20, 'Sacramento Kings');
INSERT INTO CAREER VALUES ('Harry Giles III', 0, 0, '2017/1/20');
INSERT INTO ATTENDS VALUES ('Harry Giles III', '2017-10-03 02:00:00', 'Sacramento', 0, 0, 0, 0, 0);
INSERT INTO ATTENDS VALUES ('Harry Giles III', '2017-10-07 00:30:00', 'San Antonio', 0, 0, 0, 0, 0);
INSERT INTO ATTENDS VALUES ('Harry Giles III', '2017-10-09 01:00:00', 'Los Angeles', 0, 0, 0, 0, 0);
INSERT INTO ATTENDS VALUES ('Harry Giles III', '2017-10-10 02:00:00', 'Sacramento', 0, 0, 0, 0, 0);
INSERT INTO ATTENDS VALUES ('Harry Giles III', '2017-10-13 02:30:00', 'LA', 0, 0, 0, 0, 0);
INSERT INTO ATTENDS VALUES ('Harry Giles III', '2017-10-14 02:30:00', 'Golden State', 0, 0, 0, 0, 0);
INSERT INTO PLAYERHAS VALUES ('OG Anunoby', 'United Kingdom', 20, 3, 'Toronto Raptors');
INSERT INTO CAREER VALUES ('OG Anunoby', 0, 0, '2017/1/23');
INSERT INTO ATTENDS VALUES ('OG Anunoby', '2017-10-02 02:00:00', 'Toronto', 0, 0, 0, 0, 0);
INSERT INTO ATTENDS VALUES ('OG Anunoby', '2017-10-04 05:00:00', 'LA', 0, 0, 0, 0, 0);
INSERT INTO ATTENDS VALUES ('OG Anunoby', '2017-10-06 02:00:00', 'Portland', 0, 0, 0, 0, 0);
INSERT INTO ATTENDS VALUES ('OG Anunoby', '2017-10-10 23:00:00', 'Toronto', 2, 0, 3, 0, 0);
INSERT INTO ATTENDS VALUES ('OG Anunoby', '2017-10-14 00:00:00', 'Chicago', 12, 3, 1, 0, 1);
INSERT INTO ATTENDS VALUES ('OG Anunoby', '2017-10-19 23:30:00', 'Toronto', 9, 3, 2, 0, 0);
INSERT INTO ATTENDS VALUES ('OG Anunoby', '2017-10-21 23:30:00', 'Toronto', 3, 3, 2, 0, 1);
INSERT INTO ATTENDS VALUES ('OG Anunoby', '2017-10-24 00:30:00', 'San Antonio', 4, 1, 1, 0, 0);
INSERT INTO ATTENDS VALUES ('OG Anunoby', '2017-10-26 02:30:00', 'Golden State', 8, 4, 2, 0, 0);
INSERT INTO ATTENDS VALUES ('OG Anunoby', '2017-10-28 02:30:00', 'Los Angeles', 7, 1, 1, 0, 1);
INSERT INTO ATTENDS VALUES ('OG Anunoby', '2017-10-31 02:00:00', 'Portland', 4, 3, 0, 0, 2);
INSERT INTO PLAYERHAS VALUES ('Ike Anigbogu', 'USA', 19, 13, 'Indiana Pacers');
INSERT INTO CAREER VALUES ('Ike Anigbogu', 0, 0, '2017/2/47');
INSERT INTO ATTENDS VALUES ('Ike Anigbogu', '2017-10-05 00:00:00', 'Milwaukee', 0, 0, 0, 0, 0);
INSERT INTO ATTENDS VALUES ('Ike Anigbogu', '2017-10-06 23:30:00', 'Cleveland', 0, 0, 0, 0, 0);
INSERT INTO ATTENDS VALUES ('Ike Anigbogu', '2017-10-09 23:00:00', 'Detroit', 8, 0, 2, 2, 0);
INSERT INTO ATTENDS VALUES ('Ike Anigbogu', '2017-10-18 23:00:00', 'Indiana', 0, 0, 0, 0, 0);
INSERT INTO ATTENDS VALUES ('Ike Anigbogu', '2017-10-20 23:00:00', 'Indiana', 0, 0, 0, 0, 0);
INSERT INTO ATTENDS VALUES ('Ike Anigbogu', '2017-10-22 00:00:00', 'Miami', 0, 0, 0, 0, 0);
INSERT INTO ATTENDS VALUES ('Ike Anigbogu', '2017-10-25 00:00:00', 'Minnesota', 0, 0, 0, 0, 0);
INSERT INTO ATTENDS VALUES ('Ike Anigbogu', '2017-10-26 00:00:00', 'Oklahoma City', 0, 1, 0, 0, 1);
INSERT INTO ATTENDS VALUES ('Ike Anigbogu', '2017-10-29 20:30:00', 'Indiana', 0, 0, 0, 0, 0);
INSERT INTO ATTENDS VALUES ('Ike Anigbogu', '2017-10-31 23:00:00', 'Indiana', 4, 1, 0, 1, 0);
INSERT INTO PLAYERHAS VALUES ('Jusuf Nurkic', 'Bosnia & Herzegovina', 23, 27, 'Portland Trail Blazers');
INSERT INTO CAREER VALUES ('Jusuf Nurkic', 0, 0, '2014/1/16');
INSERT INTO ATTENDS VALUES ('Jusuf Nurkic', '2017-10-04 02:00:00', 'Portland', 16, 3, 1, 2, 1);
INSERT INTO ATTENDS VALUES ('Jusuf Nurkic', '2017-10-06 02:00:00', 'Portland', 12, 6, 0, 2, 1);
INSERT INTO ATTENDS VALUES ('Jusuf Nurkic', '2017-10-08 19:30:00', 'LA', 13, 9, 1, 1, 2);
INSERT INTO ATTENDS VALUES ('Jusuf Nurkic', '2017-10-10 02:00:00', 'Sacramento', 16, 7, 2, 0, 1);
INSERT INTO ATTENDS VALUES ('Jusuf Nurkic', '2017-10-12 02:00:00', 'Phoenix', 0, 0, 0, 0, 0);
INSERT INTO ATTENDS VALUES ('Jusuf Nurkic', '2017-10-19 02:00:00', 'Phoenix', 11, 11, 1, 0, 1);
INSERT INTO ATTENDS VALUES ('Jusuf Nurkic', '2017-10-20 23:00:00', 'Indiana', 11, 2, 3, 1, 1);
INSERT INTO ATTENDS VALUES ('Jusuf Nurkic', '2017-10-22 00:30:00', 'Milwaukee', 17, 11, 3, 3, 0);
INSERT INTO ATTENDS VALUES ('Jusuf Nurkic', '2017-10-25 02:00:00', 'Portland', 12, 7, 0, 0, 1);
INSERT INTO ATTENDS VALUES ('Jusuf Nurkic', '2017-10-27 02:00:00', 'Portland', 12, 8, 1, 1, 0);
INSERT INTO ATTENDS VALUES ('Jusuf Nurkic', '2017-10-29 02:00:00', 'Portland', 17, 9, 2, 1, 0);
INSERT INTO ATTENDS VALUES ('Jusuf Nurkic', '2017-10-31 02:00:00', 'Portland', 8, 6, 1, 0, 1);
INSERT INTO PLAYERHAS VALUES ('Bam Adebayo', 'USA', 20, 13, 'Miami Heat');
INSERT INTO CAREER VALUES ('Bam Adebayo', 0, 0, '2017/1/14');
INSERT INTO ATTENDS VALUES ('Bam Adebayo', '2017-10-01 22:00:00', 'Miami', 1, 0, 0, 0, 0);
INSERT INTO ATTENDS VALUES ('Bam Adebayo', '2017-10-05 23:30:00', 'Brooklyn', 1, 1, 0, 1, 1);
INSERT INTO ATTENDS VALUES ('Bam Adebayo', '2017-10-07 23:00:00', 'Orlando', 7, 2, 0, 0, 1);
INSERT INTO ATTENDS VALUES ('Bam Adebayo', '2017-10-09 23:30:00', 'Miami', 0, 2, 0, 1, 1);
INSERT INTO ATTENDS VALUES ('Bam Adebayo', '2017-10-11 23:30:00', 'Miami', 15, 2, 0, 0, 0);
INSERT INTO ATTENDS VALUES ('Bam Adebayo', '2017-10-14 00:30:00', 'Philadelphia', 13, 9, 2, 1, 0);
INSERT INTO ATTENDS VALUES ('Bam Adebayo', '2017-10-18 23:00:00', 'Orlando', 0, 0, 0, 0, 0);
INSERT INTO ATTENDS VALUES ('Bam Adebayo', '2017-10-22 00:00:00', 'Miami', 0, 0, 0, 0, 0);
INSERT INTO ATTENDS VALUES ('Bam Adebayo', '2017-10-23 23:30:00', 'Miami', 0, 0, 0, 0, 0);
INSERT INTO ATTENDS VALUES ('Bam Adebayo', '2017-10-26 00:00:00', 'Miami', 4, 8, 0, 1, 0);
INSERT INTO ATTENDS VALUES ('Bam Adebayo', '2017-10-29 00:00:00', 'Miami', 6, 3, 0, 1, 1);
INSERT INTO ATTENDS VALUES ('Bam Adebayo', '2017-10-30 23:30:00', 'Miami', 13, 13, 0, 0, 0);
INSERT INTO PLAYERHAS VALUES ('TJ Leaf', 'USA', 21, 22, 'Indiana Pacers');
INSERT INTO CAREER VALUES ('TJ Leaf', 0, 0, '2017/1/18');
INSERT INTO ATTENDS VALUES ('TJ Leaf', '2017-10-05 00:00:00', 'Milwaukee', 4, 2, 0, 1, 0);
INSERT INTO ATTENDS VALUES ('TJ Leaf', '2017-10-06 23:30:00', 'Cleveland', 18, 6, 0, 0, 0);
INSERT INTO ATTENDS VALUES ('TJ Leaf', '2017-10-09 23:00:00', 'Detroit', 8, 2, 2, 2, 0);
INSERT INTO ATTENDS VALUES ('TJ Leaf', '2017-10-18 23:00:00', 'Indiana', 0, 2, 1, 1, 0);
INSERT INTO ATTENDS VALUES ('TJ Leaf', '2017-10-20 23:00:00', 'Indiana', 17, 4, 1, 0, 0);
INSERT INTO ATTENDS VALUES ('TJ Leaf', '2017-10-22 00:00:00', 'Miami', 5, 3, 0, 0, 0);
INSERT INTO ATTENDS VALUES ('TJ Leaf', '2017-10-25 00:00:00', 'Minnesota', 11, 2, 0, 0, 0);
INSERT INTO ATTENDS VALUES ('TJ Leaf', '2017-10-26 00:00:00', 'Oklahoma City', 2, 3, 1, 0, 1);
INSERT INTO ATTENDS VALUES ('TJ Leaf', '2017-10-29 20:30:00', 'Indiana', 1, 2, 0, 0, 1);
INSERT INTO ATTENDS VALUES ('TJ Leaf', '2017-10-31 23:00:00', 'Indiana', 7, 4, 2, 0, 0);
INSERT INTO PLAYERHAS VALUES ('Nikola Jokic', 'Serbia', 23, 15, 'Denver Nuggets');
INSERT INTO CAREER VALUES ('Nikola Jokic', 0, 0, '2014/2/41');
INSERT INTO ATTENDS VALUES ('Nikola Jokic', '2017-10-01 00:30:00', 'Golden State', 12, 6, 2, 0, 0);
INSERT INTO ATTENDS VALUES ('Nikola Jokic', '2017-10-03 02:30:00', 'Los Angeles', 16, 2, 4, 1, 0);
INSERT INTO ATTENDS VALUES ('Nikola Jokic', '2017-10-05 02:00:00', 'Los Angeles', 0, 0, 0, 0, 0);
INSERT INTO ATTENDS VALUES ('Nikola Jokic', '2017-10-08 20:00:00', 'San Antonio', 19, 7, 4, 1, 1);
INSERT INTO ATTENDS VALUES ('Nikola Jokic', '2017-10-11 01:00:00', 'Denver', 12, 11, 3, 0, 0);
INSERT INTO ATTENDS VALUES ('Nikola Jokic', '2017-10-19 01:00:00', 'Utah', 7, 12, 7, 0, 0);
INSERT INTO ATTENDS VALUES ('Nikola Jokic', '2017-10-22 01:00:00', 'Denver', 0, 9, 7, 0, 1);
INSERT INTO ATTENDS VALUES ('Nikola Jokic', '2017-10-24 01:00:00', 'Denver', 29, 9, 5, 0, 1);
INSERT INTO ATTENDS VALUES ('Nikola Jokic', '2017-10-25 23:00:00', 'Charlotte', 18, 12, 0, 0, 0);
INSERT INTO ATTENDS VALUES ('Nikola Jokic', '2017-10-27 23:30:00', 'Atlanta', 18, 15, 5, 0, 1);
INSERT INTO ATTENDS VALUES ('Nikola Jokic', '2017-10-29 22:00:00', 'Brooklyn', 21, 14, 4, 1, 1);
INSERT INTO ATTENDS VALUES ('Nikola Jokic', '2017-10-30 23:30:00', 'New York', 28, 8, 2, 1, 1);
INSERT INTO PLAYERHAS VALUES ('Bruno Caboclo', 'Brazil', 22, 22, 'Sacramento Kings');
INSERT INTO CAREER VALUES ('Bruno Caboclo', 0, 0, '2014/1/20');
INSERT INTO ATTENDS VALUES ('Bruno Caboclo', '2017-10-02 02:00:00', 'Toronto', 6, 3, 0, 0, 0);
INSERT INTO ATTENDS VALUES ('Bruno Caboclo', '2017-10-04 05:00:00', 'LA', 0, 2, 0, 0, 1);
INSERT INTO ATTENDS VALUES ('Bruno Caboclo', '2017-10-06 02:00:00', 'Portland', 0, 2, 0, 1, 1);
INSERT INTO ATTENDS VALUES ('Bruno Caboclo', '2017-10-10 23:00:00', 'Toronto', 0, 0, 0, 0, 0);
INSERT INTO ATTENDS VALUES ('Bruno Caboclo', '2017-10-14 00:00:00', 'Chicago', 2, 1, 0, 0, 0);
INSERT INTO ATTENDS VALUES ('Bruno Caboclo', '2017-10-21 23:30:00', 'Toronto', 0, 1, 1, 0, 1);
INSERT INTO ATTENDS VALUES ('Bruno Caboclo', '2017-10-24 00:30:00', 'San Antonio', 0, 0, 0, 0, 0);
INSERT INTO ATTENDS VALUES ('Bruno Caboclo', '2017-10-26 02:30:00', 'Golden State', 0, 0, 0, 0, 0);
INSERT INTO ATTENDS VALUES ('Bruno Caboclo', '2017-10-28 02:30:00', 'Los Angeles', 0, 0, 0, 0, 0);
INSERT INTO ATTENDS VALUES ('Bruno Caboclo', '2017-10-31 02:00:00', 'Portland', 0, 0, 0, 0, 0);
INSERT INTO PLAYERHAS VALUES ('Davon Reed', 'USA', 23, 32, 'Phoenix Suns');
INSERT INTO CAREER VALUES ('Davon Reed', 0, 0, '2017/2/32');
INSERT INTO ATTENDS VALUES ('Davon Reed', '2017-10-04 02:00:00', 'Portland', 0, 0, 0, 0, 0);
INSERT INTO ATTENDS VALUES ('Davon Reed', '2017-10-07 01:00:00', 'Utah', 0, 0, 0, 0, 0);
INSERT INTO ATTENDS VALUES ('Davon Reed', '2017-10-12 02:00:00', 'Phoenix', 0, 0, 0, 0, 0);
INSERT INTO PLAYERHAS VALUES ('Dennis Schroder', 'Germany', 24, 17, 'Atlanta Hawks');
INSERT INTO CAREER VALUES ('Dennis Schroder', 0, 0, '2013/1/17');
INSERT INTO ATTENDS VALUES ('Dennis Schroder', '2017-10-01 22:00:00', 'Miami', 12, 4, 5, 0, 1);
INSERT INTO ATTENDS VALUES ('Dennis Schroder', '2017-10-04 23:00:00', 'Cleveland', 18, 2, 4, 0, 1);
INSERT INTO ATTENDS VALUES ('Dennis Schroder', '2017-10-06 23:00:00', 'Detroit', 0, 0, 0, 0, 0);
INSERT INTO ATTENDS VALUES ('Dennis Schroder', '2017-10-09 23:30:00', 'Atlanta', 21, 5, 4, 0, 2);
INSERT INTO ATTENDS VALUES ('Dennis Schroder', '2017-10-12 23:30:00', 'Atlanta', 9, 1, 1, 0, 1);
INSERT INTO ATTENDS VALUES ('Dennis Schroder', '2017-10-19 00:30:00', 'Dallas', 28, 2, 7, 0, 2);
INSERT INTO ATTENDS VALUES ('Dennis Schroder', '2017-10-20 23:00:00', 'Charlotte', 25, 3, 5, 0, 1);
INSERT INTO ATTENDS VALUES ('Dennis Schroder', '2017-10-22 19:30:00', 'Brooklyn', 17, 4, 8, 0, 2);
INSERT INTO ATTENDS VALUES ('Dennis Schroder', '2017-10-27 23:30:00', 'Atlanta', 20, 3, 6, 0, 1);
INSERT INTO ATTENDS VALUES ('Dennis Schroder', '2017-10-29 19:30:00', 'Atlanta', 21, 2, 8, 0, 3);
INSERT INTO PLAYERHAS VALUES ('Gorgui Dieng', 'Senegal', 28, 5, 'Minnesota Timberwolves');
INSERT INTO CAREER VALUES ('Gorgui Dieng', 0, 0, '2013/1/21');
INSERT INTO ATTENDS VALUES ('Gorgui Dieng', '2017-10-01 02:00:00', 'Los Angeles', 14, 12, 0, 0, 0);
INSERT INTO ATTENDS VALUES ('Gorgui Dieng', '2017-10-05 06:00:00', 'Golden State', 9, 10, 1, 1, 0);
INSERT INTO ATTENDS VALUES ('Gorgui Dieng', '2017-10-08 11:00:00', 'Minnesota', 11, 2, 0, 0, 0);
INSERT INTO ATTENDS VALUES ('Gorgui Dieng', '2017-10-19 01:30:00', 'San Antonio', 2, 4, 2, 0, 1);
INSERT INTO ATTENDS VALUES ('Gorgui Dieng', '2017-10-21 00:00:00', 'Minnesota', 3, 4, 1, 0, 0);
INSERT INTO ATTENDS VALUES ('Gorgui Dieng', '2017-10-22 23:00:00', 'Oklahoma City', 7, 3, 1, 0, 0);
INSERT INTO ATTENDS VALUES ('Gorgui Dieng', '2017-10-25 00:00:00', 'Minnesota', 6, 5, 1, 0, 0);
INSERT INTO ATTENDS VALUES ('Gorgui Dieng', '2017-10-25 23:00:00', 'Detroit', 8, 5, 1, 1, 0);
INSERT INTO ATTENDS VALUES ('Gorgui Dieng', '2017-10-28 00:00:00', 'Minnesota', 6, 2, 0, 0, 0);
INSERT INTO ATTENDS VALUES ('Gorgui Dieng', '2017-10-30 23:30:00', 'Miami', 6, 3, 0, 0, 1);
INSERT INTO PLAYERHAS VALUES ('Manu Ginobili', 'Argentina', 40, 20, 'San Antonio Spurs');
INSERT INTO CAREER VALUES ('Manu Ginobili', 0, 2, '1999/2/57');
INSERT INTO ATTENDS VALUES ('Manu Ginobili', '2017-10-03 02:00:00', 'Sacramento', 3, 4, 3, 0, 2);
INSERT INTO ATTENDS VALUES ('Manu Ginobili', '2017-10-07 00:30:00', 'San Antonio', 0, 0, 0, 0, 0);
INSERT INTO ATTENDS VALUES ('Manu Ginobili', '2017-10-08 20:00:00', 'San Antonio', 0, 4, 5, 0, 1);
INSERT INTO ATTENDS VALUES ('Manu Ginobili', '2017-10-11 00:30:00', 'San Antonio', 5, 3, 2, 0, 2);
INSERT INTO ATTENDS VALUES ('Manu Ginobili', '2017-10-14 00:00:00', 'Houston', 7, 4, 3, 0, 0);
INSERT INTO ATTENDS VALUES ('Manu Ginobili', '2017-10-19 01:30:00', 'San Antonio', 9, 3, 4, 1, 1);
INSERT INTO ATTENDS VALUES ('Manu Ginobili', '2017-10-22 00:00:00', 'Chicago', 5, 1, 3, 1, 2);
INSERT INTO ATTENDS VALUES ('Manu Ginobili', '2017-10-24 00:30:00', 'San Antonio', 9, 2, 1, 0, 1);
INSERT INTO ATTENDS VALUES ('Manu Ginobili', '2017-10-26 00:00:00', 'Miami', 14, 3, 1, 0, 0);
INSERT INTO ATTENDS VALUES ('Manu Ginobili', '2017-10-27 23:00:00', 'Orlando', 6, 0, 0, 0, 1);
INSERT INTO ATTENDS VALUES ('Manu Ginobili', '2017-10-29 20:30:00', 'Indiana', 3, 2, 5, 0, 0);
INSERT INTO ATTENDS VALUES ('Manu Ginobili', '2017-10-30 23:30:00', 'Boston', 0, 0, 0, 0, 0);
INSERT INTO PLAYERHAS VALUES ('Damian Jones', 'USA', 22, 15, 'Golden State Warriors');
INSERT INTO CAREER VALUES ('Damian Jones', 0, 0, '2016/1/30');
INSERT INTO ATTENDS VALUES ('Damian Jones', '2017-10-01 00:30:00', 'Golden State', 6, 7, 0, 0, 0);
INSERT INTO ATTENDS VALUES ('Damian Jones', '2017-10-05 06:00:00', 'Golden State', 3, 2, 0, 0, 0);
INSERT INTO ATTENDS VALUES ('Damian Jones', '2017-10-08 11:00:00', 'Minnesota', 0, 0, 0, 0, 0);
INSERT INTO ATTENDS VALUES ('Damian Jones', '2017-10-14 02:30:00', 'Golden State', 2, 3, 2, 1, 0);
INSERT INTO PLAYERHAS VALUES ('Skal Labissiere', 'Haiti', 22, 7, 'Sacramento Kings');
INSERT INTO CAREER VALUES ('Skal Labissiere', 0, 0, '2016/1/28');
INSERT INTO ATTENDS VALUES ('Skal Labissiere', '2017-10-03 02:00:00', 'Sacramento', 15, 6, 1, 0, 1);
INSERT INTO ATTENDS VALUES ('Skal Labissiere', '2017-10-07 00:30:00', 'San Antonio', 13, 3, 1, 1, 2);
INSERT INTO ATTENDS VALUES ('Skal Labissiere', '2017-10-09 01:00:00', 'Los Angeles', 0, 4, 0, 1, 0);
INSERT INTO ATTENDS VALUES ('Skal Labissiere', '2017-10-10 02:00:00', 'Sacramento', 13, 7, 2, 1, 1);
INSERT INTO ATTENDS VALUES ('Skal Labissiere', '2017-10-13 02:30:00', 'LA', 7, 3, 2, 1, 1);
INSERT INTO ATTENDS VALUES ('Skal Labissiere', '2017-10-14 02:30:00', 'Golden State', 9, 8, 4, 0, 0);
INSERT INTO ATTENDS VALUES ('Skal Labissiere', '2017-10-19 02:00:00', 'Sacramento', 12, 10, 1, 0, 0);
INSERT INTO ATTENDS VALUES ('Skal Labissiere', '2017-10-21 00:30:00', 'Dallas', 8, 5, 0, 1, 0);
INSERT INTO ATTENDS VALUES ('Skal Labissiere', '2017-10-22 01:00:00', 'Denver', 13, 4, 4, 1, 2);
INSERT INTO ATTENDS VALUES ('Skal Labissiere', '2017-10-24 02:00:00', 'Phoenix', 17, 4, 0, 1, 0);
INSERT INTO ATTENDS VALUES ('Skal Labissiere', '2017-10-27 02:30:00', 'Sacramento', 11, 3, 0, 2, 1);
INSERT INTO ATTENDS VALUES ('Skal Labissiere', '2017-10-29 22:00:00', 'Sacramento', 10, 4, 0, 1, 1);
INSERT INTO ATTENDS VALUES ('Skal Labissiere', '2017-10-31 23:00:00', 'Indiana', 8, 7, 0, 0, 1);
INSERT INTO PLAYERHAS VALUES ('Caris LeVert', 'USA', 23, 22, 'Brooklyn Nets');
INSERT INTO CAREER VALUES ('Caris LeVert', 0, 0, '2016/1/20');
INSERT INTO ATTENDS VALUES ('Caris LeVert', '2017-10-03 23:30:00', 'New York', 0, 0, 0, 0, 0);
INSERT INTO ATTENDS VALUES ('Caris LeVert', '2017-10-05 23:30:00', 'Brooklyn', 0, 0, 0, 0, 0);
INSERT INTO ATTENDS VALUES ('Caris LeVert', '2017-10-08 23:30:00', 'Brooklyn', 12, 3, 2, 0, 1);
INSERT INTO ATTENDS VALUES ('Caris LeVert', '2017-10-11 23:30:00', 'Brooklyn', 16, 4, 0, 0, 0);
INSERT INTO ATTENDS VALUES ('Caris LeVert', '2017-10-18 23:00:00', 'Indiana', 12, 2, 4, 1, 2);
INSERT INTO ATTENDS VALUES ('Caris LeVert', '2017-10-20 23:30:00', 'Brooklyn', 9, 1, 2, 1, 2);
INSERT INTO ATTENDS VALUES ('Caris LeVert', '2017-10-22 19:30:00', 'Brooklyn', 16, 6, 4, 0, 3);
INSERT INTO ATTENDS VALUES ('Caris LeVert', '2017-10-24 23:00:00', 'Orlando', 15, 8, 5, 0, 0);
INSERT INTO ATTENDS VALUES ('Caris LeVert', '2017-10-25 23:30:00', 'Brooklyn', 10, 1, 4, 0, 1);
INSERT INTO ATTENDS VALUES ('Caris LeVert', '2017-10-27 23:30:00', 'New York', 7, 3, 2, 0, 1);
INSERT INTO ATTENDS VALUES ('Caris LeVert', '2017-10-29 22:00:00', 'Brooklyn', 8, 6, 3, 1, 0);
INSERT INTO ATTENDS VALUES ('Caris LeVert', '2017-10-31 23:30:00', 'Brooklyn', 11, 2, 3, 1, 0);
INSERT INTO PLAYERHAS VALUES ('Henry Ellenson', 'USA', 21, 8, 'Detroit Pistons');
INSERT INTO CAREER VALUES ('Henry Ellenson', 0, 0, '2016/1/18');
INSERT INTO ATTENDS VALUES ('Henry Ellenson', '2017-10-04 23:00:00', 'Detroit', 10, 2, 1, 0, 0);
INSERT INTO ATTENDS VALUES ('Henry Ellenson', '2017-10-06 23:00:00', 'Detroit', 16, 3, 2, 0, 0);
INSERT INTO ATTENDS VALUES ('Henry Ellenson', '2017-10-09 23:00:00', 'Detroit', 11, 5, 2, 0, 1);
INSERT INTO ATTENDS VALUES ('Henry Ellenson', '2017-10-10 23:00:00', 'Toronto', 9, 2, 1, 0, 0);
INSERT INTO ATTENDS VALUES ('Henry Ellenson', '2017-10-14 00:30:00', 'Milwaukee', 4, 3, 2, 0, 0);
INSERT INTO ATTENDS VALUES ('Henry Ellenson', '2017-10-18 23:00:00', 'Detroit', 13, 4, 1, 0, 1);
INSERT INTO ATTENDS VALUES ('Henry Ellenson', '2017-10-20 23:00:00', 'Washington', 0, 0, 0, 0, 0);
INSERT INTO ATTENDS VALUES ('Henry Ellenson', '2017-10-22 00:00:00', 'New York', 0, 0, 0, 0, 0);
INSERT INTO ATTENDS VALUES ('Henry Ellenson', '2017-10-23 23:00:00', 'Detroit', 0, 0, 0, 0, 0);
INSERT INTO ATTENDS VALUES ('Henry Ellenson', '2017-10-25 23:00:00', 'Detroit', 14, 5, 1, 0, 0);
INSERT INTO ATTENDS VALUES ('Henry Ellenson', '2017-10-29 02:30:00', 'LA', 0, 5, 0, 0, 1);
INSERT INTO ATTENDS VALUES ('Henry Ellenson', '2017-10-30 00:30:00', 'Golden State', 0, 0, 0, 0, 0);
INSERT INTO ATTENDS VALUES ('Henry Ellenson', '2017-11-01 02:30:00', 'Los Angeles', 3, 1, 1, 0, 0);
INSERT INTO PLAYERHAS VALUES ('Buddy Hield', 'Bahamas', 24, 24, 'Sacramento Kings');
INSERT INTO CAREER VALUES ('Buddy Hield', 0, 0, '2016/1/6');
INSERT INTO ATTENDS VALUES ('Buddy Hield', '2017-10-03 02:00:00', 'Sacramento', 12, 3, 2, 0, 0);
INSERT INTO ATTENDS VALUES ('Buddy Hield', '2017-10-07 00:30:00', 'San Antonio', 12, 4, 2, 0, 2);
INSERT INTO ATTENDS VALUES ('Buddy Hield', '2017-10-09 01:00:00', 'Los Angeles', 7, 3, 2, 0, 1);
INSERT INTO ATTENDS VALUES ('Buddy Hield', '2017-10-10 02:00:00', 'Sacramento', 7, 5, 2, 0, 0);
INSERT INTO ATTENDS VALUES ('Buddy Hield', '2017-10-13 02:30:00', 'LA', 12, 3, 3, 0, 1);
INSERT INTO ATTENDS VALUES ('Buddy Hield', '2017-10-14 02:30:00', 'Golden State', 6, 4, 2, 0, 1);
INSERT INTO ATTENDS VALUES ('Buddy Hield', '2017-10-19 02:00:00', 'Sacramento', 19, 5, 4, 0, 1);
INSERT INTO ATTENDS VALUES ('Buddy Hield', '2017-10-21 00:30:00', 'Dallas', 13, 6, 3, 0, 0);
INSERT INTO ATTENDS VALUES ('Buddy Hield', '2017-10-22 01:00:00', 'Denver', 3, 3, 3, 0, 0);
INSERT INTO ATTENDS VALUES ('Buddy Hield', '2017-10-24 02:00:00', 'Phoenix', 14, 2, 0, 0, 5);
INSERT INTO ATTENDS VALUES ('Buddy Hield', '2017-10-27 02:30:00', 'Sacramento', 12, 3, 0, 0, 0);
INSERT INTO ATTENDS VALUES ('Buddy Hield', '2017-10-29 22:00:00', 'Sacramento', 7, 3, 1, 0, 0);
INSERT INTO ATTENDS VALUES ('Buddy Hield', '2017-10-31 23:00:00', 'Indiana', 4, 2, 0, 0, 1);
INSERT INTO PLAYERHAS VALUES ('Brandon Ingram', 'USA', 20, 14, 'Los Angeles Lakers');
INSERT INTO CAREER VALUES ('Brandon Ingram', 0, 0, '2016/1/2');
INSERT INTO ATTENDS VALUES ('Brandon Ingram', '2017-10-01 02:00:00', 'Los Angeles', 10, 6, 1, 1, 0);
INSERT INTO ATTENDS VALUES ('Brandon Ingram', '2017-10-03 02:30:00', 'Los Angeles', 9, 1, 0, 1, 0);
INSERT INTO ATTENDS VALUES ('Brandon Ingram', '2017-10-05 02:00:00', 'Los Angeles', 0, 0, 0, 0, 0);
INSERT INTO ATTENDS VALUES ('Brandon Ingram', '2017-10-09 01:00:00', 'Los Angeles', 5, 5, 1, 0, 2);
INSERT INTO ATTENDS VALUES ('Brandon Ingram', '2017-10-11 02:30:00', 'Los Angeles', 13, 5, 3, 0, 2);
INSERT INTO ATTENDS VALUES ('Brandon Ingram', '2017-10-14 02:30:00', 'LA', 15, 4, 5, 0, 0);
INSERT INTO ATTENDS VALUES ('Brandon Ingram', '2017-10-20 02:30:00', 'Los Angeles', 12, 5, 4, 0, 0);
INSERT INTO ATTENDS VALUES ('Brandon Ingram', '2017-10-21 02:00:00', 'Phoenix', 25, 2, 1, 1, 1);
INSERT INTO ATTENDS VALUES ('Brandon Ingram', '2017-10-23 01:30:00', 'Los Angeles', 7, 2, 4, 0, 0);
INSERT INTO ATTENDS VALUES ('Brandon Ingram', '2017-10-26 02:30:00', 'Los Angeles', 19, 10, 3, 1, 1);
INSERT INTO ATTENDS VALUES ('Brandon Ingram', '2017-10-28 02:30:00', 'Los Angeles', 9, 2, 1, 0, 0);
INSERT INTO ATTENDS VALUES ('Brandon Ingram', '2017-10-29 01:00:00', 'Utah', 16, 1, 2, 1, 4);
INSERT INTO ATTENDS VALUES ('Brandon Ingram', '2017-11-01 02:30:00', 'Los Angeles', 13, 5, 6, 1, 4);
INSERT INTO PLAYERHAS VALUES ('Demetrius Jackson', 'USA', 23, 11, 'Houston Rockets');
INSERT INTO CAREER VALUES ('Demetrius Jackson', 0, 0, '2016/2/45');
INSERT INTO ATTENDS VALUES ('Demetrius Jackson', '2017-10-04 00:00:00', 'Oklahoma City', 0, 1, 1, 0, 0);
INSERT INTO ATTENDS VALUES ('Demetrius Jackson', '2017-10-09 23:30:00', 'New York', 0, 0, 0, 0, 0);
INSERT INTO ATTENDS VALUES ('Demetrius Jackson', '2017-10-12 01:30:00', 'Memphis', 0, 0, 0, 0, 0);
INSERT INTO ATTENDS VALUES ('Demetrius Jackson', '2017-10-14 00:00:00', 'Houston', 0, 0, 1, 0, 0);
INSERT INTO ATTENDS VALUES ('Demetrius Jackson', '2017-10-18 02:30:00', 'Golden State', 0, 0, 0, 0, 0);
INSERT INTO ATTENDS VALUES ('Demetrius Jackson', '2017-10-19 02:00:00', 'Sacramento', 0, 3, 2, 1, 1);
INSERT INTO ATTENDS VALUES ('Demetrius Jackson', '2017-10-22 00:00:00', 'Houston', 4, 5, 2, 0, 1);
INSERT INTO ATTENDS VALUES ('Demetrius Jackson', '2017-10-24 00:00:00', 'Houston', 0, 0, 0, 0, 0);
INSERT INTO ATTENDS VALUES ('Demetrius Jackson', '2017-10-25 23:00:00', 'Philadelphia', 0, 0, 0, 0, 1);
INSERT INTO ATTENDS VALUES ('Demetrius Jackson', '2017-10-27 23:00:00', 'Charlotte', 0, 0, 0, 0, 0);
INSERT INTO ATTENDS VALUES ('Demetrius Jackson', '2017-10-29 00:00:00', 'Memphis', 0, 1, 0, 0, 0);
INSERT INTO ATTENDS VALUES ('Demetrius Jackson', '2017-10-31 00:00:00', 'Houston', 0, 0, 0, 0, 0);
INSERT INTO PLAYERHAS VALUES ('Thon Maker', 'South Sudan', 21, 7, 'Milwaukee Bucks');
INSERT INTO CAREER VALUES ('Thon Maker', 0, 0, '2016/1/10');
INSERT INTO ATTENDS VALUES ('Thon Maker', '2017-10-03 00:30:00', 'Dallas', 0, 0, 0, 0, 0);
INSERT INTO ATTENDS VALUES ('Thon Maker', '2017-10-05 00:00:00', 'Milwaukee', 0, 0, 0, 0, 0);
INSERT INTO ATTENDS VALUES ('Thon Maker', '2017-10-14 00:30:00', 'Milwaukee', 8, 8, 2, 0, 0);
INSERT INTO ATTENDS VALUES ('Thon Maker', '2017-10-18 23:30:00', 'Boston', 2, 3, 0, 0, 1);
INSERT INTO ATTENDS VALUES ('Thon Maker', '2017-10-20 23:00:00', 'Milwaukee', 7, 3, 0, 1, 0);
INSERT INTO ATTENDS VALUES ('Thon Maker', '2017-10-22 00:30:00', 'Milwaukee', 3, 3, 2, 1, 1);
INSERT INTO ATTENDS VALUES ('Thon Maker', '2017-10-24 00:00:00', 'Milwaukee', 6, 1, 0, 0, 3);
INSERT INTO ATTENDS VALUES ('Thon Maker', '2017-10-27 00:00:00', 'Milwaukee', 3, 3, 2, 0, 1);
INSERT INTO ATTENDS VALUES ('Thon Maker', '2017-10-29 19:30:00', 'Atlanta', 3, 5, 2, 0, 2);
INSERT INTO ATTENDS VALUES ('Thon Maker', '2017-11-01 00:00:00', 'Milwaukee', 8, 1, 0, 0, 0);
INSERT INTO PLAYERHAS VALUES ('Dejounte Murray', 'USA', 21, 5, 'San Antonio Spurs');
INSERT INTO CAREER VALUES ('Dejounte Murray', 0, 0, '2016/1/29');
INSERT INTO ATTENDS VALUES ('Dejounte Murray', '2017-10-03 02:00:00', 'Sacramento', 11, 4, 1, 0, 2);
INSERT INTO ATTENDS VALUES ('Dejounte Murray', '2017-10-07 00:30:00', 'San Antonio', 5, 4, 3, 3, 1);
INSERT INTO ATTENDS VALUES ('Dejounte Murray', '2017-10-08 20:00:00', 'San Antonio', 8, 2, 6, 0, 2);
INSERT INTO ATTENDS VALUES ('Dejounte Murray', '2017-10-11 00:30:00', 'San Antonio', 15, 6, 5, 3, 0);
INSERT INTO ATTENDS VALUES ('Dejounte Murray', '2017-10-14 00:00:00', 'Houston', 0, 0, 0, 0, 0);
INSERT INTO ATTENDS VALUES ('Dejounte Murray', '2017-10-19 01:30:00', 'San Antonio', 16, 5, 2, 1, 2);
INSERT INTO ATTENDS VALUES ('Dejounte Murray', '2017-10-22 00:00:00', 'Chicago', 8, 10, 6, 0, 2);
INSERT INTO ATTENDS VALUES ('Dejounte Murray', '2017-10-24 00:30:00', 'San Antonio', 16, 14, 6, 0, 0);
INSERT INTO ATTENDS VALUES ('Dejounte Murray', '2017-10-26 00:00:00', 'Miami', 0, 3, 3, 0, 0);
INSERT INTO ATTENDS VALUES ('Dejounte Murray', '2017-10-27 23:00:00', 'Orlando', 7, 4, 4, 0, 2);
INSERT INTO ATTENDS VALUES ('Dejounte Murray', '2017-10-29 20:30:00', 'Indiana', 4, 6, 1, 0, 0);
INSERT INTO ATTENDS VALUES ('Dejounte Murray', '2017-10-30 23:30:00', 'Boston', 10, 5, 4, 0, 2);
INSERT INTO PLAYERHAS VALUES ('Kristaps Porzingis', 'Latvia', 22, 6, 'New York Knicks');
INSERT INTO CAREER VALUES ('Kristaps Porzingis', 0, 1, '2015/1/4');
INSERT INTO ATTENDS VALUES ('Kristaps Porzingis', '2017-10-03 23:30:00', 'New York', 15, 5, 1, 2, 1);
INSERT INTO ATTENDS VALUES ('Kristaps Porzingis', '2017-10-08 23:30:00', 'Brooklyn', 6, 5, 0, 3, 0);
INSERT INTO ATTENDS VALUES ('Kristaps Porzingis', '2017-10-09 23:30:00', 'New York', 0, 0, 0, 0, 0);
INSERT INTO ATTENDS VALUES ('Kristaps Porzingis', '2017-10-13 23:30:00', 'New York', 0, 0, 0, 0, 0);
INSERT INTO ATTENDS VALUES ('Kristaps Porzingis', '2017-10-20 00:00:00', 'Oklahoma City', 31, 12, 1, 1, 0);
INSERT INTO ATTENDS VALUES ('Kristaps Porzingis', '2017-10-22 00:00:00', 'New York', 33, 5, 2, 1, 1);
INSERT INTO ATTENDS VALUES ('Kristaps Porzingis', '2017-10-24 23:30:00', 'Boston', 12, 5, 0, 0, 0);
INSERT INTO ATTENDS VALUES ('Kristaps Porzingis', '2017-10-27 23:30:00', 'New York', 30, 9, 0, 3, 1);
INSERT INTO ATTENDS VALUES ('Kristaps Porzingis', '2017-10-29 23:00:00', 'Cleveland', 32, 12, 0, 2, 1);
INSERT INTO ATTENDS VALUES ('Kristaps Porzingis', '2017-10-30 23:30:00', 'New York', 38, 7, 2, 3, 0);
INSERT INTO PLAYERHAS VALUES ('Chandler Parsons', 'USA', 29, 25, 'Memphis Grizzlies');
INSERT INTO CAREER VALUES ('Chandler Parsons', 0, 0, '2011/2/38');
INSERT INTO ATTENDS VALUES ('Chandler Parsons', '2017-10-03 00:00:00', 'Memphis', 6, 3, 3, 2, 0);
INSERT INTO ATTENDS VALUES ('Chandler Parsons', '2017-10-04 23:00:00', 'Philadelphia', 5, 3, 2, 2, 0);
INSERT INTO ATTENDS VALUES ('Chandler Parsons', '2017-10-09 23:30:00', 'Atlanta', 0, 1, 1, 0, 1);
INSERT INTO ATTENDS VALUES ('Chandler Parsons', '2017-10-12 01:30:00', 'Memphis', 0, 2, 1, 0, 0);
INSERT INTO ATTENDS VALUES ('Chandler Parsons', '2017-10-14 00:00:00', 'Memphis', 0, 0, 0, 0, 0);
INSERT INTO ATTENDS VALUES ('Chandler Parsons', '2017-10-19 00:00:00', 'Memphis', 6, 4, 0, 0, 1);
INSERT INTO ATTENDS VALUES ('Chandler Parsons', '2017-10-22 00:00:00', 'Memphis', 8, 1, 1, 0, 0);
INSERT INTO ATTENDS VALUES ('Chandler Parsons', '2017-10-24 00:00:00', 'Houston', 5, 3, 0, 0, 0);
INSERT INTO ATTENDS VALUES ('Chandler Parsons', '2017-10-26 00:30:00', 'Dallas', 0, 0, 0, 0, 0);
INSERT INTO ATTENDS VALUES ('Chandler Parsons', '2017-10-27 00:00:00', 'Memphis', 3, 1, 1, 1, 1);
INSERT INTO ATTENDS VALUES ('Chandler Parsons', '2017-10-29 00:00:00', 'Memphis', 24, 1, 1, 0, 1);
INSERT INTO ATTENDS VALUES ('Chandler Parsons', '2017-10-31 00:00:00', 'Memphis', 9, 5, 2, 0, 0);
INSERT INTO PLAYERHAS VALUES ('Kyle Singler', 'USA', 30, 15, 'Oklahoma City Thunder');
INSERT INTO CAREER VALUES ('Kyle Singler', 0, 0, '2011/2/33');
INSERT INTO ATTENDS VALUES ('Kyle Singler', '2017-10-04 00:00:00', 'Oklahoma City', 2, 4, 0, 0, 0);
INSERT INTO ATTENDS VALUES ('Kyle Singler', '2017-10-07 00:00:00', 'Oklahoma City', 0, 0, 0, 0, 0);
INSERT INTO ATTENDS VALUES ('Kyle Singler', '2017-10-11 01:00:00', 'Denver', 0, 0, 0, 0, 0);
INSERT INTO PLAYERHAS VALUES ('Jimmy Butler', 'USA', 28, 23, 'Minnesota Timberwolves');
INSERT INTO CAREER VALUES ('Jimmy Butler', 0, 4, '2011/1/30');
INSERT INTO ATTENDS VALUES ('Jimmy Butler', '2017-10-01 02:00:00', 'Los Angeles', 10, 3, 2, 0, 0);
INSERT INTO ATTENDS VALUES ('Jimmy Butler', '2017-10-05 06:00:00', 'Golden State', 16, 4, 4, 0, 1);
INSERT INTO ATTENDS VALUES ('Jimmy Butler', '2017-10-08 11:00:00', 'Minnesota', 15, 5, 6, 0, 2);
INSERT INTO ATTENDS VALUES ('Jimmy Butler', '2017-10-19 01:30:00', 'San Antonio', 12, 4, 3, 0, 1);
INSERT INTO ATTENDS VALUES ('Jimmy Butler', '2017-10-21 00:00:00', 'Minnesota', 13, 7, 3, 0, 5);
INSERT INTO ATTENDS VALUES ('Jimmy Butler', '2017-10-22 23:00:00', 'Oklahoma City', 15, 6, 6, 0, 0);
INSERT INTO ATTENDS VALUES ('Jimmy Butler', '2017-10-25 00:00:00', 'Minnesota', 0, 0, 0, 0, 0);
INSERT INTO ATTENDS VALUES ('Jimmy Butler', '2017-10-28 00:00:00', 'Minnesota', 25, 5, 7, 0, 0);
INSERT INTO ATTENDS VALUES ('Jimmy Butler', '2017-10-30 23:30:00', 'Miami', 16, 5, 3, 0, 3);
INSERT INTO PLAYERHAS VALUES ('Bojan Bogdanovic', 'Croatia', 29, 44, 'Indiana Pacers');
INSERT INTO CAREER VALUES ('Bojan Bogdanovic', 0, 0, '2011/2/31');
INSERT INTO ATTENDS VALUES ('Bojan Bogdanovic', '2017-10-05 00:00:00', 'Milwaukee', 5, 2, 2, 0, 0);
INSERT INTO ATTENDS VALUES ('Bojan Bogdanovic', '2017-10-06 23:30:00', 'Cleveland', 3, 1, 1, 0, 0);
INSERT INTO ATTENDS VALUES ('Bojan Bogdanovic', '2017-10-09 23:00:00', 'Detroit', 0, 0, 0, 0, 0);
INSERT INTO ATTENDS VALUES ('Bojan Bogdanovic', '2017-10-18 23:00:00', 'Indiana', 14, 0, 0, 0, 0);
INSERT INTO ATTENDS VALUES ('Bojan Bogdanovic', '2017-10-20 23:00:00', 'Indiana', 11, 4, 0, 0, 0);
INSERT INTO ATTENDS VALUES ('Bojan Bogdanovic', '2017-10-22 00:00:00', 'Miami', 7, 0, 1, 0, 0);
INSERT INTO ATTENDS VALUES ('Bojan Bogdanovic', '2017-10-25 00:00:00', 'Minnesota', 19, 5, 1, 0, 0);
INSERT INTO ATTENDS VALUES ('Bojan Bogdanovic', '2017-10-26 00:00:00', 'Oklahoma City', 4, 2, 2, 0, 1);
INSERT INTO ATTENDS VALUES ('Bojan Bogdanovic', '2017-10-29 20:30:00', 'Indiana', 15, 8, 2, 0, 1);
INSERT INTO ATTENDS VALUES ('Bojan Bogdanovic', '2017-10-31 23:00:00', 'Indiana', 17, 3, 4, 0, 1);
INSERT INTO PLAYERHAS VALUES ('Shelvin Mack', 'USA', 28, 7, 'Orlando Magic');
INSERT INTO CAREER VALUES ('Shelvin Mack', 0, 0, '2011/2/34');
INSERT INTO ATTENDS VALUES ('Shelvin Mack', '2017-10-03 00:00:00', 'Memphis', 0, 5, 2, 0, 0);
INSERT INTO ATTENDS VALUES ('Shelvin Mack', '2017-10-05 23:00:00', 'Orlando', 2, 4, 3, 0, 0);
INSERT INTO ATTENDS VALUES ('Shelvin Mack', '2017-10-07 23:00:00', 'Orlando', 5, 3, 1, 0, 0);
INSERT INTO ATTENDS VALUES ('Shelvin Mack', '2017-10-10 00:30:00', 'Dallas', 0, 2, 3, 0, 0);
INSERT INTO ATTENDS VALUES ('Shelvin Mack', '2017-10-11 00:30:00', 'San Antonio', 0, 1, 3, 0, 1);
INSERT INTO ATTENDS VALUES ('Shelvin Mack', '2017-10-13 23:00:00', 'Orlando', 6, 0, 2, 0, 0);
INSERT INTO ATTENDS VALUES ('Shelvin Mack', '2017-10-18 23:00:00', 'Orlando', 0, 0, 0, 0, 0);
INSERT INTO ATTENDS VALUES ('Shelvin Mack', '2017-10-20 23:30:00', 'Brooklyn', 3, 0, 3, 0, 1);
INSERT INTO ATTENDS VALUES ('Shelvin Mack', '2017-10-22 00:00:00', 'Cleveland', 5, 3, 5, 0, 1);
INSERT INTO ATTENDS VALUES ('Shelvin Mack', '2017-10-24 23:00:00', 'Orlando', 4, 2, 3, 0, 0);
INSERT INTO ATTENDS VALUES ('Shelvin Mack', '2017-10-27 23:00:00', 'Orlando', 8, 1, 5, 0, 1);
INSERT INTO ATTENDS VALUES ('Shelvin Mack', '2017-10-29 22:00:00', 'Charlotte', 10, 1, 4, 0, 1);
INSERT INTO ATTENDS VALUES ('Shelvin Mack', '2017-10-31 00:00:00', 'New Orleans', 0, 2, 4, 0, 1);
INSERT INTO PLAYERHAS VALUES ('Thaddeus Young', 'USA', 29, 21, 'Indiana Pacers');
INSERT INTO CAREER VALUES ('Thaddeus Young', 0, 0, '2007/1/12');
INSERT INTO ATTENDS VALUES ('Thaddeus Young', '2017-10-05 00:00:00', 'Milwaukee', 4, 8, 1, 0, 3);
INSERT INTO ATTENDS VALUES ('Thaddeus Young', '2017-10-06 23:30:00', 'Cleveland', 9, 8, 1, 0, 2);
INSERT INTO ATTENDS VALUES ('Thaddeus Young', '2017-10-09 23:00:00', 'Detroit', 0, 0, 0, 0, 0);
INSERT INTO ATTENDS VALUES ('Thaddeus Young', '2017-10-18 23:00:00', 'Indiana', 17, 11, 3, 2, 2);
INSERT INTO ATTENDS VALUES ('Thaddeus Young', '2017-10-20 23:00:00', 'Indiana', 8, 7, 1, 1, 0);
INSERT INTO ATTENDS VALUES ('Thaddeus Young', '2017-10-22 00:00:00', 'Miami', 14, 8, 0, 0, 1);
INSERT INTO ATTENDS VALUES ('Thaddeus Young', '2017-10-25 00:00:00', 'Minnesota', 9, 4, 1, 2, 1);
INSERT INTO ATTENDS VALUES ('Thaddeus Young', '2017-10-26 00:00:00', 'Oklahoma City', 14, 4, 0, 0, 2);
INSERT INTO ATTENDS VALUES ('Thaddeus Young', '2017-10-29 20:30:00', 'Indiana', 12, 5, 2, 0, 1);
INSERT INTO ATTENDS VALUES ('Thaddeus Young', '2017-10-31 23:00:00', 'Indiana', 15, 4, 0, 0, 4);
INSERT INTO PLAYERHAS VALUES ('Nick Young', 'USA', 33, 6, 'Golden State Warriors');
INSERT INTO CAREER VALUES ('Nick Young', 0, 0, '2007/1/16');
INSERT INTO ATTENDS VALUES ('Nick Young', '2017-10-01 00:30:00', 'Golden State', 6, 0, 0, 0, 1);
INSERT INTO ATTENDS VALUES ('Nick Young', '2017-10-05 06:00:00', 'Golden State', 7, 2, 0, 0, 0);
INSERT INTO ATTENDS VALUES ('Nick Young', '2017-10-08 11:00:00', 'Minnesota', 0, 0, 0, 0, 0);
INSERT INTO ATTENDS VALUES ('Nick Young', '2017-10-14 02:30:00', 'Golden State', 15, 2, 1, 0, 0);
INSERT INTO ATTENDS VALUES ('Nick Young', '2017-10-18 02:30:00', 'Golden State', 23, 2, 0, 0, 0);
INSERT INTO ATTENDS VALUES ('Nick Young', '2017-10-21 01:30:00', 'New Orleans', 3, 1, 1, 0, 1);
INSERT INTO ATTENDS VALUES ('Nick Young', '2017-10-22 00:00:00', 'Memphis', 0, 0, 0, 0, 0);
INSERT INTO ATTENDS VALUES ('Nick Young', '2017-10-24 00:30:00', 'Dallas', 13, 1, 0, 0, 0);
INSERT INTO ATTENDS VALUES ('Nick Young', '2017-10-26 02:30:00', 'Golden State', 0, 0, 0, 0, 0);
INSERT INTO ATTENDS VALUES ('Nick Young', '2017-10-28 02:30:00', 'Golden State', 0, 3, 1, 1, 0);
INSERT INTO ATTENDS VALUES ('Nick Young', '2017-10-30 00:30:00', 'Golden State', 0, 0, 0, 0, 0);
INSERT INTO ATTENDS VALUES ('Nick Young', '2017-10-31 02:30:00', 'LA', 3, 0, 0, 0, 0);
INSERT INTO PLAYERHAS VALUES ('Marco Belinelli', 'Italy', 32, 18, 'Philadelphia 76ers');
INSERT INTO CAREER VALUES ('Marco Belinelli', 0, 0, '2007/1/18');
INSERT INTO ATTENDS VALUES ('Marco Belinelli', '2017-10-01 22:00:00', 'Miami', 10, 0, 2, 0, 0);
INSERT INTO ATTENDS VALUES ('Marco Belinelli', '2017-10-04 23:00:00', 'Cleveland', 0, 0, 0, 0, 0);
INSERT INTO ATTENDS VALUES ('Marco Belinelli', '2017-10-06 23:00:00', 'Detroit', 0, 0, 0, 0, 0);
INSERT INTO ATTENDS VALUES ('Marco Belinelli', '2017-10-09 23:30:00', 'Atlanta', 0, 0, 0, 0, 0);
INSERT INTO ATTENDS VALUES ('Marco Belinelli', '2017-10-12 23:30:00', 'Atlanta', 0, 0, 0, 0, 0);
INSERT INTO ATTENDS VALUES ('Marco Belinelli', '2017-10-19 00:30:00', 'Dallas', 20, 3, 3, 0, 3);
INSERT INTO ATTENDS VALUES ('Marco Belinelli', '2017-10-20 23:00:00', 'Charlotte', 5, 4, 2, 0, 0);
INSERT INTO ATTENDS VALUES ('Marco Belinelli', '2017-10-22 19:30:00', 'Brooklyn', 19, 2, 3, 0, 0);
INSERT INTO ATTENDS VALUES ('Marco Belinelli', '2017-10-23 23:30:00', 'Miami', 11, 2, 2, 0, 1);
INSERT INTO ATTENDS VALUES ('Marco Belinelli', '2017-10-27 00:00:00', 'Chicago', 23, 2, 2, 0, 1);
INSERT INTO ATTENDS VALUES ('Marco Belinelli', '2017-10-27 23:30:00', 'Atlanta', 15, 2, 2, 0, 0);
INSERT INTO ATTENDS VALUES ('Marco Belinelli', '2017-10-29 19:30:00', 'Atlanta', 9, 3, 4, 0, 2);
INSERT INTO PLAYERHAS VALUES ('Jeremy Evans', 'USA', 30, 6, 'Atlanta Hawks');
INSERT INTO CAREER VALUES ('Jeremy Evans', 0, 0, '2010/2/55');
INSERT INTO ATTENDS VALUES ('Jeremy Evans', '2017-10-01 22:00:00', 'Miami', 0, 0, 0, 0, 1);
INSERT INTO ATTENDS VALUES ('Jeremy Evans', '2017-10-04 23:00:00', 'Cleveland', 4, 0, 0, 0, 1);
INSERT INTO ATTENDS VALUES ('Jeremy Evans', '2017-10-06 23:00:00', 'Detroit', 0, 0, 0, 1, 0);
INSERT INTO ATTENDS VALUES ('Jeremy Evans', '2017-10-09 23:30:00', 'Atlanta', 0, 0, 0, 0, 0);
INSERT INTO ATTENDS VALUES ('Jeremy Evans', '2017-10-12 23:30:00', 'Atlanta', 0, 0, 0, 0, 0);
INSERT INTO PLAYERHAS VALUES ('CJ Miles', 'USA', 31, 0, 'Toronto Raptors');
INSERT INTO CAREER VALUES ('CJ Miles', 0, 0, '2005/2/34');
INSERT INTO ATTENDS VALUES ('CJ Miles', '2017-10-02 02:00:00', 'Toronto', 12, 2, 1, 0, 2);
INSERT INTO ATTENDS VALUES ('CJ Miles', '2017-10-04 05:00:00', 'LA', 3, 2, 0, 0, 1);
INSERT INTO ATTENDS VALUES ('CJ Miles', '2017-10-06 02:00:00', 'Portland', 0, 0, 0, 0, 0);
INSERT INTO ATTENDS VALUES ('CJ Miles', '2017-10-10 23:00:00', 'Toronto', 19, 2, 3, 1, 1);
INSERT INTO ATTENDS VALUES ('CJ Miles', '2017-10-14 00:00:00', 'Chicago', 27, 3, 0, 0, 1);
INSERT INTO ATTENDS VALUES ('CJ Miles', '2017-10-19 23:30:00', 'Toronto', 22, 5, 0, 0, 0);
INSERT INTO ATTENDS VALUES ('CJ Miles', '2017-10-21 23:30:00', 'Toronto', 5, 3, 1, 0, 0);
INSERT INTO ATTENDS VALUES ('CJ Miles', '2017-10-24 00:30:00', 'San Antonio', 13, 2, 1, 0, 0);
INSERT INTO ATTENDS VALUES ('CJ Miles', '2017-10-26 02:30:00', 'Golden State', 10, 3, 2, 0, 1);
INSERT INTO ATTENDS VALUES ('CJ Miles', '2017-10-28 02:30:00', 'Los Angeles', 9, 2, 0, 2, 1);
INSERT INTO ATTENDS VALUES ('CJ Miles', '2017-10-31 02:00:00', 'Portland', 5, 3, 0, 0, 1);
INSERT INTO PLAYERHAS VALUES ('Malik Monk', 'USA', 20, 1, 'Charlotte Hornets');
INSERT INTO CAREER VALUES ('Malik Monk', 0, 0, '2017/1/11');
INSERT INTO ATTENDS VALUES ('Malik Monk', '2017-10-02 23:30:00', 'Boston', 5, 0, 1, 0, 0);
INSERT INTO ATTENDS VALUES ('Malik Monk', '2017-10-04 23:00:00', 'Detroit', 18, 2, 1, 0, 0);
INSERT INTO ATTENDS VALUES ('Malik Monk', '2017-10-09 23:30:00', 'Miami', 19, 1, 4, 0, 1);
INSERT INTO ATTENDS VALUES ('Malik Monk', '2017-10-11 23:00:00', 'Charlotte', 21, 6, 3, 0, 0);
INSERT INTO ATTENDS VALUES ('Malik Monk', '2017-10-13 22:00:00', 'Charlotte', 14, 4, 3, 0, 0);
INSERT INTO ATTENDS VALUES ('Malik Monk', '2017-10-18 23:00:00', 'Detroit', 3, 0, 1, 0, 0);
INSERT INTO ATTENDS VALUES ('Malik Monk', '2017-10-20 23:00:00', 'Charlotte', 6, 3, 0, 0, 0);
INSERT INTO ATTENDS VALUES ('Malik Monk', '2017-10-24 00:00:00', 'Milwaukee', 4, 1, 1, 0, 0);
INSERT INTO ATTENDS VALUES ('Malik Monk', '2017-10-25 23:00:00', 'Charlotte', 17, 2, 2, 0, 2);
INSERT INTO ATTENDS VALUES ('Malik Monk', '2017-10-27 23:00:00', 'Charlotte', 10, 3, 2, 0, 1);
INSERT INTO ATTENDS VALUES ('Malik Monk', '2017-10-29 22:00:00', 'Charlotte', 2, 1, 3, 1, 0);
INSERT INTO ATTENDS VALUES ('Malik Monk', '2017-10-31 00:00:00', 'Memphis', 13, 4, 3, 1, 0);
INSERT INTO PLAYERHAS VALUES ('Jonathan Isaac', 'USA', 20, 1, 'Orlando Magic');
INSERT INTO CAREER VALUES ('Jonathan Isaac', 0, 0, '2017/1/6');
INSERT INTO ATTENDS VALUES ('Jonathan Isaac', '2017-10-03 00:00:00', 'Memphis', 15, 3, 0, 1, 1);
INSERT INTO ATTENDS VALUES ('Jonathan Isaac', '2017-10-05 23:00:00', 'Orlando', 2, 3, 1, 2, 1);
INSERT INTO ATTENDS VALUES ('Jonathan Isaac', '2017-10-07 23:00:00', 'Orlando', 13, 5, 0, 2, 1);
INSERT INTO ATTENDS VALUES ('Jonathan Isaac', '2017-10-10 00:30:00', 'Dallas', 5, 2, 2, 2, 0);
INSERT INTO ATTENDS VALUES ('Jonathan Isaac', '2017-10-11 00:30:00', 'San Antonio', 2, 1, 1, 0, 0);
INSERT INTO ATTENDS VALUES ('Jonathan Isaac', '2017-10-13 23:00:00', 'Orlando', 7, 3, 1, 1, 2);
INSERT INTO ATTENDS VALUES ('Jonathan Isaac', '2017-10-18 23:00:00', 'Orlando', 4, 8, 0, 2, 0);
INSERT INTO ATTENDS VALUES ('Jonathan Isaac', '2017-10-20 23:30:00', 'Brooklyn', 9, 1, 3, 1, 2);
INSERT INTO ATTENDS VALUES ('Jonathan Isaac', '2017-10-22 00:00:00', 'Cleveland', 5, 6, 0, 0, 1);
INSERT INTO ATTENDS VALUES ('Jonathan Isaac', '2017-10-24 23:00:00', 'Orlando', 4, 3, 0, 0, 1);
INSERT INTO ATTENDS VALUES ('Jonathan Isaac', '2017-10-27 23:00:00', 'Orlando', 6, 4, 1, 1, 2);
INSERT INTO ATTENDS VALUES ('Jonathan Isaac', '2017-10-31 00:00:00', 'New Orleans', 4, 7, 1, 1, 0);
INSERT INTO PLAYERHAS VALUES ('Dennis Smith Jr.', 'USA', 20, 1, 'Dallas Mavericks');
INSERT INTO CAREER VALUES ('Dennis Smith Jr.', 0, 0, '2017/1/9');
INSERT INTO ATTENDS VALUES ('Dennis Smith Jr.', '2017-10-03 00:30:00', 'Dallas', 3, 1, 1, 0, 2);
INSERT INTO ATTENDS VALUES ('Dennis Smith Jr.', '2017-10-05 00:30:00', 'Dallas', 14, 2, 3, 0, 2);
INSERT INTO ATTENDS VALUES ('Dennis Smith Jr.', '2017-10-05 23:00:00', 'Orlando', 13, 3, 0, 1, 0);
INSERT INTO ATTENDS VALUES ('Dennis Smith Jr.', '2017-10-10 00:30:00', 'Dallas', 16, 6, 7, 1, 1);
INSERT INTO ATTENDS VALUES ('Dennis Smith Jr.', '2017-10-12 23:30:00', 'Atlanta', 9, 1, 3, 0, 0);
INSERT INTO ATTENDS VALUES ('Dennis Smith Jr.', '2017-10-13 22:00:00', 'Charlotte', 10, 2, 9, 0, 3);
INSERT INTO ATTENDS VALUES ('Dennis Smith Jr.', '2017-10-19 00:30:00', 'Dallas', 16, 3, 10, 0, 0);
INSERT INTO ATTENDS VALUES ('Dennis Smith Jr.', '2017-10-24 00:30:00', 'Dallas', 10, 6, 1, 0, 2);
INSERT INTO ATTENDS VALUES ('Dennis Smith Jr.', '2017-10-26 00:30:00', 'Dallas', 19, 1, 5, 0, 0);
INSERT INTO ATTENDS VALUES ('Dennis Smith Jr.', '2017-10-27 00:00:00', 'Memphis', 9, 3, 9, 1, 2);
INSERT INTO ATTENDS VALUES ('Dennis Smith Jr.', '2017-10-29 00:30:00', 'Dallas', 12, 2, 8, 0, 1);
INSERT INTO ATTENDS VALUES ('Dennis Smith Jr.', '2017-10-31 01:00:00', 'Utah', 2, 3, 1, 0, 0);
INSERT INTO PLAYERHAS VALUES ('Frank Ntilikina', 'France', 19, 11, 'New York Knicks');
INSERT INTO CAREER VALUES ('Frank Ntilikina', 0, 0, '2017/1/8');
INSERT INTO ATTENDS VALUES ('Frank Ntilikina', '2017-10-03 23:30:00', 'New York', 5, 1, 3, 0, 1);
INSERT INTO ATTENDS VALUES ('Frank Ntilikina', '2017-10-08 23:30:00', 'Brooklyn', 0, 0, 0, 0, 0);
INSERT INTO ATTENDS VALUES ('Frank Ntilikina', '2017-10-09 23:30:00', 'New York', 0, 0, 0, 0, 0);
INSERT INTO ATTENDS VALUES ('Frank Ntilikina', '2017-10-13 23:30:00', 'New York', 0, 0, 0, 0, 0);
INSERT INTO ATTENDS VALUES ('Frank Ntilikina', '2017-10-20 00:00:00', 'Oklahoma City', 0, 0, 1, 0, 0);
INSERT INTO ATTENDS VALUES ('Frank Ntilikina', '2017-10-27 23:30:00', 'New York', 9, 2, 5, 0, 1);
INSERT INTO ATTENDS VALUES ('Frank Ntilikina', '2017-10-29 23:00:00', 'Cleveland', 5, 3, 3, 0, 2);
INSERT INTO ATTENDS VALUES ('Frank Ntilikina', '2017-10-30 23:30:00', 'New York', 5, 2, 1, 0, 2);
INSERT INTO PLAYERHAS VALUES ('Lauri Markkanen', 'Finland', 21, 24, 'Chicago Bulls');
INSERT INTO CAREER VALUES ('Lauri Markkanen', 0, 0, '2017/1/7');
INSERT INTO ATTENDS VALUES ('Lauri Markkanen', '2017-10-04 00:00:00', 'New Orleans', 0, 0, 0, 0, 0);
INSERT INTO ATTENDS VALUES ('Lauri Markkanen', '2017-10-05 00:30:00', 'Dallas', 0, 0, 0, 0, 0);
INSERT INTO ATTENDS VALUES ('Lauri Markkanen', '2017-10-08 23:00:00', 'Chicago', 4, 3, 1, 0, 0);
INSERT INTO ATTENDS VALUES ('Lauri Markkanen', '2017-10-11 00:00:00', 'Cleveland', 18, 5, 0, 0, 1);
INSERT INTO ATTENDS VALUES ('Lauri Markkanen', '2017-10-14 00:00:00', 'Chicago', 13, 7, 3, 1, 0);
INSERT INTO ATTENDS VALUES ('Lauri Markkanen', '2017-10-19 23:30:00', 'Toronto', 17, 8, 0, 1, 0);
INSERT INTO ATTENDS VALUES ('Lauri Markkanen', '2017-10-22 00:00:00', 'Chicago', 13, 12, 0, 0, 1);
INSERT INTO ATTENDS VALUES ('Lauri Markkanen', '2017-10-24 23:00:00', 'Cleveland', 19, 8, 0, 1, 0);
INSERT INTO ATTENDS VALUES ('Lauri Markkanen', '2017-10-27 00:00:00', 'Chicago', 14, 12, 1, 0, 0);
INSERT INTO ATTENDS VALUES ('Lauri Markkanen', '2017-10-29 00:00:00', 'Chicago', 15, 8, 1, 1, 0);
INSERT INTO PLAYERHAS VALUES ('Donovan Mitchell', 'USA', 21, 45, 'Utah Jazz');
INSERT INTO CAREER VALUES ('Donovan Mitchell', 0, 0, '2017/1/13');
INSERT INTO ATTENDS VALUES ('Donovan Mitchell', '2017-10-07 01:00:00', 'Utah', 8, 3, 1, 0, 0);
INSERT INTO ATTENDS VALUES ('Donovan Mitchell', '2017-10-10 02:00:00', 'Phoenix', 17, 1, 4, 0, 1);
INSERT INTO ATTENDS VALUES ('Donovan Mitchell', '2017-10-11 02:30:00', 'Los Angeles', 26, 5, 3, 0, 1);
INSERT INTO ATTENDS VALUES ('Donovan Mitchell', '2017-10-19 01:00:00', 'Utah', 10, 1, 4, 1, 0);
INSERT INTO ATTENDS VALUES ('Donovan Mitchell', '2017-10-21 00:00:00', 'Minnesota', 2, 0, 2, 2, 0);
INSERT INTO ATTENDS VALUES ('Donovan Mitchell', '2017-10-22 01:00:00', 'Utah', 2, 2, 6, 0, 1);
INSERT INTO ATTENDS VALUES ('Donovan Mitchell', '2017-10-25 02:30:00', 'LA', 19, 2, 1, 0, 1);
INSERT INTO ATTENDS VALUES ('Donovan Mitchell', '2017-10-26 02:00:00', 'Phoenix', 2, 1, 1, 1, 1);
INSERT INTO ATTENDS VALUES ('Donovan Mitchell', '2017-10-29 01:00:00', 'Utah', 22, 3, 2, 0, 3);
INSERT INTO ATTENDS VALUES ('Donovan Mitchell', '2017-10-31 01:00:00', 'Utah', 8, 1, 1, 0, 2);
INSERT INTO PLAYERHAS VALUES ('Luke Kennard', 'USA', 21, 5, 'Detroit Pistons');
INSERT INTO CAREER VALUES ('Luke Kennard', 0, 0, '2017/1/12');
INSERT INTO ATTENDS VALUES ('Luke Kennard', '2017-10-04 23:00:00', 'Detroit', 10, 1, 2, 0, 1);
INSERT INTO ATTENDS VALUES ('Luke Kennard', '2017-10-06 23:00:00', 'Detroit', 9, 4, 2, 0, 0);
INSERT INTO ATTENDS VALUES ('Luke Kennard', '2017-10-09 23:00:00', 'Detroit', 6, 2, 0, 0, 0);
INSERT INTO ATTENDS VALUES ('Luke Kennard', '2017-10-10 23:00:00', 'Toronto', 2, 1, 2, 0, 0);
INSERT INTO ATTENDS VALUES ('Luke Kennard', '2017-10-14 00:30:00', 'Milwaukee', 4, 1, 0, 0, 0);
INSERT INTO ATTENDS VALUES ('Luke Kennard', '2017-10-18 23:00:00', 'Detroit', 0, 0, 0, 0, 0);
INSERT INTO ATTENDS VALUES ('Luke Kennard', '2017-10-20 23:00:00', 'Washington', 11, 0, 2, 0, 2);
INSERT INTO ATTENDS VALUES ('Luke Kennard', '2017-10-22 00:00:00', 'New York', 2, 3, 0, 0, 0);
INSERT INTO ATTENDS VALUES ('Luke Kennard', '2017-10-23 23:00:00', 'Detroit', 6, 3, 1, 0, 0);
INSERT INTO ATTENDS VALUES ('Luke Kennard', '2017-10-25 23:00:00', 'Detroit', 0, 1, 1, 0, 0);
INSERT INTO PLAYERHAS VALUES ('Richard Jefferson', 'USA', 37, 22, 'Denver Nuggets');
INSERT INTO CAREER VALUES ('Richard Jefferson', 0, 0, '2001/1/13');
INSERT INTO ATTENDS VALUES ('Richard Jefferson', '2017-10-04 23:00:00', 'Cleveland', 5, 2, 1, 1, 0);
INSERT INTO ATTENDS VALUES ('Richard Jefferson', '2017-10-06 23:30:00', 'Cleveland', 6, 5, 0, 0, 1);
INSERT INTO ATTENDS VALUES ('Richard Jefferson', '2017-10-08 19:00:00', 'Washington', 8, 3, 2, 0, 1);
INSERT INTO ATTENDS VALUES ('Richard Jefferson', '2017-10-11 00:00:00', 'Cleveland', 0, 0, 0, 0, 0);
INSERT INTO ATTENDS VALUES ('Richard Jefferson', '2017-10-13 23:00:00', 'Orlando', 0, 0, 0, 0, 0);
INSERT INTO ATTENDS VALUES ('Richard Jefferson', '2017-10-24 01:00:00', 'Denver', 0, 0, 0, 0, 0);
INSERT INTO ATTENDS VALUES ('Richard Jefferson', '2017-10-25 23:00:00', 'Charlotte', 0, 0, 0, 0, 0);
INSERT INTO ATTENDS VALUES ('Richard Jefferson', '2017-10-27 23:30:00', 'Atlanta', 0, 0, 0, 0, 0);
INSERT INTO ATTENDS VALUES ('Richard Jefferson', '2017-10-29 22:00:00', 'Brooklyn', 0, 1, 0, 0, 0);
INSERT INTO ATTENDS VALUES ('Richard Jefferson', '2017-10-30 23:30:00', 'New York', 0, 0, 0, 0, 0);
INSERT INTO PLAYERHAS VALUES ('Zach Randolph', 'USA', 36, 50, 'Sacramento Kings');
INSERT INTO CAREER VALUES ('Zach Randolph', 0, 2, '2001/1/19');
INSERT INTO ATTENDS VALUES ('Zach Randolph', '2017-10-03 02:00:00', 'Sacramento', 7, 1, 0, 1, 0);
INSERT INTO ATTENDS VALUES ('Zach Randolph', '2017-10-07 00:30:00', 'San Antonio', 0, 0, 0, 0, 0);
INSERT INTO ATTENDS VALUES ('Zach Randolph', '2017-10-09 01:00:00', 'Los Angeles', 16, 6, 3, 0, 0);
INSERT INTO ATTENDS VALUES ('Zach Randolph', '2017-10-10 02:00:00', 'Sacramento', 0, 0, 0, 0, 0);
INSERT INTO ATTENDS VALUES ('Zach Randolph', '2017-10-13 02:30:00', 'LA', 14, 4, 0, 1, 0);
INSERT INTO ATTENDS VALUES ('Zach Randolph', '2017-10-14 02:30:00', 'Golden State', 0, 0, 0, 0, 0);
INSERT INTO ATTENDS VALUES ('Zach Randolph', '2017-10-21 00:30:00', 'Dallas', 13, 6, 1, 0, 2);
INSERT INTO ATTENDS VALUES ('Zach Randolph', '2017-10-22 01:00:00', 'Denver', 11, 9, 0, 0, 2);
INSERT INTO ATTENDS VALUES ('Zach Randolph', '2017-10-24 02:00:00', 'Phoenix', 0, 4, 1, 0, 0);
INSERT INTO ATTENDS VALUES ('Zach Randolph', '2017-10-27 02:30:00', 'Sacramento', 13, 9, 3, 1, 0);
INSERT INTO ATTENDS VALUES ('Zach Randolph', '2017-10-31 23:00:00', 'Indiana', 12, 5, 0, 0, 0);
INSERT INTO PLAYERHAS VALUES ('Marreese Speights', 'USA', 30, 5, 'Orlando Magic');
INSERT INTO CAREER VALUES ('Marreese Speights', 0, 0, '2008/1/16');
INSERT INTO ATTENDS VALUES ('Marreese Speights', '2017-10-03 00:00:00', 'Memphis', 5, 4, 0, 3, 0);
INSERT INTO ATTENDS VALUES ('Marreese Speights', '2017-10-05 23:00:00', 'Orlando', 10, 3, 1, 0, 1);
INSERT INTO ATTENDS VALUES ('Marreese Speights', '2017-10-07 23:00:00', 'Orlando', 0, 0, 0, 0, 0);
INSERT INTO ATTENDS VALUES ('Marreese Speights', '2017-10-10 00:30:00', 'Dallas', 15, 1, 0, 0, 0);
INSERT INTO ATTENDS VALUES ('Marreese Speights', '2017-10-11 00:30:00', 'San Antonio', 0, 0, 0, 0, 0);
INSERT INTO ATTENDS VALUES ('Marreese Speights', '2017-10-13 23:00:00', 'Orlando', 7, 2, 0, 0, 0);
INSERT INTO ATTENDS VALUES ('Marreese Speights', '2017-10-18 23:00:00', 'Orlando', 0, 0, 0, 0, 0);
INSERT INTO ATTENDS VALUES ('Marreese Speights', '2017-10-20 23:30:00', 'Brooklyn', 3, 2, 0, 0, 0);
INSERT INTO ATTENDS VALUES ('Marreese Speights', '2017-10-22 00:00:00', 'Cleveland', 10, 5, 0, 0, 0);
INSERT INTO ATTENDS VALUES ('Marreese Speights', '2017-10-24 23:00:00', 'Orlando', 0, 0, 0, 0, 0);
INSERT INTO ATTENDS VALUES ('Marreese Speights', '2017-10-27 23:00:00', 'Orlando', 0, 1, 0, 0, 0);
INSERT INTO ATTENDS VALUES ('Marreese Speights', '2017-10-29 22:00:00', 'Charlotte', 0, 0, 0, 0, 0);
INSERT INTO ATTENDS VALUES ('Marreese Speights', '2017-10-31 00:00:00', 'New Orleans', 18, 5, 3, 0, 0);
INSERT INTO PLAYERHAS VALUES ('Robin Lopez', 'USA', 30, 42, 'Chicago Bulls');
INSERT INTO CAREER VALUES ('Robin Lopez', 0, 0, '2008/1/15');
INSERT INTO ATTENDS VALUES ('Robin Lopez', '2017-10-04 00:00:00', 'New Orleans', 12, 4, 2, 3, 0);
INSERT INTO ATTENDS VALUES ('Robin Lopez', '2017-10-05 00:30:00', 'Dallas', 12, 1, 1, 1, 0);
INSERT INTO ATTENDS VALUES ('Robin Lopez', '2017-10-07 00:00:00', 'Chicago', 12, 1, 2, 0, 1);
INSERT INTO ATTENDS VALUES ('Robin Lopez', '2017-10-08 23:00:00', 'Chicago', 13, 4, 5, 1, 0);
INSERT INTO ATTENDS VALUES ('Robin Lopez', '2017-10-11 00:00:00', 'Cleveland', 10, 5, 1, 1, 0);
INSERT INTO ATTENDS VALUES ('Robin Lopez', '2017-10-14 00:00:00', 'Chicago', 8, 1, 1, 1, 0);
INSERT INTO ATTENDS VALUES ('Robin Lopez', '2017-10-19 23:30:00', 'Toronto', 18, 8, 2, 0, 1);
INSERT INTO ATTENDS VALUES ('Robin Lopez', '2017-10-22 00:00:00', 'Chicago', 16, 7, 3, 3, 0);
INSERT INTO ATTENDS VALUES ('Robin Lopez', '2017-10-24 23:00:00', 'Cleveland', 11, 3, 3, 0, 0);
INSERT INTO ATTENDS VALUES ('Robin Lopez', '2017-10-27 00:00:00', 'Chicago', 16, 8, 4, 2, 0);
INSERT INTO ATTENDS VALUES ('Robin Lopez', '2017-10-29 00:00:00', 'Chicago', 10, 3, 2, 2, 0);
INSERT INTO PLAYERHAS VALUES ('Jarrett Jack', 'USA', 34, 55, 'New York Knicks');
INSERT INTO CAREER VALUES ('Jarrett Jack', 0, 0, '2005/1/22');
INSERT INTO ATTENDS VALUES ('Jarrett Jack', '2017-10-03 23:30:00', 'New York', 3, 1, 0, 0, 1);
INSERT INTO ATTENDS VALUES ('Jarrett Jack', '2017-10-06 23:00:00', 'Washington', 11, 2, 5, 0, 0);
INSERT INTO ATTENDS VALUES ('Jarrett Jack', '2017-10-08 23:30:00', 'Brooklyn', 6, 1, 5, 0, 1);
INSERT INTO ATTENDS VALUES ('Jarrett Jack', '2017-10-09 23:30:00', 'New York', 5, 3, 2, 0, 2);
INSERT INTO ATTENDS VALUES ('Jarrett Jack', '2017-10-13 23:30:00', 'New York', 4, 0, 1, 0, 0);
INSERT INTO ATTENDS VALUES ('Jarrett Jack', '2017-10-22 00:00:00', 'New York', 0, 0, 0, 0, 0);
INSERT INTO ATTENDS VALUES ('Jarrett Jack', '2017-10-24 23:30:00', 'Boston', 4, 2, 2, 0, 0);
INSERT INTO ATTENDS VALUES ('Jarrett Jack', '2017-10-27 23:30:00', 'New York', 8, 7, 5, 0, 1);
INSERT INTO ATTENDS VALUES ('Jarrett Jack', '2017-10-29 23:00:00', 'Cleveland', 2, 3, 9, 1, 1);
INSERT INTO ATTENDS VALUES ('Jarrett Jack', '2017-10-30 23:30:00', 'New York', 6, 3, 10, 0, 2);
INSERT INTO PLAYERHAS VALUES ('Jerryd Bayless', 'USA', 29, 0, 'Philadelphia 76ers');
INSERT INTO CAREER VALUES ('Jerryd Bayless', 0, 0, '2008/1/11');
INSERT INTO ATTENDS VALUES ('Jerryd Bayless', '2017-10-04 23:00:00', 'Philadelphia', 4, 2, 1, 0, 0);
INSERT INTO ATTENDS VALUES ('Jerryd Bayless', '2017-10-06 23:00:00', 'Philadelphia', 15, 3, 3, 0, 0);
INSERT INTO ATTENDS VALUES ('Jerryd Bayless', '2017-10-09 23:30:00', 'Boston', 8, 1, 0, 0, 1);
INSERT INTO ATTENDS VALUES ('Jerryd Bayless', '2017-10-11 23:30:00', 'Brooklyn', 8, 0, 2, 0, 0);
INSERT INTO ATTENDS VALUES ('Jerryd Bayless', '2017-10-14 00:30:00', 'Philadelphia', 5, 1, 3, 0, 2);
INSERT INTO ATTENDS VALUES ('Jerryd Bayless', '2017-10-18 23:00:00', 'Washington', 13, 3, 3, 0, 1);
INSERT INTO ATTENDS VALUES ('Jerryd Bayless', '2017-10-20 23:00:00', 'Philadelphia', 18, 1, 1, 0, 1);
INSERT INTO ATTENDS VALUES ('Jerryd Bayless', '2017-10-21 23:30:00', 'Toronto', 16, 3, 0, 0, 1);
INSERT INTO ATTENDS VALUES ('Jerryd Bayless', '2017-10-23 23:00:00', 'Detroit', 6, 3, 2, 0, 1);
INSERT INTO ATTENDS VALUES ('Jerryd Bayless', '2017-10-25 23:00:00', 'Philadelphia', 9, 2, 2, 0, 1);
INSERT INTO ATTENDS VALUES ('Jerryd Bayless', '2017-10-29 00:30:00', 'Dallas', 9, 3, 0, 0, 0);
INSERT INTO ATTENDS VALUES ('Jerryd Bayless', '2017-10-31 00:00:00', 'Houston', 10, 5, 5, 0, 0);
INSERT INTO PLAYERHAS VALUES ('Brook Lopez', 'USA', 30, 11, 'Los Angeles Lakers');
INSERT INTO CAREER VALUES ('Brook Lopez', 0, 1, '2008/1/10');
INSERT INTO ATTENDS VALUES ('Brook Lopez', '2017-10-01 02:00:00', 'Los Angeles', 0, 0, 0, 0, 0);
INSERT INTO ATTENDS VALUES ('Brook Lopez', '2017-10-03 02:30:00', 'Los Angeles', 0, 0, 0, 0, 0);
INSERT INTO ATTENDS VALUES ('Brook Lopez', '2017-10-05 02:00:00', 'Los Angeles', 0, 0, 0, 0, 0);
INSERT INTO ATTENDS VALUES ('Brook Lopez', '2017-10-09 01:00:00', 'Los Angeles', 12, 3, 0, 0, 0);
INSERT INTO ATTENDS VALUES ('Brook Lopez', '2017-10-11 02:30:00', 'Los Angeles', 7, 4, 1, 1, 1);
INSERT INTO ATTENDS VALUES ('Brook Lopez', '2017-10-14 02:30:00', 'LA', 16, 4, 0, 0, 0);
INSERT INTO ATTENDS VALUES ('Brook Lopez', '2017-10-20 02:30:00', 'Los Angeles', 20, 6, 2, 1, 1);
INSERT INTO ATTENDS VALUES ('Brook Lopez', '2017-10-21 02:00:00', 'Phoenix', 19, 11, 2, 0, 1);
INSERT INTO ATTENDS VALUES ('Brook Lopez', '2017-10-23 01:30:00', 'Los Angeles', 7, 6, 0, 2, 1);
INSERT INTO ATTENDS VALUES ('Brook Lopez', '2017-10-26 02:30:00', 'Los Angeles', 9, 1, 3, 0, 1);
INSERT INTO ATTENDS VALUES ('Brook Lopez', '2017-10-28 02:30:00', 'Los Angeles', 13, 5, 2, 3, 1);
INSERT INTO ATTENDS VALUES ('Brook Lopez', '2017-10-29 01:00:00', 'Utah', 6, 3, 0, 2, 0);
INSERT INTO ATTENDS VALUES ('Brook Lopez', '2017-11-01 02:30:00', 'Los Angeles', 8, 1, 4, 2, 0);
INSERT INTO PLAYERHAS VALUES ('D.J. Augustin', 'USA', 30, 14, 'Orlando Magic');
INSERT INTO CAREER VALUES ('D.J. Augustin', 0, 0, '2008/1/9');
INSERT INTO ATTENDS VALUES ('D.J. Augustin', '2017-10-03 00:00:00', 'Memphis', 8, 5, 3, 1, 0);
INSERT INTO ATTENDS VALUES ('D.J. Augustin', '2017-10-05 23:00:00', 'Orlando', 7, 1, 1, 0, 0);
INSERT INTO ATTENDS VALUES ('D.J. Augustin', '2017-10-07 23:00:00', 'Orlando', 0, 0, 0, 0, 0);
INSERT INTO ATTENDS VALUES ('D.J. Augustin', '2017-10-10 00:30:00', 'Dallas', 24, 1, 5, 0, 0);
INSERT INTO ATTENDS VALUES ('D.J. Augustin', '2017-10-11 00:30:00', 'San Antonio', 0, 0, 0, 0, 0);
INSERT INTO ATTENDS VALUES ('D.J. Augustin', '2017-10-13 23:00:00', 'Orlando', 5, 0, 4, 0, 1);
INSERT INTO ATTENDS VALUES ('D.J. Augustin', '2017-10-18 23:00:00', 'Orlando', 7, 4, 2, 0, 0);
INSERT INTO ATTENDS VALUES ('D.J. Augustin', '2017-10-20 23:30:00', 'Brooklyn', 10, 2, 5, 0, 1);
INSERT INTO ATTENDS VALUES ('D.J. Augustin', '2017-10-22 00:00:00', 'Cleveland', 12, 4, 10, 0, 1);
INSERT INTO ATTENDS VALUES ('D.J. Augustin', '2017-10-24 23:00:00', 'Orlando', 19, 1, 6, 0, 3);
INSERT INTO ATTENDS VALUES ('D.J. Augustin', '2017-10-27 23:00:00', 'Orlando', 7, 3, 6, 0, 2);
INSERT INTO ATTENDS VALUES ('D.J. Augustin', '2017-10-29 22:00:00', 'Charlotte', 0, 0, 5, 0, 0);
INSERT INTO ATTENDS VALUES ('D.J. Augustin', '2017-10-31 00:00:00', 'New Orleans', 6, 1, 4, 0, 3);
INSERT INTO PLAYERHAS VALUES ('Jonas Jerebko', 'Sweden', 31, 8, 'Utah Jazz');
INSERT INTO CAREER VALUES ('Jonas Jerebko', 0, 0, '2009/2/39');
INSERT INTO ATTENDS VALUES ('Jonas Jerebko', '2017-10-07 01:00:00', 'Utah', 0, 0, 0, 0, 0);
INSERT INTO ATTENDS VALUES ('Jonas Jerebko', '2017-10-10 02:00:00', 'Phoenix', 4, 2, 1, 0, 0);
INSERT INTO ATTENDS VALUES ('Jonas Jerebko', '2017-10-11 02:30:00', 'Los Angeles', 0, 0, 0, 0, 0);
INSERT INTO ATTENDS VALUES ('Jonas Jerebko', '2017-10-19 01:00:00', 'Utah', 0, 0, 0, 0, 0);
INSERT INTO ATTENDS VALUES ('Jonas Jerebko', '2017-10-21 00:00:00', 'Minnesota', 0, 0, 0, 0, 0);
INSERT INTO ATTENDS VALUES ('Jonas Jerebko', '2017-10-22 01:00:00', 'Utah', 0, 0, 0, 0, 0);
INSERT INTO ATTENDS VALUES ('Jonas Jerebko', '2017-10-25 02:30:00', 'LA', 0, 0, 0, 0, 0);
INSERT INTO ATTENDS VALUES ('Jonas Jerebko', '2017-10-26 02:00:00', 'Phoenix', 0, 0, 0, 0, 0);
INSERT INTO ATTENDS VALUES ('Jonas Jerebko', '2017-10-29 01:00:00', 'Utah', 0, 0, 0, 0, 0);
INSERT INTO ATTENDS VALUES ('Jonas Jerebko', '2017-10-31 01:00:00', 'Utah', 0, 0, 0, 0, 0);
INSERT INTO PLAYERHAS VALUES ('Ante Zizic', 'Croatia', 21, 41, 'Cleveland Cavaliers');
INSERT INTO CAREER VALUES ('Ante Zizic', 0, 0, '2016/1/23');
INSERT INTO ATTENDS VALUES ('Ante Zizic', '2017-10-04 23:00:00', 'Cleveland', 4, 6, 1, 1, 0);
INSERT INTO ATTENDS VALUES ('Ante Zizic', '2017-10-06 23:30:00', 'Cleveland', 1, 1, 1, 1, 0);
INSERT INTO ATTENDS VALUES ('Ante Zizic', '2017-10-08 19:00:00', 'Washington', 7, 8, 1, 1, 1);
INSERT INTO ATTENDS VALUES ('Ante Zizic', '2017-10-11 00:00:00', 'Cleveland', 0, 1, 0, 0, 0);
INSERT INTO ATTENDS VALUES ('Ante Zizic', '2017-10-13 23:00:00', 'Orlando', 10, 2, 0, 0, 0);
INSERT INTO ATTENDS VALUES ('Ante Zizic', '2017-10-22 00:00:00', 'Cleveland', 4, 4, 0, 2, 0);
INSERT INTO ATTENDS VALUES ('Ante Zizic', '2017-10-24 23:00:00', 'Cleveland', 0, 0, 0, 0, 0);
INSERT INTO ATTENDS VALUES ('Ante Zizic', '2017-10-25 23:30:00', 'Brooklyn', 0, 0, 0, 0, 0);
INSERT INTO ATTENDS VALUES ('Ante Zizic', '2017-10-28 23:00:00', 'New Orleans', 1, 2, 0, 1, 0);
INSERT INTO PLAYERHAS VALUES ('Patrick Beverley', 'USA', 29, 21, 'LA Clippers');
INSERT INTO CAREER VALUES ('Patrick Beverley', 0, 0, '2009/2/42');
INSERT INTO ATTENDS VALUES ('Patrick Beverley', '2017-10-02 02:00:00', 'Toronto', 14, 2, 2, 0, 1);
INSERT INTO ATTENDS VALUES ('Patrick Beverley', '2017-10-04 05:00:00', 'LA', 6, 5, 4, 1, 0);
INSERT INTO ATTENDS VALUES ('Patrick Beverley', '2017-10-08 19:30:00', 'LA', 1, 1, 6, 0, 0);
INSERT INTO ATTENDS VALUES ('Patrick Beverley', '2017-10-13 02:30:00', 'LA', 0, 0, 0, 0, 0);
INSERT INTO ATTENDS VALUES ('Patrick Beverley', '2017-10-14 02:30:00', 'LA', 0, 0, 0, 0, 0);
INSERT INTO ATTENDS VALUES ('Patrick Beverley', '2017-10-20 02:30:00', 'Los Angeles', 10, 3, 1, 1, 2);
INSERT INTO ATTENDS VALUES ('Patrick Beverley', '2017-10-22 02:30:00', 'LA', 15, 2, 2, 0, 5);
INSERT INTO ATTENDS VALUES ('Patrick Beverley', '2017-10-25 02:30:00', 'LA', 19, 4, 5, 1, 3);
INSERT INTO ATTENDS VALUES ('Patrick Beverley', '2017-10-27 02:00:00', 'Portland', 13, 7, 0, 0, 1);
INSERT INTO ATTENDS VALUES ('Patrick Beverley', '2017-10-29 02:30:00', 'LA', 9, 2, 8, 1, 2);
INSERT INTO ATTENDS VALUES ('Patrick Beverley', '2017-10-31 02:30:00', 'LA', 14, 2, 4, 0, 0);
INSERT INTO PLAYERHAS VALUES ('Jodie Meeks', 'USA', 30, 20, 'Washington Wizards');
INSERT INTO CAREER VALUES ('Jodie Meeks', 0, 0, '2009/2/41');
INSERT INTO ATTENDS VALUES ('Jodie Meeks', '2017-10-06 23:00:00', 'Washington', 8, 0, 0, 0, 0);
INSERT INTO ATTENDS VALUES ('Jodie Meeks', '2017-10-08 19:00:00', 'Washington', 13, 4, 1, 0, 1);
INSERT INTO ATTENDS VALUES ('Jodie Meeks', '2017-10-11 23:30:00', 'Miami', 10, 0, 0, 0, 0);
INSERT INTO ATTENDS VALUES ('Jodie Meeks', '2017-10-13 23:30:00', 'New York', 2, 1, 1, 0, 0);
INSERT INTO ATTENDS VALUES ('Jodie Meeks', '2017-10-18 23:00:00', 'Washington', 14, 1, 0, 0, 0);
INSERT INTO ATTENDS VALUES ('Jodie Meeks', '2017-10-20 23:00:00', 'Washington', 9, 1, 0, 0, 1);
INSERT INTO ATTENDS VALUES ('Jodie Meeks', '2017-10-24 01:00:00', 'Denver', 5, 1, 0, 0, 0);
INSERT INTO ATTENDS VALUES ('Jodie Meeks', '2017-10-26 02:30:00', 'Los Angeles', 11, 2, 0, 0, 3);
INSERT INTO ATTENDS VALUES ('Jodie Meeks', '2017-10-28 02:30:00', 'Golden State', 10, 3, 1, 0, 1);
INSERT INTO ATTENDS VALUES ('Jodie Meeks', '2017-10-29 22:00:00', 'Sacramento', 11, 4, 0, 0, 1);
INSERT INTO PLAYERHAS VALUES ('Jason Terry', 'USA', 40, 3, 'Milwaukee Bucks');
INSERT INTO CAREER VALUES ('Jason Terry', 0, 0, '1999/1/10');
INSERT INTO ATTENDS VALUES ('Jason Terry', '2017-10-03 00:30:00', 'Dallas', 0, 0, 0, 0, 0);
INSERT INTO ATTENDS VALUES ('Jason Terry', '2017-10-05 00:00:00', 'Milwaukee', 0, 0, 0, 0, 0);
INSERT INTO ATTENDS VALUES ('Jason Terry', '2017-10-07 00:00:00', 'Chicago', 2, 0, 1, 0, 2);
INSERT INTO ATTENDS VALUES ('Jason Terry', '2017-10-14 00:30:00', 'Milwaukee', 0, 0, 0, 0, 0);
INSERT INTO ATTENDS VALUES ('Jason Terry', '2017-10-18 23:30:00', 'Boston', 0, 0, 0, 0, 0);
INSERT INTO ATTENDS VALUES ('Jason Terry', '2017-10-20 23:00:00', 'Milwaukee', 2, 2, 1, 0, 3);
INSERT INTO ATTENDS VALUES ('Jason Terry', '2017-10-22 00:30:00', 'Milwaukee', 0, 0, 2, 0, 0);
INSERT INTO ATTENDS VALUES ('Jason Terry', '2017-10-24 00:00:00', 'Milwaukee', 0, 0, 0, 0, 0);
INSERT INTO ATTENDS VALUES ('Jason Terry', '2017-10-27 00:00:00', 'Milwaukee', 0, 0, 0, 0, 0);
INSERT INTO ATTENDS VALUES ('Jason Terry', '2017-10-29 19:30:00', 'Atlanta', 0, 0, 0, 0, 0);
INSERT INTO ATTENDS VALUES ('Jason Terry', '2017-11-01 00:00:00', 'Milwaukee', 0, 0, 0, 0, 0);
INSERT INTO PLAYERHAS VALUES ('Dante Exum', 'Australia', 22, 11, 'Utah Jazz');
INSERT INTO CAREER VALUES ('Dante Exum', 0, 0, '2014/1/5');
INSERT INTO ATTENDS VALUES ('Dante Exum', '2017-10-07 01:00:00', 'Utah', 0, 0, 2, 0, 1);
INSERT INTO ATTENDS VALUES ('Dante Exum', '2017-10-11 02:30:00', 'Los Angeles', 0, 0, 0, 0, 0);
INSERT INTO PLAYERHAS VALUES ('Joel Embiid', 'Cameroon', 24, 21, 'Philadelphia 76ers');
INSERT INTO CAREER VALUES ('Joel Embiid', 0, 1, '2014/1/3');
INSERT INTO ATTENDS VALUES ('Joel Embiid', '2017-10-04 23:00:00', 'Philadelphia', 0, 0, 0, 0, 0);
INSERT INTO ATTENDS VALUES ('Joel Embiid', '2017-10-06 23:00:00', 'Philadelphia', 0, 0, 0, 0, 0);
INSERT INTO ATTENDS VALUES ('Joel Embiid', '2017-10-09 23:30:00', 'Boston', 0, 0, 0, 0, 0);
INSERT INTO ATTENDS VALUES ('Joel Embiid', '2017-10-11 23:30:00', 'Brooklyn', 22, 7, 3, 1, 0);
INSERT INTO ATTENDS VALUES ('Joel Embiid', '2017-10-14 00:30:00', 'Philadelphia', 5, 7, 1, 1, 0);
INSERT INTO ATTENDS VALUES ('Joel Embiid', '2017-10-18 23:00:00', 'Washington', 18, 13, 3, 1, 0);
INSERT INTO ATTENDS VALUES ('Joel Embiid', '2017-10-20 23:00:00', 'Philadelphia', 11, 14, 3, 2, 1);
INSERT INTO ATTENDS VALUES ('Joel Embiid', '2017-10-23 23:00:00', 'Detroit', 30, 9, 0, 0, 2);
INSERT INTO ATTENDS VALUES ('Joel Embiid', '2017-10-25 23:00:00', 'Philadelphia', 21, 6, 3, 2, 1);
INSERT INTO ATTENDS VALUES ('Joel Embiid', '2017-10-29 00:30:00', 'Dallas', 23, 9, 4, 0, 0);
INSERT INTO ATTENDS VALUES ('Joel Embiid', '2017-10-31 00:00:00', 'Houston', 22, 9, 5, 1, 2);
INSERT INTO PLAYERHAS VALUES ('Jabari Parker', 'USA', 23, 12, 'Milwaukee Bucks');
INSERT INTO CAREER VALUES ('Jabari Parker', 0, 0, '2014/1/2');
INSERT INTO ATTENDS VALUES ('Jabari Parker', '2017-10-03 00:30:00', 'Dallas', 0, 0, 0, 0, 0);
INSERT INTO ATTENDS VALUES ('Jabari Parker', '2017-10-05 00:00:00', 'Milwaukee', 0, 0, 0, 0, 0);
INSERT INTO PLAYERHAS VALUES ('Andrew Wiggins', 'Canada', 23, 22, 'Minnesota Timberwolves');
INSERT INTO CAREER VALUES ('Andrew Wiggins', 0, 0, '2014/1/1');
INSERT INTO ATTENDS VALUES ('Andrew Wiggins', '2017-10-01 02:00:00', 'Los Angeles', 9, 4, 1, 0, 3);
INSERT INTO ATTENDS VALUES ('Andrew Wiggins', '2017-10-05 06:00:00', 'Golden State', 14, 3, 2, 0, 1);
INSERT INTO ATTENDS VALUES ('Andrew Wiggins', '2017-10-08 11:00:00', 'Minnesota', 19, 0, 1, 0, 0);
INSERT INTO ATTENDS VALUES ('Andrew Wiggins', '2017-10-19 01:30:00', 'San Antonio', 26, 5, 1, 0, 0);
INSERT INTO ATTENDS VALUES ('Andrew Wiggins', '2017-10-21 00:00:00', 'Minnesota', 21, 5, 0, 0, 0);
INSERT INTO ATTENDS VALUES ('Andrew Wiggins', '2017-10-22 23:00:00', 'Oklahoma City', 27, 7, 4, 0, 2);
INSERT INTO ATTENDS VALUES ('Andrew Wiggins', '2017-10-25 00:00:00', 'Minnesota', 7, 4, 2, 0, 1);
INSERT INTO ATTENDS VALUES ('Andrew Wiggins', '2017-10-25 23:00:00', 'Detroit', 21, 3, 1, 0, 2);
INSERT INTO ATTENDS VALUES ('Andrew Wiggins', '2017-10-28 00:00:00', 'Minnesota', 14, 3, 1, 1, 2);
INSERT INTO ATTENDS VALUES ('Andrew Wiggins', '2017-10-30 23:30:00', 'Miami', 22, 7, 1, 1, 1);
INSERT INTO PLAYERHAS VALUES ('JJ Redick', 'USA', 33, 17, 'Philadelphia 76ers');
INSERT INTO CAREER VALUES ('JJ Redick', 0, 0, '2006/1/11');
INSERT INTO ATTENDS VALUES ('JJ Redick', '2017-10-04 23:00:00', 'Philadelphia', 11, 1, 1, 1, 0);
INSERT INTO ATTENDS VALUES ('JJ Redick', '2017-10-06 23:00:00', 'Philadelphia', 12, 1, 2, 0, 1);
INSERT INTO ATTENDS VALUES ('JJ Redick', '2017-10-09 23:30:00', 'Boston', 0, 0, 0, 0, 0);
INSERT INTO ATTENDS VALUES ('JJ Redick', '2017-10-11 23:30:00', 'Brooklyn', 18, 2, 3, 0, 2);
INSERT INTO ATTENDS VALUES ('JJ Redick', '2017-10-14 00:30:00', 'Philadelphia', 19, 1, 0, 0, 0);
INSERT INTO ATTENDS VALUES ('JJ Redick', '2017-10-18 23:00:00', 'Washington', 12, 2, 4, 0, 1);
INSERT INTO ATTENDS VALUES ('JJ Redick', '2017-10-20 23:00:00', 'Philadelphia', 19, 0, 4, 0, 0);
INSERT INTO ATTENDS VALUES ('JJ Redick', '2017-10-21 23:30:00', 'Toronto', 6, 2, 3, 0, 2);
INSERT INTO ATTENDS VALUES ('JJ Redick', '2017-10-23 23:00:00', 'Detroit', 7, 7, 1, 0, 0);
INSERT INTO ATTENDS VALUES ('JJ Redick', '2017-10-25 23:00:00', 'Philadelphia', 22, 5, 4, 0, 0);
INSERT INTO ATTENDS VALUES ('JJ Redick', '2017-10-29 00:30:00', 'Dallas', 0, 0, 0, 0, 0);
INSERT INTO PLAYERHAS VALUES ('Thabo Sefolosha', 'Switzerland', 34, 22, 'Utah Jazz');
INSERT INTO CAREER VALUES ('Thabo Sefolosha', 0, 0, '2006/1/13');
INSERT INTO ATTENDS VALUES ('Thabo Sefolosha', '2017-10-07 01:00:00', 'Utah', 2, 0, 1, 0, 1);
INSERT INTO ATTENDS VALUES ('Thabo Sefolosha', '2017-10-10 02:00:00', 'Phoenix', 6, 4, 0, 1, 2);
INSERT INTO ATTENDS VALUES ('Thabo Sefolosha', '2017-10-11 02:30:00', 'Los Angeles', 2, 4, 1, 0, 0);
INSERT INTO ATTENDS VALUES ('Thabo Sefolosha', '2017-10-19 01:00:00', 'Utah', 7, 2, 2, 0, 2);
INSERT INTO ATTENDS VALUES ('Thabo Sefolosha', '2017-10-21 00:00:00', 'Minnesota', 9, 5, 0, 0, 1);
INSERT INTO ATTENDS VALUES ('Thabo Sefolosha', '2017-10-22 01:00:00', 'Utah', 4, 4, 1, 0, 3);
INSERT INTO ATTENDS VALUES ('Thabo Sefolosha', '2017-10-25 02:30:00', 'LA', 11, 12, 1, 0, 0);
INSERT INTO ATTENDS VALUES ('Thabo Sefolosha', '2017-10-26 02:00:00', 'Phoenix', 4, 2, 0, 0, 0);
INSERT INTO ATTENDS VALUES ('Thabo Sefolosha', '2017-10-29 01:00:00', 'Utah', 4, 5, 0, 1, 0);
INSERT INTO ATTENDS VALUES ('Thabo Sefolosha', '2017-10-31 01:00:00', 'Utah', 11, 2, 0, 0, 1);
INSERT INTO PLAYERHAS VALUES ('Rudy Gay', 'USA', 31, 22, 'San Antonio Spurs');
INSERT INTO CAREER VALUES ('Rudy Gay', 0, 0, '2006/1/8');
INSERT INTO ATTENDS VALUES ('Rudy Gay', '2017-10-03 02:00:00', 'Sacramento', 0, 0, 0, 0, 0);
INSERT INTO ATTENDS VALUES ('Rudy Gay', '2017-10-07 00:30:00', 'San Antonio', 4, 3, 1, 0, 0);
INSERT INTO ATTENDS VALUES ('Rudy Gay', '2017-10-08 20:00:00', 'San Antonio', 11, 3, 1, 0, 1);
INSERT INTO ATTENDS VALUES ('Rudy Gay', '2017-10-11 00:30:00', 'San Antonio', 13, 7, 4, 0, 1);
INSERT INTO ATTENDS VALUES ('Rudy Gay', '2017-10-14 00:00:00', 'Houston', 14, 7, 3, 0, 1);
INSERT INTO ATTENDS VALUES ('Rudy Gay', '2017-10-19 01:30:00', 'San Antonio', 14, 5, 2, 0, 1);
INSERT INTO ATTENDS VALUES ('Rudy Gay', '2017-10-22 00:00:00', 'Chicago', 12, 3, 1, 0, 2);
INSERT INTO ATTENDS VALUES ('Rudy Gay', '2017-10-24 00:30:00', 'San Antonio', 11, 5, 0, 1, 1);
INSERT INTO ATTENDS VALUES ('Rudy Gay', '2017-10-26 00:00:00', 'Miami', 22, 3, 4, 0, 2);
INSERT INTO ATTENDS VALUES ('Rudy Gay', '2017-10-27 23:00:00', 'Orlando', 2, 7, 4, 4, 0);
INSERT INTO ATTENDS VALUES ('Rudy Gay', '2017-10-29 20:30:00', 'Indiana', 10, 6, 2, 0, 2);
INSERT INTO ATTENDS VALUES ('Rudy Gay', '2017-10-30 23:30:00', 'Boston', 14, 3, 0, 1, 0);
INSERT INTO PLAYERHAS VALUES ('Kelly Olynyk', 'Canada', 27, 9, 'Miami Heat');
INSERT INTO CAREER VALUES ('Kelly Olynyk', 0, 0, '2013/1/13');
INSERT INTO ATTENDS VALUES ('Kelly Olynyk', '2017-10-01 22:00:00', 'Miami', 9, 8, 5, 0, 1);
INSERT INTO ATTENDS VALUES ('Kelly Olynyk', '2017-10-05 23:30:00', 'Brooklyn', 7, 7, 0, 3, 1);
INSERT INTO ATTENDS VALUES ('Kelly Olynyk', '2017-10-07 23:00:00', 'Orlando', 2, 7, 4, 0, 4);
INSERT INTO ATTENDS VALUES ('Kelly Olynyk', '2017-10-09 23:30:00', 'Miami', 13, 12, 4, 2, 2);
INSERT INTO ATTENDS VALUES ('Kelly Olynyk', '2017-10-11 23:30:00', 'Miami', 8, 7, 4, 0, 0);
INSERT INTO ATTENDS VALUES ('Kelly Olynyk', '2017-10-14 00:30:00', 'Philadelphia', 0, 4, 2, 0, 0);
INSERT INTO ATTENDS VALUES ('Kelly Olynyk', '2017-10-18 23:00:00', 'Orlando', 10, 5, 3, 0, 0);
INSERT INTO ATTENDS VALUES ('Kelly Olynyk', '2017-10-22 00:00:00', 'Miami', 13, 9, 4, 1, 2);
INSERT INTO ATTENDS VALUES ('Kelly Olynyk', '2017-10-23 23:30:00', 'Miami', 10, 10, 4, 1, 2);
INSERT INTO ATTENDS VALUES ('Kelly Olynyk', '2017-10-26 00:00:00', 'Miami', 5, 2, 1, 0, 0);
INSERT INTO ATTENDS VALUES ('Kelly Olynyk', '2017-10-29 00:00:00', 'Miami', 14, 9, 1, 3, 1);
INSERT INTO ATTENDS VALUES ('Kelly Olynyk', '2017-10-30 23:30:00', 'Miami', 23, 6, 2, 0, 0);
INSERT INTO PLAYERHAS VALUES ('Lorenzo Brown', 'USA', 27, 4, 'Toronto Raptors');
INSERT INTO CAREER VALUES ('Lorenzo Brown', 0, 0, '2013/2/52');
INSERT INTO ATTENDS VALUES ('Lorenzo Brown', '2017-10-02 02:00:00', 'Toronto', 0, 0, 0, 0, 0);
INSERT INTO ATTENDS VALUES ('Lorenzo Brown', '2017-10-04 05:00:00', 'LA', 2, 4, 2, 0, 0);
INSERT INTO ATTENDS VALUES ('Lorenzo Brown', '2017-10-06 02:00:00', 'Portland', 2, 0, 0, 0, 0);
INSERT INTO ATTENDS VALUES ('Lorenzo Brown', '2017-10-10 23:00:00', 'Toronto', 0, 0, 0, 0, 0);
INSERT INTO ATTENDS VALUES ('Lorenzo Brown', '2017-10-14 00:00:00', 'Chicago', 0, 1, 4, 0, 0);
INSERT INTO PLAYERHAS VALUES ('Kentavious Caldwell-Pope', 'USA', 25, 1, 'Los Angeles Lakers');
INSERT INTO CAREER VALUES ('Kentavious Caldwell-Pope', 0, 0, '2013/1/8');
INSERT INTO ATTENDS VALUES ('Kentavious Caldwell-Pope', '2017-10-01 02:00:00', 'Los Angeles', 4, 3, 1, 0, 2);
INSERT INTO ATTENDS VALUES ('Kentavious Caldwell-Pope', '2017-10-03 02:30:00', 'Los Angeles', 15, 4, 4, 1, 3);
INSERT INTO ATTENDS VALUES ('Kentavious Caldwell-Pope', '2017-10-05 02:00:00', 'Los Angeles', 11, 2, 0, 0, 1);
INSERT INTO ATTENDS VALUES ('Kentavious Caldwell-Pope', '2017-10-09 01:00:00', 'Los Angeles', 5, 5, 2, 0, 0);
INSERT INTO ATTENDS VALUES ('Kentavious Caldwell-Pope', '2017-10-11 02:30:00', 'Los Angeles', 4, 4, 2, 0, 0);
INSERT INTO ATTENDS VALUES ('Kentavious Caldwell-Pope', '2017-10-14 02:30:00', 'LA', 9, 6, 5, 0, 3);
INSERT INTO ATTENDS VALUES ('Kentavious Caldwell-Pope', '2017-10-20 02:30:00', 'Los Angeles', 0, 0, 0, 0, 0);
INSERT INTO ATTENDS VALUES ('Kentavious Caldwell-Pope', '2017-10-21 02:00:00', 'Phoenix', 0, 0, 0, 0, 0);
INSERT INTO ATTENDS VALUES ('Kentavious Caldwell-Pope', '2017-10-23 01:30:00', 'Los Angeles', 20, 2, 1, 1, 2);
INSERT INTO ATTENDS VALUES ('Kentavious Caldwell-Pope', '2017-10-26 02:30:00', 'Los Angeles', 14, 6, 5, 0, 2);
INSERT INTO ATTENDS VALUES ('Kentavious Caldwell-Pope', '2017-10-28 02:30:00', 'Los Angeles', 2, 7, 2, 0, 0);
INSERT INTO ATTENDS VALUES ('Kentavious Caldwell-Pope', '2017-10-29 01:00:00', 'Utah', 7, 3, 1, 0, 2);
INSERT INTO ATTENDS VALUES ('Kentavious Caldwell-Pope', '2017-11-01 02:30:00', 'Los Angeles', 13, 6, 2, 0, 1);
INSERT INTO PLAYERHAS VALUES ('Michael Carter-Williams', 'USA', 26, 10, 'Charlotte Hornets');
INSERT INTO CAREER VALUES ('Michael Carter-Williams', 0, 0, '2013/1/11');
INSERT INTO ATTENDS VALUES ('Michael Carter-Williams', '2017-10-02 23:30:00', 'Boston', 0, 0, 0, 0, 0);
INSERT INTO ATTENDS VALUES ('Michael Carter-Williams', '2017-10-09 23:30:00', 'Miami', 0, 0, 0, 0, 0);
INSERT INTO ATTENDS VALUES ('Michael Carter-Williams', '2017-10-11 23:00:00', 'Charlotte', 0, 0, 0, 0, 0);
INSERT INTO ATTENDS VALUES ('Michael Carter-Williams', '2017-10-13 22:00:00', 'Charlotte', 0, 0, 0, 0, 0);
INSERT INTO ATTENDS VALUES ('Michael Carter-Williams', '2017-10-18 23:00:00', 'Detroit', 0, 0, 0, 0, 0);
INSERT INTO ATTENDS VALUES ('Michael Carter-Williams', '2017-10-20 23:00:00', 'Charlotte', 0, 0, 0, 0, 0);
INSERT INTO PLAYERHAS VALUES ('Mason Plumlee', 'USA', 28, 24, 'Denver Nuggets');
INSERT INTO CAREER VALUES ('Mason Plumlee', 0, 0, '2013/1/22');
INSERT INTO ATTENDS VALUES ('Mason Plumlee', '2017-10-01 00:30:00', 'Golden State', 12, 10, 0, 0, 1);
INSERT INTO ATTENDS VALUES ('Mason Plumlee', '2017-10-03 02:30:00', 'Los Angeles', 7, 5, 1, 0, 1);
INSERT INTO ATTENDS VALUES ('Mason Plumlee', '2017-10-05 02:00:00', 'Los Angeles', 13, 14, 6, 1, 0);
INSERT INTO ATTENDS VALUES ('Mason Plumlee', '2017-10-08 20:00:00', 'San Antonio', 11, 4, 2, 0, 0);
INSERT INTO ATTENDS VALUES ('Mason Plumlee', '2017-10-11 01:00:00', 'Denver', 0, 5, 3, 3, 0);
INSERT INTO ATTENDS VALUES ('Mason Plumlee', '2017-10-19 01:00:00', 'Utah', 6, 2, 2, 1, 0);
INSERT INTO ATTENDS VALUES ('Mason Plumlee', '2017-10-22 01:00:00', 'Denver', 6, 3, 1, 0, 0);
INSERT INTO ATTENDS VALUES ('Mason Plumlee', '2017-10-24 01:00:00', 'Denver', 5, 3, 0, 1, 1);
INSERT INTO ATTENDS VALUES ('Mason Plumlee', '2017-10-25 23:00:00', 'Charlotte', 8, 10, 0, 0, 3);
INSERT INTO ATTENDS VALUES ('Mason Plumlee', '2017-10-27 23:30:00', 'Atlanta', 9, 5, 6, 3, 1);
INSERT INTO ATTENDS VALUES ('Mason Plumlee', '2017-10-29 22:00:00', 'Brooklyn', 10, 7, 0, 0, 0);
INSERT INTO ATTENDS VALUES ('Mason Plumlee', '2017-10-30 23:30:00', 'New York', 2, 3, 2, 1, 0);
INSERT INTO PLAYERHAS VALUES ('Mike Muscala', 'USA', 26, 31, 'Atlanta Hawks');
INSERT INTO CAREER VALUES ('Mike Muscala', 0, 0, '2013/2/44');
INSERT INTO ATTENDS VALUES ('Mike Muscala', '2017-10-01 22:00:00', 'Miami', 4, 4, 1, 0, 0);
INSERT INTO ATTENDS VALUES ('Mike Muscala', '2017-10-04 23:00:00', 'Cleveland', 0, 2, 1, 0, 0);
INSERT INTO ATTENDS VALUES ('Mike Muscala', '2017-10-06 23:00:00', 'Detroit', 4, 4, 1, 0, 0);
INSERT INTO ATTENDS VALUES ('Mike Muscala', '2017-10-09 23:30:00', 'Atlanta', 12, 4, 0, 1, 0);
INSERT INTO ATTENDS VALUES ('Mike Muscala', '2017-10-12 23:30:00', 'Atlanta', 8, 2, 1, 0, 1);
INSERT INTO ATTENDS VALUES ('Mike Muscala', '2017-10-19 00:30:00', 'Dallas', 4, 4, 2, 0, 0);
INSERT INTO ATTENDS VALUES ('Mike Muscala', '2017-10-20 23:00:00', 'Charlotte', 9, 4, 0, 0, 1);
INSERT INTO ATTENDS VALUES ('Mike Muscala', '2017-10-22 19:30:00', 'Brooklyn', 8, 6, 1, 0, 0);
INSERT INTO ATTENDS VALUES ('Mike Muscala', '2017-10-23 23:30:00', 'Miami', 5, 4, 0, 0, 0);
INSERT INTO ATTENDS VALUES ('Mike Muscala', '2017-10-27 00:00:00', 'Chicago', 14, 10, 4, 1, 1);
INSERT INTO ATTENDS VALUES ('Mike Muscala', '2017-10-27 23:30:00', 'Atlanta', 4, 3, 1, 1, 1);
INSERT INTO ATTENDS VALUES ('Mike Muscala', '2017-10-29 19:30:00', 'Atlanta', 10, 2, 1, 1, 0);
